destination_stem,domain,source_image,source_label,repeat_index,plate_boxes
npds_00001_V_P_I_309_jpg.rf.1874693786ba0fa1b358b02dda385a8f,npds,/home/divya/projects/IndianANPR/data/processed/npds_leakage_safe/images/train/V_P_I_309_jpg.rf.1874693786ba0fa1b358b02dda385a8f.jpg,/home/divya/projects/IndianANPR/data/processed/npds_leakage_safe/labels/train/V_P_I_309_jpg.rf.1874693786ba0fa1b358b02dda385a8f.txt,0,1
npds_00002_V_P_I_1378_jpg.rf.d016d2a50a285d46d040de3e60abfadf,npds,/home/divya/projects/IndianANPR/data/processed/npds_leakage_safe/images/train/V_P_I_1378_jpg.rf.d016d2a50a285d46d040de3e60abfadf.jpg,/home/divya/projects/IndianANPR/data/processed/npds_leakage_safe/labels/train/V_P_I_1378_jpg.rf.d016d2a50a285d46d040de3e60abfadf.txt,0,1
npds_00003_V_P_I_1080_jpg.rf.733cac9c9c0a629d491d5f4e24f61f9a,npds,/home/divya/projects/IndianANPR/data/processed/npds_leakage_safe/images/train/V_P_I_1080_jpg.rf.733cac9c9c0a629d491d5f4e24f61f9a.jpg,/home/divya/projects/IndianANPR/data/processed/npds_leakage_safe/labels/train/V_P_I_1080_jpg.rf.733cac9c9c0a629d491d5f4e24f61f9a.txt,0,1
npds_00004_V_P_I_3468_jpeg_jpg.rf.5ac2e70be81ed19ff7e46568c5304a3d,npds,/home/divya/projects/IndianANPR/data/processed/npds_leakage_safe/images/train/V_P_I_3468_jpeg_jpg.rf.5ac2e70be81ed19ff7e46568c5304a3d.jpg,/home/divya/projects/IndianANPR/data/processed/npds_leakage_safe/labels/train/V_P_I_3468_jpeg_jpg.rf.5ac2e70be81ed19ff7e46568c5304a3d.txt,0,1
npds_00005_V_P_I_1915_jpg.rf.ac713d8c10f2313524ebebe51a2926c5,npds,/home/divya/projects/IndianANPR/data/processed/npds_leakage_safe/images/train/V_P_I_1915_jpg.rf.ac713d8c10f2313524ebebe51a2926c5.jpg,/home/divya/projects/IndianANPR/data/processed/npds_leakage_safe/labels/train/V_P_I_1915_jpg.rf.ac713d8c10f2313524ebebe51a2926c5.txt,0,1
npds_00006_V_P_I_1805_jpg.rf.0706149d3ed280c610bdf0e855faf6bd,npds,/home/divya/projects/IndianANPR/data/processed/npds_leakage_safe/images/train/V_P_I_1805_jpg.rf.0706149d3ed280c610bdf0e855faf6bd.jpg,/home/divya/projects/IndianANPR/data/processed/npds_leakage_safe/labels/train/V_P_I_1805_jpg.rf.0706149d3ed280c610bdf0e855faf6bd.txt,0,1
npds_00007_V_P_I_1733_jpg.rf.450b2eddbd98c4315649a3a78271fa98,npds,/home/divya/projects/IndianANPR/data/processed/npds_leakage_safe/images/train/V_P_I_1733_jpg.rf.450b2eddbd98c4315649a3a78271fa98.jpg,/home/divya/projects/IndianANPR/data/processed/npds_leakage_safe/labels/train/V_P_I_1733_jpg.rf.450b2eddbd98c4315649a3a78271fa98.txt,0,1
npds_00008_V_P_I_1465_jpg.rf.39fd53ac11b8f414afb908166509d677,npds,/home/divya/projects/IndianANPR/data/processed/npds_leakage_safe/images/train/V_P_I_1465_jpg.rf.39fd53ac11b8f414afb908166509d677.jpg,/home/divya/projects/IndianANPR/data/processed/npds_leakage_safe/labels/train/V_P_I_1465_jpg.rf.39fd53ac11b8f414afb908166509d677.txt,0,1
npds_00009_V_P_I_3448_jpeg_jpg.rf.7bff01f83151c4b14577a84f54e7f166,npds,/home/divya/projects/IndianANPR/data/processed/npds_leakage_safe/images/train/V_P_I_3448_jpeg_jpg.rf.7bff01f83151c4b14577a84f54e7f166.jpg,/home/divya/projects/IndianANPR/data/processed/npds_leakage_safe/labels/train/V_P_I_3448_jpeg_jpg.rf.7bff01f83151c4b14577a84f54e7f166.txt,0,2
npds_00010_V_P_I_1345_jpg.rf.6d7ba6fab9bb8b99821f1adc136cc7a5,npds,/home/divya/projects/IndianANPR/data/processed/npds_leakage_safe/images/train/V_P_I_1345_jpg.rf.6d7ba6fab9bb8b99821f1adc136cc7a5.jpg,/home/divya/projects/IndianANPR/data/processed/npds_leakage_safe/labels/train/V_P_I_1345_jpg.rf.6d7ba6fab9bb8b99821f1adc136cc7a5.txt,0,1
npds_00011_V_P_I_321_jpg.rf.5ce1a8630386659fc3ead9e5640a6e2d,npds,/home/divya/projects/IndianANPR/data/processed/npds_leakage_safe/images/train/V_P_I_321_jpg.rf.5ce1a8630386659fc3ead9e5640a6e2d.jpg,/home/divya/projects/IndianANPR/data/processed/npds_leakage_safe/labels/train/V_P_I_321_jpg.rf.5ce1a8630386659fc3ead9e5640a6e2d.txt,0,1
npds_00012_V_P_I_3464_jpeg_jpg.rf.0ca804eeb28197faef594cfabb869aa6,npds,/home/divya/projects/IndianANPR/data/processed/npds_leakage_safe/images/train/V_P_I_3464_jpeg_jpg.rf.0ca804eeb28197faef594cfabb869aa6.jpg,/home/divya/projects/IndianANPR/data/processed/npds_leakage_safe/labels/train/V_P_I_3464_jpeg_jpg.rf.0ca804eeb28197faef594cfabb869aa6.txt,0,1
npds_00013_V_P_I_82_jpg.rf.e4e5b60a0688cfc6261d00d650b0cc8c,npds,/home/divya/projects/IndianANPR/data/processed/npds_leakage_safe/images/train/V_P_I_82_jpg.rf.e4e5b60a0688cfc6261d00d650b0cc8c.jpg,/home/divya/projects/IndianANPR/data/processed/npds_leakage_safe/labels/train/V_P_I_82_jpg.rf.e4e5b60a0688cfc6261d00d650b0cc8c.txt,0,1
npds_00014_V_P_I_280_jpg.rf.f16cf79bf9812c694c56deb0ca37e66b,npds,/home/divya/projects/IndianANPR/data/processed/npds_leakage_safe/images/train/V_P_I_280_jpg.rf.f16cf79bf9812c694c56deb0ca37e66b.jpg,/home/divya/projects/IndianANPR/data/processed/npds_leakage_safe/labels/train/V_P_I_280_jpg.rf.f16cf79bf9812c694c56deb0ca37e66b.txt,0,1
npds_00015_V_P_I_1296_jpg.rf.9b722eea988d2585601bc89f6a6e2ce5,npds,/home/divya/projects/IndianANPR/data/processed/npds_leakage_safe/images/train/V_P_I_1296_jpg.rf.9b722eea988d2585601bc89f6a6e2ce5.jpg,/home/divya/projects/IndianANPR/data/processed/npds_leakage_safe/labels/train/V_P_I_1296_jpg.rf.9b722eea988d2585601bc89f6a6e2ce5.txt,0,1
npds_00016_V_P_I_2949_jpg.rf.da9f7c6fcb8ab5451d7bc04f03191bec,npds,/home/divya/projects/IndianANPR/data/processed/npds_leakage_safe/images/train/V_P_I_2949_jpg.rf.da9f7c6fcb8ab5451d7bc04f03191bec.jpg,/home/divya/projects/IndianANPR/data/processed/npds_leakage_safe/labels/train/V_P_I_2949_jpg.rf.da9f7c6fcb8ab5451d7bc04f03191bec.txt,0,1
npds_00017_V_P_I_2411_jpg.rf.4ba720a37184527c55ec265b098d5a0e,npds,/home/divya/projects/IndianANPR/data/processed/npds_leakage_safe/images/train/V_P_I_2411_jpg.rf.4ba720a37184527c55ec265b098d5a0e.jpg,/home/divya/projects/IndianANPR/data/processed/npds_leakage_safe/labels/train/V_P_I_2411_jpg.rf.4ba720a37184527c55ec265b098d5a0e.txt,0,1
npds_00018_V_P_I_1104_jpg.rf.c63164f28136725208fe85586475c856,npds,/home/divya/projects/IndianANPR/data/processed/npds_leakage_safe/images/train/V_P_I_1104_jpg.rf.c63164f28136725208fe85586475c856.jpg,/home/divya/projects/IndianANPR/data/processed/npds_leakage_safe/labels/train/V_P_I_1104_jpg.rf.c63164f28136725208fe85586475c856.txt,0,1
npds_00019_V_P_I_1097_jpg.rf.b703ca5d11163647406df3946177afeb,npds,/home/divya/projects/IndianANPR/data/processed/npds_leakage_safe/images/train/V_P_I_1097_jpg.rf.b703ca5d11163647406df3946177afeb.jpg,/home/divya/projects/IndianANPR/data/processed/npds_leakage_safe/labels/train/V_P_I_1097_jpg.rf.b703ca5d11163647406df3946177afeb.txt,0,1
npds_00020_V_P_I_1317_jpg.rf.bea45f4299c8751fbdcf80f4de87a151,npds,/home/divya/projects/IndianANPR/data/processed/npds_leakage_safe/images/train/V_P_I_1317_jpg.rf.bea45f4299c8751fbdcf80f4de87a151.jpg,/home/divya/projects/IndianANPR/data/processed/npds_leakage_safe/labels/train/V_P_I_1317_jpg.rf.bea45f4299c8751fbdcf80f4de87a151.txt,0,1
npds_00021_V_P_I_1712_jpg.rf.e1d8293ac0cb736e5e6f2bae36a16071,npds,/home/divya/projects/IndianANPR/data/processed/npds_leakage_safe/images/train/V_P_I_1712_jpg.rf.e1d8293ac0cb736e5e6f2bae36a16071.jpg,/home/divya/projects/IndianANPR/data/processed/npds_leakage_safe/labels/train/V_P_I_1712_jpg.rf.e1d8293ac0cb736e5e6f2bae36a16071.txt,0,1
npds_00022_V_P_I_1765_jpg.rf.5a4d01a789120dfb46901489ab387c7e,npds,/home/divya/projects/IndianANPR/data/processed/npds_leakage_safe/images/train/V_P_I_1765_jpg.rf.5a4d01a789120dfb46901489ab387c7e.jpg,/home/divya/projects/IndianANPR/data/processed/npds_leakage_safe/labels/train/V_P_I_1765_jpg.rf.5a4d01a789120dfb46901489ab387c7e.txt,0,1
npds_00023_V_P_I_2687_jpg.rf.2c9a8c142694d5de3ff0ea3ded4845d2,npds,/home/divya/projects/IndianANPR/data/processed/npds_leakage_safe/images/train/V_P_I_2687_jpg.rf.2c9a8c142694d5de3ff0ea3ded4845d2.jpg,/home/divya/projects/IndianANPR/data/processed/npds_leakage_safe/labels/train/V_P_I_2687_jpg.rf.2c9a8c142694d5de3ff0ea3ded4845d2.txt,0,1
npds_00024_V_P_I_2986_jpg.rf.29fc41308fb8f7d55b9eb854371a033b,npds,/home/divya/projects/IndianANPR/data/processed/npds_leakage_safe/images/train/V_P_I_2986_jpg.rf.29fc41308fb8f7d55b9eb854371a033b.jpg,/home/divya/projects/IndianANPR/data/processed/npds_leakage_safe/labels/train/V_P_I_2986_jpg.rf.29fc41308fb8f7d55b9eb854371a033b.txt,0,1
npds_00025_V_P_I_1083_jpg.rf.dbf1a6b152521856849ae9531544a7c7,npds,/home/divya/projects/IndianANPR/data/processed/npds_leakage_safe/images/train/V_P_I_1083_jpg.rf.dbf1a6b152521856849ae9531544a7c7.jpg,/home/divya/projects/IndianANPR/data/processed/npds_leakage_safe/labels/train/V_P_I_1083_jpg.rf.dbf1a6b152521856849ae9531544a7c7.txt,0,2
npds_00026_V_P_I_2857_jpg.rf.54dba431b3aa8430fd1168560e36036e,npds,/home/divya/projects/IndianANPR/data/processed/npds_leakage_safe/images/train/V_P_I_2857_jpg.rf.54dba431b3aa8430fd1168560e36036e.jpg,/home/divya/projects/IndianANPR/data/processed/npds_leakage_safe/labels/train/V_P_I_2857_jpg.rf.54dba431b3aa8430fd1168560e36036e.txt,0,1
npds_00027_V_P_I_1656_jpg.rf.6668881b9783b4f1cb1bf8fd661dfb5f,npds,/home/divya/projects/IndianANPR/data/processed/npds_leakage_safe/images/train/V_P_I_1656_jpg.rf.6668881b9783b4f1cb1bf8fd661dfb5f.jpg,/home/divya/projects/IndianANPR/data/processed/npds_leakage_safe/labels/train/V_P_I_1656_jpg.rf.6668881b9783b4f1cb1bf8fd661dfb5f.txt,0,1
npds_00028_V_P_I_3375_jpg.rf.c06a86af1e16a346cf5089031c525bde,npds,/home/divya/projects/IndianANPR/data/processed/npds_leakage_safe/images/train/V_P_I_3375_jpg.rf.c06a86af1e16a346cf5089031c525bde.jpg,/home/divya/projects/IndianANPR/data/processed/npds_leakage_safe/labels/train/V_P_I_3375_jpg.rf.c06a86af1e16a346cf5089031c525bde.txt,0,1
npds_00029_V_P_I_3135_jpg.rf.7aa563c8c8bcdc1bc6b38a9eb1006728,npds,/home/divya/projects/IndianANPR/data/processed/npds_leakage_safe/images/train/V_P_I_3135_jpg.rf.7aa563c8c8bcdc1bc6b38a9eb1006728.jpg,/home/divya/projects/IndianANPR/data/processed/npds_leakage_safe/labels/train/V_P_I_3135_jpg.rf.7aa563c8c8bcdc1bc6b38a9eb1006728.txt,0,1
npds_00030_V_P_I_3325_jpg.rf.3d2dc30fa8022512d622bddc8ac16102,npds,/home/divya/projects/IndianANPR/data/processed/npds_leakage_safe/images/train/V_P_I_3325_jpg.rf.3d2dc30fa8022512d622bddc8ac16102.jpg,/home/divya/projects/IndianANPR/data/processed/npds_leakage_safe/labels/train/V_P_I_3325_jpg.rf.3d2dc30fa8022512d622bddc8ac16102.txt,0,1
npds_00031_V_P_I_280_jpg.rf.2fa8a87fb75a2968c7cae31e2ac2b178,npds,/home/divya/projects/IndianANPR/data/processed/npds_leakage_safe/images/train/V_P_I_280_jpg.rf.2fa8a87fb75a2968c7cae31e2ac2b178.jpg,/home/divya/projects/IndianANPR/data/processed/npds_leakage_safe/labels/train/V_P_I_280_jpg.rf.2fa8a87fb75a2968c7cae31e2ac2b178.txt,0,1
npds_00032_V_P_I_2401_jpg.rf.b4484227ca870040c40c715243a252e9,npds,/home/divya/projects/IndianANPR/data/processed/npds_leakage_safe/images/train/V_P_I_2401_jpg.rf.b4484227ca870040c40c715243a252e9.jpg,/home/divya/projects/IndianANPR/data/processed/npds_leakage_safe/labels/train/V_P_I_2401_jpg.rf.b4484227ca870040c40c715243a252e9.txt,0,1
npds_00033_V_P_I_171_jpg.rf.ac5be4f76c13d50c9c1ae5c9a5f1c302,npds,/home/divya/projects/IndianANPR/data/processed/npds_leakage_safe/images/train/V_P_I_171_jpg.rf.ac5be4f76c13d50c9c1ae5c9a5f1c302.jpg,/home/divya/projects/IndianANPR/data/processed/npds_leakage_safe/labels/train/V_P_I_171_jpg.rf.ac5be4f76c13d50c9c1ae5c9a5f1c302.txt,0,1
npds_00034_V_P_I_2495_jpg.rf.4796220d2e3ca98c1f7088adc3af09aa,npds,/home/divya/projects/IndianANPR/data/processed/npds_leakage_safe/images/train/V_P_I_2495_jpg.rf.4796220d2e3ca98c1f7088adc3af09aa.jpg,/home/divya/projects/IndianANPR/data/processed/npds_leakage_safe/labels/train/V_P_I_2495_jpg.rf.4796220d2e3ca98c1f7088adc3af09aa.txt,0,1
npds_00035_V_P_I_2947_jpg.rf.6e70dc02bfd23adc96bbff4251b511e2,npds,/home/divya/projects/IndianANPR/data/processed/npds_leakage_safe/images/train/V_P_I_2947_jpg.rf.6e70dc02bfd23adc96bbff4251b511e2.jpg,/home/divya/projects/IndianANPR/data/processed/npds_leakage_safe/labels/train/V_P_I_2947_jpg.rf.6e70dc02bfd23adc96bbff4251b511e2.txt,0,1
npds_00036_V_P_I_1924_jpg.rf.33bd11dea8d1496d0b62450ab45bcd4b,npds,/home/divya/projects/IndianANPR/data/processed/npds_leakage_safe/images/train/V_P_I_1924_jpg.rf.33bd11dea8d1496d0b62450ab45bcd4b.jpg,/home/divya/projects/IndianANPR/data/processed/npds_leakage_safe/labels/train/V_P_I_1924_jpg.rf.33bd11dea8d1496d0b62450ab45bcd4b.txt,0,1
npds_00037_V_P_I_532_jpg.rf.f044f45203f457159726586f60522e03,npds,/home/divya/projects/IndianANPR/data/processed/npds_leakage_safe/images/train/V_P_I_532_jpg.rf.f044f45203f457159726586f60522e03.jpg,/home/divya/projects/IndianANPR/data/processed/npds_leakage_safe/labels/train/V_P_I_532_jpg.rf.f044f45203f457159726586f60522e03.txt,0,1
npds_00038_V_P_I_743_jpg.rf.2b7d41afaf7a60960f46f1c8875f29ba,npds,/home/divya/projects/IndianANPR/data/processed/npds_leakage_safe/images/train/V_P_I_743_jpg.rf.2b7d41afaf7a60960f46f1c8875f29ba.jpg,/home/divya/projects/IndianANPR/data/processed/npds_leakage_safe/labels/train/V_P_I_743_jpg.rf.2b7d41afaf7a60960f46f1c8875f29ba.txt,0,1
npds_00039_V_P_I_1027_jpg.rf.24b2a65ef3cf0589ee025639c1520933,npds,/home/divya/projects/IndianANPR/data/processed/npds_leakage_safe/images/train/V_P_I_1027_jpg.rf.24b2a65ef3cf0589ee025639c1520933.jpg,/home/divya/projects/IndianANPR/data/processed/npds_leakage_safe/labels/train/V_P_I_1027_jpg.rf.24b2a65ef3cf0589ee025639c1520933.txt,0,1
npds_00040_V_P_I_353_jpg.rf.0d9b03942ca6338a841090fa3f504e6f,npds,/home/divya/projects/IndianANPR/data/processed/npds_leakage_safe/images/train/V_P_I_353_jpg.rf.0d9b03942ca6338a841090fa3f504e6f.jpg,/home/divya/projects/IndianANPR/data/processed/npds_leakage_safe/labels/train/V_P_I_353_jpg.rf.0d9b03942ca6338a841090fa3f504e6f.txt,0,1
npds_00041_V_P_I_519_jpg.rf.f91c6e0745dd9f2da2a81c34ea83147f,npds,/home/divya/projects/IndianANPR/data/processed/npds_leakage_safe/images/train/V_P_I_519_jpg.rf.f91c6e0745dd9f2da2a81c34ea83147f.jpg,/home/divya/projects/IndianANPR/data/processed/npds_leakage_safe/labels/train/V_P_I_519_jpg.rf.f91c6e0745dd9f2da2a81c34ea83147f.txt,0,1
npds_00042_V_P_I_1528_jpg.rf.c1897cdb9025e3c07feade921f71ad59,npds,/home/divya/projects/IndianANPR/data/processed/npds_leakage_safe/images/train/V_P_I_1528_jpg.rf.c1897cdb9025e3c07feade921f71ad59.jpg,/home/divya/projects/IndianANPR/data/processed/npds_leakage_safe/labels/train/V_P_I_1528_jpg.rf.c1897cdb9025e3c07feade921f71ad59.txt,0,1
npds_00043_V_P_I_3314_jpg.rf.931a15888fd67dd5fdd4fc8e13854ccf,npds,/home/divya/projects/IndianANPR/data/processed/npds_leakage_safe/images/train/V_P_I_3314_jpg.rf.931a15888fd67dd5fdd4fc8e13854ccf.jpg,/home/divya/projects/IndianANPR/data/processed/npds_leakage_safe/labels/train/V_P_I_3314_jpg.rf.931a15888fd67dd5fdd4fc8e13854ccf.txt,0,1
npds_00044_V_P_I_2413_jpg.rf.80fdf4fac512bc828aefc0aa5e353770,npds,/home/divya/projects/IndianANPR/data/processed/npds_leakage_safe/images/train/V_P_I_2413_jpg.rf.80fdf4fac512bc828aefc0aa5e353770.jpg,/home/divya/projects/IndianANPR/data/processed/npds_leakage_safe/labels/train/V_P_I_2413_jpg.rf.80fdf4fac512bc828aefc0aa5e353770.txt,0,1
npds_00045_V_P_I_2145_jpg.rf.3e098fb02ec010347e339a61242fd5a9,npds,/home/divya/projects/IndianANPR/data/processed/npds_leakage_safe/images/train/V_P_I_2145_jpg.rf.3e098fb02ec010347e339a61242fd5a9.jpg,/home/divya/projects/IndianANPR/data/processed/npds_leakage_safe/labels/train/V_P_I_2145_jpg.rf.3e098fb02ec010347e339a61242fd5a9.txt,0,1
npds_00046_V_P_I_1923_jpg.rf.e0f1f3ff27848cd5f4e1b7ea3d75a75e,npds,/home/divya/projects/IndianANPR/data/processed/npds_leakage_safe/images/train/V_P_I_1923_jpg.rf.e0f1f3ff27848cd5f4e1b7ea3d75a75e.jpg,/home/divya/projects/IndianANPR/data/processed/npds_leakage_safe/labels/train/V_P_I_1923_jpg.rf.e0f1f3ff27848cd5f4e1b7ea3d75a75e.txt,0,1
npds_00047_V_P_I_1514_jpg.rf.b23b33fc333bd7496a67d33b3dfd90cc,npds,/home/divya/projects/IndianANPR/data/processed/npds_leakage_safe/images/train/V_P_I_1514_jpg.rf.b23b33fc333bd7496a67d33b3dfd90cc.jpg,/home/divya/projects/IndianANPR/data/processed/npds_leakage_safe/labels/train/V_P_I_1514_jpg.rf.b23b33fc333bd7496a67d33b3dfd90cc.txt,0,1
npds_00048_V_P_I_1702_jpg.rf.c961abd9caee2c52a1dc85027f0158cd,npds,/home/divya/projects/IndianANPR/data/processed/npds_leakage_safe/images/train/V_P_I_1702_jpg.rf.c961abd9caee2c52a1dc85027f0158cd.jpg,/home/divya/projects/IndianANPR/data/processed/npds_leakage_safe/labels/train/V_P_I_1702_jpg.rf.c961abd9caee2c52a1dc85027f0158cd.txt,0,1
npds_00049_V_P_I_36_jpg.rf.b79f2ee6a015ca97ae8b388dbfab20b0,npds,/home/divya/projects/IndianANPR/data/processed/npds_leakage_safe/images/train/V_P_I_36_jpg.rf.b79f2ee6a015ca97ae8b388dbfab20b0.jpg,/home/divya/projects/IndianANPR/data/processed/npds_leakage_safe/labels/train/V_P_I_36_jpg.rf.b79f2ee6a015ca97ae8b388dbfab20b0.txt,0,3
npds_00050_V_P_I_2135_jpg.rf.5b6ca6ccde372722c1c861941253eb0d,npds,/home/divya/projects/IndianANPR/data/processed/npds_leakage_safe/images/train/V_P_I_2135_jpg.rf.5b6ca6ccde372722c1c861941253eb0d.jpg,/home/divya/projects/IndianANPR/data/processed/npds_leakage_safe/labels/train/V_P_I_2135_jpg.rf.5b6ca6ccde372722c1c861941253eb0d.txt,0,1
npds_00051_V_P_I_1344_jpg.rf.cebb04410ef12b102856a5d74ebf1eee,npds,/home/divya/projects/IndianANPR/data/processed/npds_leakage_safe/images/train/V_P_I_1344_jpg.rf.cebb04410ef12b102856a5d74ebf1eee.jpg,/home/divya/projects/IndianANPR/data/processed/npds_leakage_safe/labels/train/V_P_I_1344_jpg.rf.cebb04410ef12b102856a5d74ebf1eee.txt,0,1
npds_00052_V_P_I_1314_jpg.rf.dadcdafff5228b5a0cdc9a8239be4dbf,npds,/home/divya/projects/IndianANPR/data/processed/npds_leakage_safe/images/train/V_P_I_1314_jpg.rf.dadcdafff5228b5a0cdc9a8239be4dbf.jpg,/home/divya/projects/IndianANPR/data/processed/npds_leakage_safe/labels/train/V_P_I_1314_jpg.rf.dadcdafff5228b5a0cdc9a8239be4dbf.txt,0,1
npds_00053_V_P_I_2281_jpg.rf.8ce1dfd2b88c7f0ff17f63d8942c733d,npds,/home/divya/projects/IndianANPR/data/processed/npds_leakage_safe/images/train/V_P_I_2281_jpg.rf.8ce1dfd2b88c7f0ff17f63d8942c733d.jpg,/home/divya/projects/IndianANPR/data/processed/npds_leakage_safe/labels/train/V_P_I_2281_jpg.rf.8ce1dfd2b88c7f0ff17f63d8942c733d.txt,0,1
npds_00054_V_P_I_1327_jpg.rf.9181c44d6b3807bec81cdccfe508510d,npds,/home/divya/projects/IndianANPR/data/processed/npds_leakage_safe/images/train/V_P_I_1327_jpg.rf.9181c44d6b3807bec81cdccfe508510d.jpg,/home/divya/projects/IndianANPR/data/processed/npds_leakage_safe/labels/train/V_P_I_1327_jpg.rf.9181c44d6b3807bec81cdccfe508510d.txt,0,1
npds_00055_V_P_I_2208_jpg.rf.318633882854f89b0c623ecf33f41b3e,npds,/home/divya/projects/IndianANPR/data/processed/npds_leakage_safe/images/train/V_P_I_2208_jpg.rf.318633882854f89b0c623ecf33f41b3e.jpg,/home/divya/projects/IndianANPR/data/processed/npds_leakage_safe/labels/train/V_P_I_2208_jpg.rf.318633882854f89b0c623ecf33f41b3e.txt,0,1
npds_00056_V_P_I_660_jpg.rf.db126c08c4d80e909f273649fabe71a5,npds,/home/divya/projects/IndianANPR/data/processed/npds_leakage_safe/images/train/V_P_I_660_jpg.rf.db126c08c4d80e909f273649fabe71a5.jpg,/home/divya/projects/IndianANPR/data/processed/npds_leakage_safe/labels/train/V_P_I_660_jpg.rf.db126c08c4d80e909f273649fabe71a5.txt,0,1
npds_00057_V_P_I_215_jpg.rf.ffbe1575271f07f5c70d5559da798524,npds,/home/divya/projects/IndianANPR/data/processed/npds_leakage_safe/images/train/V_P_I_215_jpg.rf.ffbe1575271f07f5c70d5559da798524.jpg,/home/divya/projects/IndianANPR/data/processed/npds_leakage_safe/labels/train/V_P_I_215_jpg.rf.ffbe1575271f07f5c70d5559da798524.txt,0,1
npds_00058_V_P_I_298_jpg.rf.acc235dcdfa43bb65220689a3f83487e,npds,/home/divya/projects/IndianANPR/data/processed/npds_leakage_safe/images/train/V_P_I_298_jpg.rf.acc235dcdfa43bb65220689a3f83487e.jpg,/home/divya/projects/IndianANPR/data/processed/npds_leakage_safe/labels/train/V_P_I_298_jpg.rf.acc235dcdfa43bb65220689a3f83487e.txt,0,1
npds_00059_V_P_I_1871_jpg.rf.e6db4bf8cd7086c00b7b0b789998f648,npds,/home/divya/projects/IndianANPR/data/processed/npds_leakage_safe/images/train/V_P_I_1871_jpg.rf.e6db4bf8cd7086c00b7b0b789998f648.jpg,/home/divya/projects/IndianANPR/data/processed/npds_leakage_safe/labels/train/V_P_I_1871_jpg.rf.e6db4bf8cd7086c00b7b0b789998f648.txt,0,1
npds_00060_V_P_I_524_jpg.rf.50764268fce3482fa064d48d03992d66,npds,/home/divya/projects/IndianANPR/data/processed/npds_leakage_safe/images/train/V_P_I_524_jpg.rf.50764268fce3482fa064d48d03992d66.jpg,/home/divya/projects/IndianANPR/data/processed/npds_leakage_safe/labels/train/V_P_I_524_jpg.rf.50764268fce3482fa064d48d03992d66.txt,0,1
npds_00061_V_P_I_1140_jpg.rf.1e999deff10977c2be5a661b1d66594b,npds,/home/divya/projects/IndianANPR/data/processed/npds_leakage_safe/images/train/V_P_I_1140_jpg.rf.1e999deff10977c2be5a661b1d66594b.jpg,/home/divya/projects/IndianANPR/data/processed/npds_leakage_safe/labels/train/V_P_I_1140_jpg.rf.1e999deff10977c2be5a661b1d66594b.txt,0,1
npds_00062_V_P_I_341_jpg.rf.79b8b46b1e82d1163545667f8d521226,npds,/home/divya/projects/IndianANPR/data/processed/npds_leakage_safe/images/train/V_P_I_341_jpg.rf.79b8b46b1e82d1163545667f8d521226.jpg,/home/divya/projects/IndianANPR/data/processed/npds_leakage_safe/labels/train/V_P_I_341_jpg.rf.79b8b46b1e82d1163545667f8d521226.txt,0,1
npds_00063_V_P_I_2527_jpg.rf.d2c7a65cb36028600e836fc7748c1f28,npds,/home/divya/projects/IndianANPR/data/processed/npds_leakage_safe/images/train/V_P_I_2527_jpg.rf.d2c7a65cb36028600e836fc7748c1f28.jpg,/home/divya/projects/IndianANPR/data/processed/npds_leakage_safe/labels/train/V_P_I_2527_jpg.rf.d2c7a65cb36028600e836fc7748c1f28.txt,0,1
npds_00064_V_P_I_2784_jpg.rf.13bc4094e5512a01d65322ccbf14a9f4,npds,/home/divya/projects/IndianANPR/data/processed/npds_leakage_safe/images/train/V_P_I_2784_jpg.rf.13bc4094e5512a01d65322ccbf14a9f4.jpg,/home/divya/projects/IndianANPR/data/processed/npds_leakage_safe/labels/train/V_P_I_2784_jpg.rf.13bc4094e5512a01d65322ccbf14a9f4.txt,0,1
npds_00065_V_P_I_1425_jpg.rf.351a134d7db86b84495c015d9f1a128e,npds,/home/divya/projects/IndianANPR/data/processed/npds_leakage_safe/images/train/V_P_I_1425_jpg.rf.351a134d7db86b84495c015d9f1a128e.jpg,/home/divya/projects/IndianANPR/data/processed/npds_leakage_safe/labels/train/V_P_I_1425_jpg.rf.351a134d7db86b84495c015d9f1a128e.txt,0,1
npds_00066_V_P_I_931_jpg.rf.1080e304bd64995545385e43af92378e,npds,/home/divya/projects/IndianANPR/data/processed/npds_leakage_safe/images/train/V_P_I_931_jpg.rf.1080e304bd64995545385e43af92378e.jpg,/home/divya/projects/IndianANPR/data/processed/npds_leakage_safe/labels/train/V_P_I_931_jpg.rf.1080e304bd64995545385e43af92378e.txt,0,1
npds_00067_V_P_I_2274_jpg.rf.5c4e6fe3582377a85a9989e88f1e7142,npds,/home/divya/projects/IndianANPR/data/processed/npds_leakage_safe/images/train/V_P_I_2274_jpg.rf.5c4e6fe3582377a85a9989e88f1e7142.jpg,/home/divya/projects/IndianANPR/data/processed/npds_leakage_safe/labels/train/V_P_I_2274_jpg.rf.5c4e6fe3582377a85a9989e88f1e7142.txt,0,1
npds_00068_V_P_I_1273_jpg.rf.7306dd20d531aa193979b67a094614a6,npds,/home/divya/projects/IndianANPR/data/processed/npds_leakage_safe/images/train/V_P_I_1273_jpg.rf.7306dd20d531aa193979b67a094614a6.jpg,/home/divya/projects/IndianANPR/data/processed/npds_leakage_safe/labels/train/V_P_I_1273_jpg.rf.7306dd20d531aa193979b67a094614a6.txt,0,1
npds_00069_V_P_I_2834_jpg.rf.6880cf13e7b4fd0924b6d9f0935955d6,npds,/home/divya/projects/IndianANPR/data/processed/npds_leakage_safe/images/train/V_P_I_2834_jpg.rf.6880cf13e7b4fd0924b6d9f0935955d6.jpg,/home/divya/projects/IndianANPR/data/processed/npds_leakage_safe/labels/train/V_P_I_2834_jpg.rf.6880cf13e7b4fd0924b6d9f0935955d6.txt,0,1
npds_00070_V_P_I_1985_jpg.rf.05ab479042119be6d75204dd6a60271c,npds,/home/divya/projects/IndianANPR/data/processed/npds_leakage_safe/images/train/V_P_I_1985_jpg.rf.05ab479042119be6d75204dd6a60271c.jpg,/home/divya/projects/IndianANPR/data/processed/npds_leakage_safe/labels/train/V_P_I_1985_jpg.rf.05ab479042119be6d75204dd6a60271c.txt,0,1
npds_00071_V_P_I_603_jpg.rf.10dbf8dfd471806f0f0fc4b828cede56,npds,/home/divya/projects/IndianANPR/data/processed/npds_leakage_safe/images/train/V_P_I_603_jpg.rf.10dbf8dfd471806f0f0fc4b828cede56.jpg,/home/divya/projects/IndianANPR/data/processed/npds_leakage_safe/labels/train/V_P_I_603_jpg.rf.10dbf8dfd471806f0f0fc4b828cede56.txt,0,4
npds_00072_V_P_I_3062_jpg.rf.ec7790fa491a28e67125f133b6997621,npds,/home/divya/projects/IndianANPR/data/processed/npds_leakage_safe/images/train/V_P_I_3062_jpg.rf.ec7790fa491a28e67125f133b6997621.jpg,/home/divya/projects/IndianANPR/data/processed/npds_leakage_safe/labels/train/V_P_I_3062_jpg.rf.ec7790fa491a28e67125f133b6997621.txt,0,1
npds_00073_V_P_I_3027_jpg.rf.fe029c4fdf053f29aad29488870de90c,npds,/home/divya/projects/IndianANPR/data/processed/npds_leakage_safe/images/train/V_P_I_3027_jpg.rf.fe029c4fdf053f29aad29488870de90c.jpg,/home/divya/projects/IndianANPR/data/processed/npds_leakage_safe/labels/train/V_P_I_3027_jpg.rf.fe029c4fdf053f29aad29488870de90c.txt,0,1
npds_00074_V_P_I_805_jpg.rf.7530cd4ab866de06626551644dbc98e6,npds,/home/divya/projects/IndianANPR/data/processed/npds_leakage_safe/images/train/V_P_I_805_jpg.rf.7530cd4ab866de06626551644dbc98e6.jpg,/home/divya/projects/IndianANPR/data/processed/npds_leakage_safe/labels/train/V_P_I_805_jpg.rf.7530cd4ab866de06626551644dbc98e6.txt,0,1
npds_00075_V_P_I_718_jpg.rf.1dede9ad12069c55d5d8d143e2bd4efa,npds,/home/divya/projects/IndianANPR/data/processed/npds_leakage_safe/images/train/V_P_I_718_jpg.rf.1dede9ad12069c55d5d8d143e2bd4efa.jpg,/home/divya/projects/IndianANPR/data/processed/npds_leakage_safe/labels/train/V_P_I_718_jpg.rf.1dede9ad12069c55d5d8d143e2bd4efa.txt,0,3
npds_00076_V_P_I_2217_jpg.rf.41efd2ffa4686fbf4c9817a11c82919b,npds,/home/divya/projects/IndianANPR/data/processed/npds_leakage_safe/images/train/V_P_I_2217_jpg.rf.41efd2ffa4686fbf4c9817a11c82919b.jpg,/home/divya/projects/IndianANPR/data/processed/npds_leakage_safe/labels/train/V_P_I_2217_jpg.rf.41efd2ffa4686fbf4c9817a11c82919b.txt,0,1
npds_00077_V_P_I_2908_jpg.rf.4acfd0ccce9ab148a0032fd15a0f12c4,npds,/home/divya/projects/IndianANPR/data/processed/npds_leakage_safe/images/train/V_P_I_2908_jpg.rf.4acfd0ccce9ab148a0032fd15a0f12c4.jpg,/home/divya/projects/IndianANPR/data/processed/npds_leakage_safe/labels/train/V_P_I_2908_jpg.rf.4acfd0ccce9ab148a0032fd15a0f12c4.txt,0,1
npds_00078_V_P_I_1637_jpg.rf.e19aa27b26466f0af24d71f08977eace,npds,/home/divya/projects/IndianANPR/data/processed/npds_leakage_safe/images/train/V_P_I_1637_jpg.rf.e19aa27b26466f0af24d71f08977eace.jpg,/home/divya/projects/IndianANPR/data/processed/npds_leakage_safe/labels/train/V_P_I_1637_jpg.rf.e19aa27b26466f0af24d71f08977eace.txt,0,1
npds_00079_V_P_I_3342_jpg.rf.c0686051d8defc67d2f11c800ff63ef2,npds,/home/divya/projects/IndianANPR/data/processed/npds_leakage_safe/images/train/V_P_I_3342_jpg.rf.c0686051d8defc67d2f11c800ff63ef2.jpg,/home/divya/projects/IndianANPR/data/processed/npds_leakage_safe/labels/train/V_P_I_3342_jpg.rf.c0686051d8defc67d2f11c800ff63ef2.txt,0,1
npds_00080_V_P_I_1235_jpg.rf.f06fb83b044961968a829de9e53a9155,npds,/home/divya/projects/IndianANPR/data/processed/npds_leakage_safe/images/train/V_P_I_1235_jpg.rf.f06fb83b044961968a829de9e53a9155.jpg,/home/divya/projects/IndianANPR/data/processed/npds_leakage_safe/labels/train/V_P_I_1235_jpg.rf.f06fb83b044961968a829de9e53a9155.txt,0,1
npds_00081_V_P_I_1151_jpg.rf.9e5213595d7b3521d14730926e9f32ff,npds,/home/divya/projects/IndianANPR/data/processed/npds_leakage_safe/images/train/V_P_I_1151_jpg.rf.9e5213595d7b3521d14730926e9f32ff.jpg,/home/divya/projects/IndianANPR/data/processed/npds_leakage_safe/labels/train/V_P_I_1151_jpg.rf.9e5213595d7b3521d14730926e9f32ff.txt,0,1
npds_00082_V_P_I_3171_jpg.rf.d32fce556356bfd3b5f6534ad2051207,npds,/home/divya/projects/IndianANPR/data/processed/npds_leakage_safe/images/train/V_P_I_3171_jpg.rf.d32fce556356bfd3b5f6534ad2051207.jpg,/home/divya/projects/IndianANPR/data/processed/npds_leakage_safe/labels/train/V_P_I_3171_jpg.rf.d32fce556356bfd3b5f6534ad2051207.txt,0,1
npds_00083_V_P_I_1748_jpg.rf.891b4495c0a7b339c077207837223c12,npds,/home/divya/projects/IndianANPR/data/processed/npds_leakage_safe/images/train/V_P_I_1748_jpg.rf.891b4495c0a7b339c077207837223c12.jpg,/home/divya/projects/IndianANPR/data/processed/npds_leakage_safe/labels/train/V_P_I_1748_jpg.rf.891b4495c0a7b339c077207837223c12.txt,0,1
npds_00084_V_P_I_3_jpg.rf.36b4b066565d0ace9a7173059d4413ce,npds,/home/divya/projects/IndianANPR/data/processed/npds_leakage_safe/images/train/V_P_I_3_jpg.rf.36b4b066565d0ace9a7173059d4413ce.jpg,/home/divya/projects/IndianANPR/data/processed/npds_leakage_safe/labels/train/V_P_I_3_jpg.rf.36b4b066565d0ace9a7173059d4413ce.txt,0,1
npds_00085_V_P_I_1973_jpg.rf.2cc7dcb97f36e453357140663d08a1a7,npds,/home/divya/projects/IndianANPR/data/processed/npds_leakage_safe/images/train/V_P_I_1973_jpg.rf.2cc7dcb97f36e453357140663d08a1a7.jpg,/home/divya/projects/IndianANPR/data/processed/npds_leakage_safe/labels/train/V_P_I_1973_jpg.rf.2cc7dcb97f36e453357140663d08a1a7.txt,0,1
npds_00086_V_P_I_1279_jpg.rf.72a1b50010de1d5aac64fba69f4faa2a,npds,/home/divya/projects/IndianANPR/data/processed/npds_leakage_safe/images/train/V_P_I_1279_jpg.rf.72a1b50010de1d5aac64fba69f4faa2a.jpg,/home/divya/projects/IndianANPR/data/processed/npds_leakage_safe/labels/train/V_P_I_1279_jpg.rf.72a1b50010de1d5aac64fba69f4faa2a.txt,0,1
npds_00087_V_P_I_699_jpg.rf.516e7bc2d3e8e1356b94fbee03fd8626,npds,/home/divya/projects/IndianANPR/data/processed/npds_leakage_safe/images/train/V_P_I_699_jpg.rf.516e7bc2d3e8e1356b94fbee03fd8626.jpg,/home/divya/projects/IndianANPR/data/processed/npds_leakage_safe/labels/train/V_P_I_699_jpg.rf.516e7bc2d3e8e1356b94fbee03fd8626.txt,0,1
npds_00088_V_P_I_1765_jpg.rf.acf01cb5a45e4f4392f2be42db5a4ab6,npds,/home/divya/projects/IndianANPR/data/processed/npds_leakage_safe/images/train/V_P_I_1765_jpg.rf.acf01cb5a45e4f4392f2be42db5a4ab6.jpg,/home/divya/projects/IndianANPR/data/processed/npds_leakage_safe/labels/train/V_P_I_1765_jpg.rf.acf01cb5a45e4f4392f2be42db5a4ab6.txt,0,1
npds_00089_V_P_I_731_jpg.rf.9f68bda04bd67a714030157ecd5f5c45,npds,/home/divya/projects/IndianANPR/data/processed/npds_leakage_safe/images/train/V_P_I_731_jpg.rf.9f68bda04bd67a714030157ecd5f5c45.jpg,/home/divya/projects/IndianANPR/data/processed/npds_leakage_safe/labels/train/V_P_I_731_jpg.rf.9f68bda04bd67a714030157ecd5f5c45.txt,0,1
npds_00090_V_P_I_1341_jpg.rf.c857b92dfc5e0612da424c7275b9d81c,npds,/home/divya/projects/IndianANPR/data/processed/npds_leakage_safe/images/train/V_P_I_1341_jpg.rf.c857b92dfc5e0612da424c7275b9d81c.jpg,/home/divya/projects/IndianANPR/data/processed/npds_leakage_safe/labels/train/V_P_I_1341_jpg.rf.c857b92dfc5e0612da424c7275b9d81c.txt,0,1
npds_00091_V_P_I_2284_jpg.rf.070ec2e09bcd99c9d9bc6ba76652d5f1,npds,/home/divya/projects/IndianANPR/data/processed/npds_leakage_safe/images/train/V_P_I_2284_jpg.rf.070ec2e09bcd99c9d9bc6ba76652d5f1.jpg,/home/divya/projects/IndianANPR/data/processed/npds_leakage_safe/labels/train/V_P_I_2284_jpg.rf.070ec2e09bcd99c9d9bc6ba76652d5f1.txt,0,1
npds_00092_V_P_I_1924_jpg.rf.21b468ded5c75205db1fbcde7c044ce7,npds,/home/divya/projects/IndianANPR/data/processed/npds_leakage_safe/images/train/V_P_I_1924_jpg.rf.21b468ded5c75205db1fbcde7c044ce7.jpg,/home/divya/projects/IndianANPR/data/processed/npds_leakage_safe/labels/train/V_P_I_1924_jpg.rf.21b468ded5c75205db1fbcde7c044ce7.txt,0,1
npds_00093_V_P_I_2508_jpg.rf.f8171a7134194e26c4429aa3d38296a0,npds,/home/divya/projects/IndianANPR/data/processed/npds_leakage_safe/images/train/V_P_I_2508_jpg.rf.f8171a7134194e26c4429aa3d38296a0.jpg,/home/divya/projects/IndianANPR/data/processed/npds_leakage_safe/labels/train/V_P_I_2508_jpg.rf.f8171a7134194e26c4429aa3d38296a0.txt,0,1
npds_00094_V_P_I_3086_jpg.rf.c0d4431cdee34006bd6a3d217fc6bfd3,npds,/home/divya/projects/IndianANPR/data/processed/npds_leakage_safe/images/train/V_P_I_3086_jpg.rf.c0d4431cdee34006bd6a3d217fc6bfd3.jpg,/home/divya/projects/IndianANPR/data/processed/npds_leakage_safe/labels/train/V_P_I_3086_jpg.rf.c0d4431cdee34006bd6a3d217fc6bfd3.txt,0,1
npds_00095_V_P_I_616_jpg.rf.83cea9623a0d1f73ee0f61a9a64accde,npds,/home/divya/projects/IndianANPR/data/processed/npds_leakage_safe/images/train/V_P_I_616_jpg.rf.83cea9623a0d1f73ee0f61a9a64accde.jpg,/home/divya/projects/IndianANPR/data/processed/npds_leakage_safe/labels/train/V_P_I_616_jpg.rf.83cea9623a0d1f73ee0f61a9a64accde.txt,0,1
npds_00096_V_P_I_2226_jpg.rf.3170930008e87e810b71e2b8978b83f5,npds,/home/divya/projects/IndianANPR/data/processed/npds_leakage_safe/images/train/V_P_I_2226_jpg.rf.3170930008e87e810b71e2b8978b83f5.jpg,/home/divya/projects/IndianANPR/data/processed/npds_leakage_safe/labels/train/V_P_I_2226_jpg.rf.3170930008e87e810b71e2b8978b83f5.txt,0,1
npds_00097_V_P_I_1538_jpg.rf.759cb8b4636b342944489c0e19eeff16,npds,/home/divya/projects/IndianANPR/data/processed/npds_leakage_safe/images/train/V_P_I_1538_jpg.rf.759cb8b4636b342944489c0e19eeff16.jpg,/home/divya/projects/IndianANPR/data/processed/npds_leakage_safe/labels/train/V_P_I_1538_jpg.rf.759cb8b4636b342944489c0e19eeff16.txt,0,1
npds_00098_V_P_I_2242_jpg.rf.df2736ff54198921ba13441dc127c253,npds,/home/divya/projects/IndianANPR/data/processed/npds_leakage_safe/images/train/V_P_I_2242_jpg.rf.df2736ff54198921ba13441dc127c253.jpg,/home/divya/projects/IndianANPR/data/processed/npds_leakage_safe/labels/train/V_P_I_2242_jpg.rf.df2736ff54198921ba13441dc127c253.txt,0,1
npds_00099_V_P_I_2193_jpg.rf.8ee06a246c0f8441e50e1b5e0f2bebb8,npds,/home/divya/projects/IndianANPR/data/processed/npds_leakage_safe/images/train/V_P_I_2193_jpg.rf.8ee06a246c0f8441e50e1b5e0f2bebb8.jpg,/home/divya/projects/IndianANPR/data/processed/npds_leakage_safe/labels/train/V_P_I_2193_jpg.rf.8ee06a246c0f8441e50e1b5e0f2bebb8.txt,0,1
npds_00100_V_P_I_1688_jpg.rf.268efad276b0686ba7b318582c2f9c88,npds,/home/divya/projects/IndianANPR/data/processed/npds_leakage_safe/images/train/V_P_I_1688_jpg.rf.268efad276b0686ba7b318582c2f9c88.jpg,/home/divya/projects/IndianANPR/data/processed/npds_leakage_safe/labels/train/V_P_I_1688_jpg.rf.268efad276b0686ba7b318582c2f9c88.txt,0,1
npds_00101_V_P_I_3197_jpg.rf.700161ef6f723db02070de2c8d37d3bf,npds,/home/divya/projects/IndianANPR/data/processed/npds_leakage_safe/images/train/V_P_I_3197_jpg.rf.700161ef6f723db02070de2c8d37d3bf.jpg,/home/divya/projects/IndianANPR/data/processed/npds_leakage_safe/labels/train/V_P_I_3197_jpg.rf.700161ef6f723db02070de2c8d37d3bf.txt,0,1
npds_00102_V_P_I_1879_jpg.rf.b5ab0d0893b7698fbafb91726e1e2d04,npds,/home/divya/projects/IndianANPR/data/processed/npds_leakage_safe/images/train/V_P_I_1879_jpg.rf.b5ab0d0893b7698fbafb91726e1e2d04.jpg,/home/divya/projects/IndianANPR/data/processed/npds_leakage_safe/labels/train/V_P_I_1879_jpg.rf.b5ab0d0893b7698fbafb91726e1e2d04.txt,0,2
npds_00103_V_P_I_3328_jpg.rf.d5a4a4daaa478e52f0d030bfb49e0125,npds,/home/divya/projects/IndianANPR/data/processed/npds_leakage_safe/images/train/V_P_I_3328_jpg.rf.d5a4a4daaa478e52f0d030bfb49e0125.jpg,/home/divya/projects/IndianANPR/data/processed/npds_leakage_safe/labels/train/V_P_I_3328_jpg.rf.d5a4a4daaa478e52f0d030bfb49e0125.txt,0,1
npds_00104_V_P_I_3253_jpg.rf.87b0f7e65b109b71aec04ad4e40fba74,npds,/home/divya/projects/IndianANPR/data/processed/npds_leakage_safe/images/train/V_P_I_3253_jpg.rf.87b0f7e65b109b71aec04ad4e40fba74.jpg,/home/divya/projects/IndianANPR/data/processed/npds_leakage_safe/labels/train/V_P_I_3253_jpg.rf.87b0f7e65b109b71aec04ad4e40fba74.txt,0,1
npds_00105_V_P_I_3129_jpg.rf.f669be7da0f446f1ce6afe33b74af0ef,npds,/home/divya/projects/IndianANPR/data/processed/npds_leakage_safe/images/train/V_P_I_3129_jpg.rf.f669be7da0f446f1ce6afe33b74af0ef.jpg,/home/divya/projects/IndianANPR/data/processed/npds_leakage_safe/labels/train/V_P_I_3129_jpg.rf.f669be7da0f446f1ce6afe33b74af0ef.txt,0,1
npds_00106_V_P_I_1245_jpg.rf.57688ca8cdb13c54b0fc18fa4ef47850,npds,/home/divya/projects/IndianANPR/data/processed/npds_leakage_safe/images/train/V_P_I_1245_jpg.rf.57688ca8cdb13c54b0fc18fa4ef47850.jpg,/home/divya/projects/IndianANPR/data/processed/npds_leakage_safe/labels/train/V_P_I_1245_jpg.rf.57688ca8cdb13c54b0fc18fa4ef47850.txt,0,1
npds_00107_V_P_I_3001_jpg.rf.f49f768d84d659bd5809b6c9f8eff4e9,npds,/home/divya/projects/IndianANPR/data/processed/npds_leakage_safe/images/train/V_P_I_3001_jpg.rf.f49f768d84d659bd5809b6c9f8eff4e9.jpg,/home/divya/projects/IndianANPR/data/processed/npds_leakage_safe/labels/train/V_P_I_3001_jpg.rf.f49f768d84d659bd5809b6c9f8eff4e9.txt,0,1
npds_00108_V_P_I_3084_jpg.rf.929f627cd41f81d8c9d952429095f92c,npds,/home/divya/projects/IndianANPR/data/processed/npds_leakage_safe/images/train/V_P_I_3084_jpg.rf.929f627cd41f81d8c9d952429095f92c.jpg,/home/divya/projects/IndianANPR/data/processed/npds_leakage_safe/labels/train/V_P_I_3084_jpg.rf.929f627cd41f81d8c9d952429095f92c.txt,0,1
npds_00109_V_P_I_1562_jpg.rf.85fd2e4a92bb070fcf357cc5bbce851f,npds,/home/divya/projects/IndianANPR/data/processed/npds_leakage_safe/images/train/V_P_I_1562_jpg.rf.85fd2e4a92bb070fcf357cc5bbce851f.jpg,/home/divya/projects/IndianANPR/data/processed/npds_leakage_safe/labels/train/V_P_I_1562_jpg.rf.85fd2e4a92bb070fcf357cc5bbce851f.txt,0,1
npds_00110_V_P_I_277_jpg.rf.bde967214156fcf7942b96d7d7d945de,npds,/home/divya/projects/IndianANPR/data/processed/npds_leakage_safe/images/train/V_P_I_277_jpg.rf.bde967214156fcf7942b96d7d7d945de.jpg,/home/divya/projects/IndianANPR/data/processed/npds_leakage_safe/labels/train/V_P_I_277_jpg.rf.bde967214156fcf7942b96d7d7d945de.txt,0,1
npds_00111_V_P_I_3417_jpg.rf.e0701724fd9445e75375c7c9a6629512,npds,/home/divya/projects/IndianANPR/data/processed/npds_leakage_safe/images/train/V_P_I_3417_jpg.rf.e0701724fd9445e75375c7c9a6629512.jpg,/home/divya/projects/IndianANPR/data/processed/npds_leakage_safe/labels/train/V_P_I_3417_jpg.rf.e0701724fd9445e75375c7c9a6629512.txt,0,3
npds_00112_V_P_I_1803_jpg.rf.300567db383d63a84914e61adcfda455,npds,/home/divya/projects/IndianANPR/data/processed/npds_leakage_safe/images/train/V_P_I_1803_jpg.rf.300567db383d63a84914e61adcfda455.jpg,/home/divya/projects/IndianANPR/data/processed/npds_leakage_safe/labels/train/V_P_I_1803_jpg.rf.300567db383d63a84914e61adcfda455.txt,0,1
npds_00113_V_P_I_1541_jpg.rf.c3995cc1293d93974f24741faaacd04d,npds,/home/divya/projects/IndianANPR/data/processed/npds_leakage_safe/images/train/V_P_I_1541_jpg.rf.c3995cc1293d93974f24741faaacd04d.jpg,/home/divya/projects/IndianANPR/data/processed/npds_leakage_safe/labels/train/V_P_I_1541_jpg.rf.c3995cc1293d93974f24741faaacd04d.txt,0,1
npds_00114_V_P_I_2535_jpg.rf.9bf1e92029295e110d1b401ca1082049,npds,/home/divya/projects/IndianANPR/data/processed/npds_leakage_safe/images/train/V_P_I_2535_jpg.rf.9bf1e92029295e110d1b401ca1082049.jpg,/home/divya/projects/IndianANPR/data/processed/npds_leakage_safe/labels/train/V_P_I_2535_jpg.rf.9bf1e92029295e110d1b401ca1082049.txt,0,1
npds_00115_V_P_I_2278_jpg.rf.9f25d4a5ab7f77a3c82cc42c8bf7f1ef,npds,/home/divya/projects/IndianANPR/data/processed/npds_leakage_safe/images/train/V_P_I_2278_jpg.rf.9f25d4a5ab7f77a3c82cc42c8bf7f1ef.jpg,/home/divya/projects/IndianANPR/data/processed/npds_leakage_safe/labels/train/V_P_I_2278_jpg.rf.9f25d4a5ab7f77a3c82cc42c8bf7f1ef.txt,0,1
npds_00116_V_P_I_188_jpg.rf.2b345e34b1a6269bed2f12dff3d65954,npds,/home/divya/projects/IndianANPR/data/processed/npds_leakage_safe/images/train/V_P_I_188_jpg.rf.2b345e34b1a6269bed2f12dff3d65954.jpg,/home/divya/projects/IndianANPR/data/processed/npds_leakage_safe/labels/train/V_P_I_188_jpg.rf.2b345e34b1a6269bed2f12dff3d65954.txt,0,1
npds_00117_V_P_I_943_jpg.rf.92130180b120fd66a0c35cd902ea31ac,npds,/home/divya/projects/IndianANPR/data/processed/npds_leakage_safe/images/train/V_P_I_943_jpg.rf.92130180b120fd66a0c35cd902ea31ac.jpg,/home/divya/projects/IndianANPR/data/processed/npds_leakage_safe/labels/train/V_P_I_943_jpg.rf.92130180b120fd66a0c35cd902ea31ac.txt,0,1
npds_00118_V_P_I_3100_jpg.rf.8abefe421c43d8325e27071798f62309,npds,/home/divya/projects/IndianANPR/data/processed/npds_leakage_safe/images/train/V_P_I_3100_jpg.rf.8abefe421c43d8325e27071798f62309.jpg,/home/divya/projects/IndianANPR/data/processed/npds_leakage_safe/labels/train/V_P_I_3100_jpg.rf.8abefe421c43d8325e27071798f62309.txt,0,1
npds_00119_V_P_I_3269_jpg.rf.e4c49a46b5841d5b0b83c1f3c27decad,npds,/home/divya/projects/IndianANPR/data/processed/npds_leakage_safe/images/train/V_P_I_3269_jpg.rf.e4c49a46b5841d5b0b83c1f3c27decad.jpg,/home/divya/projects/IndianANPR/data/processed/npds_leakage_safe/labels/train/V_P_I_3269_jpg.rf.e4c49a46b5841d5b0b83c1f3c27decad.txt,0,1
npds_00120_V_P_I_2846_jpg.rf.fb3ceda82fc1085f87864b69b3a46d34,npds,/home/divya/projects/IndianANPR/data/processed/npds_leakage_safe/images/train/V_P_I_2846_jpg.rf.fb3ceda82fc1085f87864b69b3a46d34.jpg,/home/divya/projects/IndianANPR/data/processed/npds_leakage_safe/labels/train/V_P_I_2846_jpg.rf.fb3ceda82fc1085f87864b69b3a46d34.txt,0,1
npds_00121_V_P_I_1719_jpg.rf.1a026db36c566acebb1093a0f30598e9,npds,/home/divya/projects/IndianANPR/data/processed/npds_leakage_safe/images/train/V_P_I_1719_jpg.rf.1a026db36c566acebb1093a0f30598e9.jpg,/home/divya/projects/IndianANPR/data/processed/npds_leakage_safe/labels/train/V_P_I_1719_jpg.rf.1a026db36c566acebb1093a0f30598e9.txt,0,1
npds_00122_V_P_I_3259_jpg.rf.0a36b2ff0b94bab5c7e5faf788c6b642,npds,/home/divya/projects/IndianANPR/data/processed/npds_leakage_safe/images/train/V_P_I_3259_jpg.rf.0a36b2ff0b94bab5c7e5faf788c6b642.jpg,/home/divya/projects/IndianANPR/data/processed/npds_leakage_safe/labels/train/V_P_I_3259_jpg.rf.0a36b2ff0b94bab5c7e5faf788c6b642.txt,0,1
npds_00123_V_P_I_2103_jpg.rf.a404cf875f5011653471d4048d05d044,npds,/home/divya/projects/IndianANPR/data/processed/npds_leakage_safe/images/train/V_P_I_2103_jpg.rf.a404cf875f5011653471d4048d05d044.jpg,/home/divya/projects/IndianANPR/data/processed/npds_leakage_safe/labels/train/V_P_I_2103_jpg.rf.a404cf875f5011653471d4048d05d044.txt,0,2
npds_00124_V_P_I_649_jpg.rf.58837b5b56b4973535d6b0e33737efb3,npds,/home/divya/projects/IndianANPR/data/processed/npds_leakage_safe/images/train/V_P_I_649_jpg.rf.58837b5b56b4973535d6b0e33737efb3.jpg,/home/divya/projects/IndianANPR/data/processed/npds_leakage_safe/labels/train/V_P_I_649_jpg.rf.58837b5b56b4973535d6b0e33737efb3.txt,0,1
npds_00125_V_P_I_387_jpg.rf.2b13d99f40602a4f70bcaaf5f4f83203,npds,/home/divya/projects/IndianANPR/data/processed/npds_leakage_safe/images/train/V_P_I_387_jpg.rf.2b13d99f40602a4f70bcaaf5f4f83203.jpg,/home/divya/projects/IndianANPR/data/processed/npds_leakage_safe/labels/train/V_P_I_387_jpg.rf.2b13d99f40602a4f70bcaaf5f4f83203.txt,0,1
npds_00126_V_P_I_414_jpg.rf.e8cb252f083c3304332341e02eabb4e4,npds,/home/divya/projects/IndianANPR/data/processed/npds_leakage_safe/images/train/V_P_I_414_jpg.rf.e8cb252f083c3304332341e02eabb4e4.jpg,/home/divya/projects/IndianANPR/data/processed/npds_leakage_safe/labels/train/V_P_I_414_jpg.rf.e8cb252f083c3304332341e02eabb4e4.txt,0,1
npds_00127_V_P_I_1186_jpg.rf.d21726e10b5e0cbc1b89c1e622730af3,npds,/home/divya/projects/IndianANPR/data/processed/npds_leakage_safe/images/train/V_P_I_1186_jpg.rf.d21726e10b5e0cbc1b89c1e622730af3.jpg,/home/divya/projects/IndianANPR/data/processed/npds_leakage_safe/labels/train/V_P_I_1186_jpg.rf.d21726e10b5e0cbc1b89c1e622730af3.txt,0,1
npds_00128_V_P_I_1751_jpg.rf.1c0be278726e603eb6f58864ff77adf9,npds,/home/divya/projects/IndianANPR/data/processed/npds_leakage_safe/images/train/V_P_I_1751_jpg.rf.1c0be278726e603eb6f58864ff77adf9.jpg,/home/divya/projects/IndianANPR/data/processed/npds_leakage_safe/labels/train/V_P_I_1751_jpg.rf.1c0be278726e603eb6f58864ff77adf9.txt,0,1
npds_00129_V_P_I_577_jpg.rf.c5e65880bf4ca1b4bdb6e163e5bd6047,npds,/home/divya/projects/IndianANPR/data/processed/npds_leakage_safe/images/train/V_P_I_577_jpg.rf.c5e65880bf4ca1b4bdb6e163e5bd6047.jpg,/home/divya/projects/IndianANPR/data/processed/npds_leakage_safe/labels/train/V_P_I_577_jpg.rf.c5e65880bf4ca1b4bdb6e163e5bd6047.txt,0,1
npds_00130_V_P_I_1105_jpg.rf.d4c0994fb82f2f0869707384761fe7be,npds,/home/divya/projects/IndianANPR/data/processed/npds_leakage_safe/images/train/V_P_I_1105_jpg.rf.d4c0994fb82f2f0869707384761fe7be.jpg,/home/divya/projects/IndianANPR/data/processed/npds_leakage_safe/labels/train/V_P_I_1105_jpg.rf.d4c0994fb82f2f0869707384761fe7be.txt,0,1
npds_00131_V_P_I_516_jpg.rf.92ba4b46aa93e10e0a58e7f5884382a5,npds,/home/divya/projects/IndianANPR/data/processed/npds_leakage_safe/images/train/V_P_I_516_jpg.rf.92ba4b46aa93e10e0a58e7f5884382a5.jpg,/home/divya/projects/IndianANPR/data/processed/npds_leakage_safe/labels/train/V_P_I_516_jpg.rf.92ba4b46aa93e10e0a58e7f5884382a5.txt,0,1
npds_00132_V_P_I_2075_jpg.rf.de1d68a14a9b25215552c24ef075fbb8,npds,/home/divya/projects/IndianANPR/data/processed/npds_leakage_safe/images/train/V_P_I_2075_jpg.rf.de1d68a14a9b25215552c24ef075fbb8.jpg,/home/divya/projects/IndianANPR/data/processed/npds_leakage_safe/labels/train/V_P_I_2075_jpg.rf.de1d68a14a9b25215552c24ef075fbb8.txt,0,1
npds_00133_V_P_I_2346_jpg.rf.9e43848529c635d263ffd09581f18917,npds,/home/divya/projects/IndianANPR/data/processed/npds_leakage_safe/images/train/V_P_I_2346_jpg.rf.9e43848529c635d263ffd09581f18917.jpg,/home/divya/projects/IndianANPR/data/processed/npds_leakage_safe/labels/train/V_P_I_2346_jpg.rf.9e43848529c635d263ffd09581f18917.txt,0,1
npds_00134_V_P_I_1884_jpg.rf.22a84ea101915912d35e019c44bd6ac4,npds,/home/divya/projects/IndianANPR/data/processed/npds_leakage_safe/images/train/V_P_I_1884_jpg.rf.22a84ea101915912d35e019c44bd6ac4.jpg,/home/divya/projects/IndianANPR/data/processed/npds_leakage_safe/labels/train/V_P_I_1884_jpg.rf.22a84ea101915912d35e019c44bd6ac4.txt,0,2
npds_00135_V_P_I_1215_jpg.rf.d399544b651bda3dcae3875fc93fbf1b,npds,/home/divya/projects/IndianANPR/data/processed/npds_leakage_safe/images/train/V_P_I_1215_jpg.rf.d399544b651bda3dcae3875fc93fbf1b.jpg,/home/divya/projects/IndianANPR/data/processed/npds_leakage_safe/labels/train/V_P_I_1215_jpg.rf.d399544b651bda3dcae3875fc93fbf1b.txt,0,1
npds_00136_V_P_I_1692_jpg.rf.432f2163a1f58a67896459ece52f7df4,npds,/home/divya/projects/IndianANPR/data/processed/npds_leakage_safe/images/train/V_P_I_1692_jpg.rf.432f2163a1f58a67896459ece52f7df4.jpg,/home/divya/projects/IndianANPR/data/processed/npds_leakage_safe/labels/train/V_P_I_1692_jpg.rf.432f2163a1f58a67896459ece52f7df4.txt,0,1
npds_00137_V_P_I_901_jpg.rf.f500a72220f682c588864d4c597c27e8,npds,/home/divya/projects/IndianANPR/data/processed/npds_leakage_safe/images/train/V_P_I_901_jpg.rf.f500a72220f682c588864d4c597c27e8.jpg,/home/divya/projects/IndianANPR/data/processed/npds_leakage_safe/labels/train/V_P_I_901_jpg.rf.f500a72220f682c588864d4c597c27e8.txt,0,1
npds_00138_V_P_I_2877_jpg.rf.61e0ebc9aef06966b30de0267ad62182,npds,/home/divya/projects/IndianANPR/data/processed/npds_leakage_safe/images/train/V_P_I_2877_jpg.rf.61e0ebc9aef06966b30de0267ad62182.jpg,/home/divya/projects/IndianANPR/data/processed/npds_leakage_safe/labels/train/V_P_I_2877_jpg.rf.61e0ebc9aef06966b30de0267ad62182.txt,0,1
npds_00139_V_P_I_775_jpg.rf.eac73cbd87a865da85dd4c2e21177dd5,npds,/home/divya/projects/IndianANPR/data/processed/npds_leakage_safe/images/train/V_P_I_775_jpg.rf.eac73cbd87a865da85dd4c2e21177dd5.jpg,/home/divya/projects/IndianANPR/data/processed/npds_leakage_safe/labels/train/V_P_I_775_jpg.rf.eac73cbd87a865da85dd4c2e21177dd5.txt,0,1
npds_00140_V_P_I_3380_jpg.rf.fd49c92edf19fce5874d6d73fbe0b315,npds,/home/divya/projects/IndianANPR/data/processed/npds_leakage_safe/images/train/V_P_I_3380_jpg.rf.fd49c92edf19fce5874d6d73fbe0b315.jpg,/home/divya/projects/IndianANPR/data/processed/npds_leakage_safe/labels/train/V_P_I_3380_jpg.rf.fd49c92edf19fce5874d6d73fbe0b315.txt,0,1
npds_00141_V_P_I_2074_jpg.rf.32e480ebf7dc409f6fa403bea602ea58,npds,/home/divya/projects/IndianANPR/data/processed/npds_leakage_safe/images/train/V_P_I_2074_jpg.rf.32e480ebf7dc409f6fa403bea602ea58.jpg,/home/divya/projects/IndianANPR/data/processed/npds_leakage_safe/labels/train/V_P_I_2074_jpg.rf.32e480ebf7dc409f6fa403bea602ea58.txt,0,1
npds_00142_V_P_I_1696_jpg.rf.031188a2ea22bacf9b45b83f061cbb56,npds,/home/divya/projects/IndianANPR/data/processed/npds_leakage_safe/images/train/V_P_I_1696_jpg.rf.031188a2ea22bacf9b45b83f061cbb56.jpg,/home/divya/projects/IndianANPR/data/processed/npds_leakage_safe/labels/train/V_P_I_1696_jpg.rf.031188a2ea22bacf9b45b83f061cbb56.txt,0,1
npds_00143_V_P_I_3156_jpg.rf.7e6b47de454b543f478536658b8ed3ed,npds,/home/divya/projects/IndianANPR/data/processed/npds_leakage_safe/images/train/V_P_I_3156_jpg.rf.7e6b47de454b543f478536658b8ed3ed.jpg,/home/divya/projects/IndianANPR/data/processed/npds_leakage_safe/labels/train/V_P_I_3156_jpg.rf.7e6b47de454b543f478536658b8ed3ed.txt,0,1
npds_00144_V_P_I_2665_jpg.rf.4c4a351d6d256b8dae82420842c7aaf0,npds,/home/divya/projects/IndianANPR/data/processed/npds_leakage_safe/images/train/V_P_I_2665_jpg.rf.4c4a351d6d256b8dae82420842c7aaf0.jpg,/home/divya/projects/IndianANPR/data/processed/npds_leakage_safe/labels/train/V_P_I_2665_jpg.rf.4c4a351d6d256b8dae82420842c7aaf0.txt,0,1
npds_00145_V_P_I_2331_jpg.rf.ef85c37089ce50cc7b822573e1c999c6,npds,/home/divya/projects/IndianANPR/data/processed/npds_leakage_safe/images/train/V_P_I_2331_jpg.rf.ef85c37089ce50cc7b822573e1c999c6.jpg,/home/divya/projects/IndianANPR/data/processed/npds_leakage_safe/labels/train/V_P_I_2331_jpg.rf.ef85c37089ce50cc7b822573e1c999c6.txt,0,1
npds_00146_V_P_I_803_jpg.rf.b875446d1b93e9b4a00252b2eab13493,npds,/home/divya/projects/IndianANPR/data/processed/npds_leakage_safe/images/train/V_P_I_803_jpg.rf.b875446d1b93e9b4a00252b2eab13493.jpg,/home/divya/projects/IndianANPR/data/processed/npds_leakage_safe/labels/train/V_P_I_803_jpg.rf.b875446d1b93e9b4a00252b2eab13493.txt,0,1
npds_00147_V_P_I_906_jpg.rf.5e60c9d708bc43772531e791069b71eb,npds,/home/divya/projects/IndianANPR/data/processed/npds_leakage_safe/images/train/V_P_I_906_jpg.rf.5e60c9d708bc43772531e791069b71eb.jpg,/home/divya/projects/IndianANPR/data/processed/npds_leakage_safe/labels/train/V_P_I_906_jpg.rf.5e60c9d708bc43772531e791069b71eb.txt,0,1
npds_00148_V_P_I_3107_jpg.rf.ef85d40ef28bc24ca73f4b7b9431e865,npds,/home/divya/projects/IndianANPR/data/processed/npds_leakage_safe/images/train/V_P_I_3107_jpg.rf.ef85d40ef28bc24ca73f4b7b9431e865.jpg,/home/divya/projects/IndianANPR/data/processed/npds_leakage_safe/labels/train/V_P_I_3107_jpg.rf.ef85d40ef28bc24ca73f4b7b9431e865.txt,0,1
npds_00149_V_P_I_2524_jpg.rf.09cd6d48fc8ba00b52a71205acc0285f,npds,/home/divya/projects/IndianANPR/data/processed/npds_leakage_safe/images/train/V_P_I_2524_jpg.rf.09cd6d48fc8ba00b52a71205acc0285f.jpg,/home/divya/projects/IndianANPR/data/processed/npds_leakage_safe/labels/train/V_P_I_2524_jpg.rf.09cd6d48fc8ba00b52a71205acc0285f.txt,0,1
npds_00150_V_P_I_1475_jpg.rf.af21760492a8578e4e156e9845e42921,npds,/home/divya/projects/IndianANPR/data/processed/npds_leakage_safe/images/train/V_P_I_1475_jpg.rf.af21760492a8578e4e156e9845e42921.jpg,/home/divya/projects/IndianANPR/data/processed/npds_leakage_safe/labels/train/V_P_I_1475_jpg.rf.af21760492a8578e4e156e9845e42921.txt,0,1
npds_00151_V_P_I_1874_jpg.rf.37e84423cfcbdded960d83f6c58b34cf,npds,/home/divya/projects/IndianANPR/data/processed/npds_leakage_safe/images/train/V_P_I_1874_jpg.rf.37e84423cfcbdded960d83f6c58b34cf.jpg,/home/divya/projects/IndianANPR/data/processed/npds_leakage_safe/labels/train/V_P_I_1874_jpg.rf.37e84423cfcbdded960d83f6c58b34cf.txt,0,1
npds_00152_V_P_I_1465_jpg.rf.57ce3144415abf8508ac57a5c2f5c6c9,npds,/home/divya/projects/IndianANPR/data/processed/npds_leakage_safe/images/train/V_P_I_1465_jpg.rf.57ce3144415abf8508ac57a5c2f5c6c9.jpg,/home/divya/projects/IndianANPR/data/processed/npds_leakage_safe/labels/train/V_P_I_1465_jpg.rf.57ce3144415abf8508ac57a5c2f5c6c9.txt,0,1
npds_00153_V_P_I_1810_jpg.rf.3b1a9d3bbba9ed18626c9429513feb48,npds,/home/divya/projects/IndianANPR/data/processed/npds_leakage_safe/images/train/V_P_I_1810_jpg.rf.3b1a9d3bbba9ed18626c9429513feb48.jpg,/home/divya/projects/IndianANPR/data/processed/npds_leakage_safe/labels/train/V_P_I_1810_jpg.rf.3b1a9d3bbba9ed18626c9429513feb48.txt,0,1
npds_00154_V_P_I_3485_jpg.rf.9d59defd8c5b8c91e4f0e35e55dcddcb,npds,/home/divya/projects/IndianANPR/data/processed/npds_leakage_safe/images/train/V_P_I_3485_jpg.rf.9d59defd8c5b8c91e4f0e35e55dcddcb.jpg,/home/divya/projects/IndianANPR/data/processed/npds_leakage_safe/labels/train/V_P_I_3485_jpg.rf.9d59defd8c5b8c91e4f0e35e55dcddcb.txt,0,1
npds_00155_V_P_I_2857_jpg.rf.c52ae6f659ad0011e34cc8a49e07dc24,npds,/home/divya/projects/IndianANPR/data/processed/npds_leakage_safe/images/train/V_P_I_2857_jpg.rf.c52ae6f659ad0011e34cc8a49e07dc24.jpg,/home/divya/projects/IndianANPR/data/processed/npds_leakage_safe/labels/train/V_P_I_2857_jpg.rf.c52ae6f659ad0011e34cc8a49e07dc24.txt,0,1
npds_00156_V_P_I_2796_jpg.rf.b68453aa0b147554e1cd57bfb21306d9,npds,/home/divya/projects/IndianANPR/data/processed/npds_leakage_safe/images/train/V_P_I_2796_jpg.rf.b68453aa0b147554e1cd57bfb21306d9.jpg,/home/divya/projects/IndianANPR/data/processed/npds_leakage_safe/labels/train/V_P_I_2796_jpg.rf.b68453aa0b147554e1cd57bfb21306d9.txt,0,1
npds_00157_V_P_I_1867_jpg.rf.8c89300be6ae8c44fc32fdcec775bcf0,npds,/home/divya/projects/IndianANPR/data/processed/npds_leakage_safe/images/train/V_P_I_1867_jpg.rf.8c89300be6ae8c44fc32fdcec775bcf0.jpg,/home/divya/projects/IndianANPR/data/processed/npds_leakage_safe/labels/train/V_P_I_1867_jpg.rf.8c89300be6ae8c44fc32fdcec775bcf0.txt,0,1
npds_00158_V_P_I_3495_jpg.rf.bedaa630126ea44707902c4f671e3f57,npds,/home/divya/projects/IndianANPR/data/processed/npds_leakage_safe/images/train/V_P_I_3495_jpg.rf.bedaa630126ea44707902c4f671e3f57.jpg,/home/divya/projects/IndianANPR/data/processed/npds_leakage_safe/labels/train/V_P_I_3495_jpg.rf.bedaa630126ea44707902c4f671e3f57.txt,0,1
npds_00159_V_P_I_2927_jpg.rf.e21c2a1d507b53a181a5a2262b9681b9,npds,/home/divya/projects/IndianANPR/data/processed/npds_leakage_safe/images/train/V_P_I_2927_jpg.rf.e21c2a1d507b53a181a5a2262b9681b9.jpg,/home/divya/projects/IndianANPR/data/processed/npds_leakage_safe/labels/train/V_P_I_2927_jpg.rf.e21c2a1d507b53a181a5a2262b9681b9.txt,0,1
npds_00160_V_P_I_2429_jpg.rf.76e8135bcd4ec3bc0988f058340b8944,npds,/home/divya/projects/IndianANPR/data/processed/npds_leakage_safe/images/train/V_P_I_2429_jpg.rf.76e8135bcd4ec3bc0988f058340b8944.jpg,/home/divya/projects/IndianANPR/data/processed/npds_leakage_safe/labels/train/V_P_I_2429_jpg.rf.76e8135bcd4ec3bc0988f058340b8944.txt,0,1
npds_00161_V_P_I_853_jpg.rf.c00524f8744134b7b599b97a8de06a48,npds,/home/divya/projects/IndianANPR/data/processed/npds_leakage_safe/images/train/V_P_I_853_jpg.rf.c00524f8744134b7b599b97a8de06a48.jpg,/home/divya/projects/IndianANPR/data/processed/npds_leakage_safe/labels/train/V_P_I_853_jpg.rf.c00524f8744134b7b599b97a8de06a48.txt,0,1
npds_00162_V_P_I_2923_jpg.rf.a3f76d642e0dd473796a3bf7b34520af,npds,/home/divya/projects/IndianANPR/data/processed/npds_leakage_safe/images/train/V_P_I_2923_jpg.rf.a3f76d642e0dd473796a3bf7b34520af.jpg,/home/divya/projects/IndianANPR/data/processed/npds_leakage_safe/labels/train/V_P_I_2923_jpg.rf.a3f76d642e0dd473796a3bf7b34520af.txt,0,1
npds_00163_V_P_I_233_jpg.rf.5d9374755e1afb12c6a27c9b5679a5b6,npds,/home/divya/projects/IndianANPR/data/processed/npds_leakage_safe/images/train/V_P_I_233_jpg.rf.5d9374755e1afb12c6a27c9b5679a5b6.jpg,/home/divya/projects/IndianANPR/data/processed/npds_leakage_safe/labels/train/V_P_I_233_jpg.rf.5d9374755e1afb12c6a27c9b5679a5b6.txt,0,1
npds_00164_V_P_I_2217_jpg.rf.f96aed0f68ab377bbe08d51a1b10dc0d,npds,/home/divya/projects/IndianANPR/data/processed/npds_leakage_safe/images/train/V_P_I_2217_jpg.rf.f96aed0f68ab377bbe08d51a1b10dc0d.jpg,/home/divya/projects/IndianANPR/data/processed/npds_leakage_safe/labels/train/V_P_I_2217_jpg.rf.f96aed0f68ab377bbe08d51a1b10dc0d.txt,0,1
npds_00165_V_P_I_1717_jpg.rf.bfa844489b0547d46a3338c2bf43c01a,npds,/home/divya/projects/IndianANPR/data/processed/npds_leakage_safe/images/train/V_P_I_1717_jpg.rf.bfa844489b0547d46a3338c2bf43c01a.jpg,/home/divya/projects/IndianANPR/data/processed/npds_leakage_safe/labels/train/V_P_I_1717_jpg.rf.bfa844489b0547d46a3338c2bf43c01a.txt,0,1
npds_00166_V_P_I_1461_jpg.rf.fa1fdc73e93c652c2ef8a8e7596f5906,npds,/home/divya/projects/IndianANPR/data/processed/npds_leakage_safe/images/train/V_P_I_1461_jpg.rf.fa1fdc73e93c652c2ef8a8e7596f5906.jpg,/home/divya/projects/IndianANPR/data/processed/npds_leakage_safe/labels/train/V_P_I_1461_jpg.rf.fa1fdc73e93c652c2ef8a8e7596f5906.txt,0,1
npds_00167_V_P_I_2697_jpg.rf.97ceb3157a110f0a61ef3fb154ddaca6,npds,/home/divya/projects/IndianANPR/data/processed/npds_leakage_safe/images/train/V_P_I_2697_jpg.rf.97ceb3157a110f0a61ef3fb154ddaca6.jpg,/home/divya/projects/IndianANPR/data/processed/npds_leakage_safe/labels/train/V_P_I_2697_jpg.rf.97ceb3157a110f0a61ef3fb154ddaca6.txt,0,1
npds_00168_V_P_I_2640_jpg.rf.0960a299da7b0220f21c05dfcedc422d,npds,/home/divya/projects/IndianANPR/data/processed/npds_leakage_safe/images/train/V_P_I_2640_jpg.rf.0960a299da7b0220f21c05dfcedc422d.jpg,/home/divya/projects/IndianANPR/data/processed/npds_leakage_safe/labels/train/V_P_I_2640_jpg.rf.0960a299da7b0220f21c05dfcedc422d.txt,0,1
npds_00169_V_P_I_1308_jpg.rf.68ea8e36438200eab40d89eea75d3566,npds,/home/divya/projects/IndianANPR/data/processed/npds_leakage_safe/images/train/V_P_I_1308_jpg.rf.68ea8e36438200eab40d89eea75d3566.jpg,/home/divya/projects/IndianANPR/data/processed/npds_leakage_safe/labels/train/V_P_I_1308_jpg.rf.68ea8e36438200eab40d89eea75d3566.txt,0,1
npds_00170_V_P_I_3524_jpg.rf.137f48db1e5107abdc2eb393d531d303,npds,/home/divya/projects/IndianANPR/data/processed/npds_leakage_safe/images/train/V_P_I_3524_jpg.rf.137f48db1e5107abdc2eb393d531d303.jpg,/home/divya/projects/IndianANPR/data/processed/npds_leakage_safe/labels/train/V_P_I_3524_jpg.rf.137f48db1e5107abdc2eb393d531d303.txt,0,1
npds_00171_V_P_I_1154_jpg.rf.741f9759f43ff0b6429596452c0b4c60,npds,/home/divya/projects/IndianANPR/data/processed/npds_leakage_safe/images/train/V_P_I_1154_jpg.rf.741f9759f43ff0b6429596452c0b4c60.jpg,/home/divya/projects/IndianANPR/data/processed/npds_leakage_safe/labels/train/V_P_I_1154_jpg.rf.741f9759f43ff0b6429596452c0b4c60.txt,0,1
npds_00172_V_P_I_714_jpg.rf.919dc2d2252f3a23c579146902bcc14a,npds,/home/divya/projects/IndianANPR/data/processed/npds_leakage_safe/images/train/V_P_I_714_jpg.rf.919dc2d2252f3a23c579146902bcc14a.jpg,/home/divya/projects/IndianANPR/data/processed/npds_leakage_safe/labels/train/V_P_I_714_jpg.rf.919dc2d2252f3a23c579146902bcc14a.txt,0,1
npds_00173_V_P_I_1370_jpg.rf.1fb3160426e38c10d16df0da8504c3ad,npds,/home/divya/projects/IndianANPR/data/processed/npds_leakage_safe/images/train/V_P_I_1370_jpg.rf.1fb3160426e38c10d16df0da8504c3ad.jpg,/home/divya/projects/IndianANPR/data/processed/npds_leakage_safe/labels/train/V_P_I_1370_jpg.rf.1fb3160426e38c10d16df0da8504c3ad.txt,0,1
npds_00174_V_P_I_1506_jpg.rf.2b0d2183f940866aaa2055c3721ef4b2,npds,/home/divya/projects/IndianANPR/data/processed/npds_leakage_safe/images/train/V_P_I_1506_jpg.rf.2b0d2183f940866aaa2055c3721ef4b2.jpg,/home/divya/projects/IndianANPR/data/processed/npds_leakage_safe/labels/train/V_P_I_1506_jpg.rf.2b0d2183f940866aaa2055c3721ef4b2.txt,0,1
npds_00175_V_P_I_305_jpg.rf.41ef4785aed9f75926bdfafc615174b0,npds,/home/divya/projects/IndianANPR/data/processed/npds_leakage_safe/images/train/V_P_I_305_jpg.rf.41ef4785aed9f75926bdfafc615174b0.jpg,/home/divya/projects/IndianANPR/data/processed/npds_leakage_safe/labels/train/V_P_I_305_jpg.rf.41ef4785aed9f75926bdfafc615174b0.txt,0,1
npds_00176_V_P_I_152_jpg.rf.3bafa99129cef42d7bb85b86f978aebd,npds,/home/divya/projects/IndianANPR/data/processed/npds_leakage_safe/images/train/V_P_I_152_jpg.rf.3bafa99129cef42d7bb85b86f978aebd.jpg,/home/divya/projects/IndianANPR/data/processed/npds_leakage_safe/labels/train/V_P_I_152_jpg.rf.3bafa99129cef42d7bb85b86f978aebd.txt,0,1
npds_00177_V_P_I_471_jpg.rf.c3a563830c18e5c491de7e0df8727fef,npds,/home/divya/projects/IndianANPR/data/processed/npds_leakage_safe/images/train/V_P_I_471_jpg.rf.c3a563830c18e5c491de7e0df8727fef.jpg,/home/divya/projects/IndianANPR/data/processed/npds_leakage_safe/labels/train/V_P_I_471_jpg.rf.c3a563830c18e5c491de7e0df8727fef.txt,0,1
npds_00178_V_P_I_323_jpg.rf.f01b2b7d8899b1bd1bbb0f2009431676,npds,/home/divya/projects/IndianANPR/data/processed/npds_leakage_safe/images/train/V_P_I_323_jpg.rf.f01b2b7d8899b1bd1bbb0f2009431676.jpg,/home/divya/projects/IndianANPR/data/processed/npds_leakage_safe/labels/train/V_P_I_323_jpg.rf.f01b2b7d8899b1bd1bbb0f2009431676.txt,0,1
npds_00179_V_P_I_2411_jpg.rf.eb87b6967ceb689ae5b71e04a300177e,npds,/home/divya/projects/IndianANPR/data/processed/npds_leakage_safe/images/train/V_P_I_2411_jpg.rf.eb87b6967ceb689ae5b71e04a300177e.jpg,/home/divya/projects/IndianANPR/data/processed/npds_leakage_safe/labels/train/V_P_I_2411_jpg.rf.eb87b6967ceb689ae5b71e04a300177e.txt,0,1
npds_00180_V_P_I_2970_jpg.rf.c5546e6a9a4ae12893b90ff309d2f126,npds,/home/divya/projects/IndianANPR/data/processed/npds_leakage_safe/images/train/V_P_I_2970_jpg.rf.c5546e6a9a4ae12893b90ff309d2f126.jpg,/home/divya/projects/IndianANPR/data/processed/npds_leakage_safe/labels/train/V_P_I_2970_jpg.rf.c5546e6a9a4ae12893b90ff309d2f126.txt,0,1
npds_00181_V_P_I_1208_jpg.rf.77b7d2f78184e28f77acb34d32552e2c,npds,/home/divya/projects/IndianANPR/data/processed/npds_leakage_safe/images/train/V_P_I_1208_jpg.rf.77b7d2f78184e28f77acb34d32552e2c.jpg,/home/divya/projects/IndianANPR/data/processed/npds_leakage_safe/labels/train/V_P_I_1208_jpg.rf.77b7d2f78184e28f77acb34d32552e2c.txt,0,1
npds_00182_V_P_I_229_jpg.rf.94c91b43c70fc4e4ae6c56d3b6132ad9,npds,/home/divya/projects/IndianANPR/data/processed/npds_leakage_safe/images/train/V_P_I_229_jpg.rf.94c91b43c70fc4e4ae6c56d3b6132ad9.jpg,/home/divya/projects/IndianANPR/data/processed/npds_leakage_safe/labels/train/V_P_I_229_jpg.rf.94c91b43c70fc4e4ae6c56d3b6132ad9.txt,0,1
npds_00183_V_P_I_228_jpg.rf.eb46d14ef41238cc02b069fadd0f1ffd,npds,/home/divya/projects/IndianANPR/data/processed/npds_leakage_safe/images/train/V_P_I_228_jpg.rf.eb46d14ef41238cc02b069fadd0f1ffd.jpg,/home/divya/projects/IndianANPR/data/processed/npds_leakage_safe/labels/train/V_P_I_228_jpg.rf.eb46d14ef41238cc02b069fadd0f1ffd.txt,0,1
npds_00184_V_P_I_2969_jpg.rf.aefc9e418b46bd2398b4b961f83b27e2,npds,/home/divya/projects/IndianANPR/data/processed/npds_leakage_safe/images/train/V_P_I_2969_jpg.rf.aefc9e418b46bd2398b4b961f83b27e2.jpg,/home/divya/projects/IndianANPR/data/processed/npds_leakage_safe/labels/train/V_P_I_2969_jpg.rf.aefc9e418b46bd2398b4b961f83b27e2.txt,0,1
npds_00185_V_P_I_255_jpg.rf.bd11e4ff0f0d9b8e52f28eac2522cbb2,npds,/home/divya/projects/IndianANPR/data/processed/npds_leakage_safe/images/train/V_P_I_255_jpg.rf.bd11e4ff0f0d9b8e52f28eac2522cbb2.jpg,/home/divya/projects/IndianANPR/data/processed/npds_leakage_safe/labels/train/V_P_I_255_jpg.rf.bd11e4ff0f0d9b8e52f28eac2522cbb2.txt,0,1
npds_00186_V_P_I_275_jpg.rf.977216138e633b2c7106865da50da551,npds,/home/divya/projects/IndianANPR/data/processed/npds_leakage_safe/images/train/V_P_I_275_jpg.rf.977216138e633b2c7106865da50da551.jpg,/home/divya/projects/IndianANPR/data/processed/npds_leakage_safe/labels/train/V_P_I_275_jpg.rf.977216138e633b2c7106865da50da551.txt,0,1
npds_00187_V_P_I_1822_jpg.rf.439ef85b8284b4fb65dd5dd2c4d26012,npds,/home/divya/projects/IndianANPR/data/processed/npds_leakage_safe/images/train/V_P_I_1822_jpg.rf.439ef85b8284b4fb65dd5dd2c4d26012.jpg,/home/divya/projects/IndianANPR/data/processed/npds_leakage_safe/labels/train/V_P_I_1822_jpg.rf.439ef85b8284b4fb65dd5dd2c4d26012.txt,0,1
npds_00188_V_P_I_2836_jpg.rf.c9521731d896b5d6a10f1d5ea8e9e893,npds,/home/divya/projects/IndianANPR/data/processed/npds_leakage_safe/images/train/V_P_I_2836_jpg.rf.c9521731d896b5d6a10f1d5ea8e9e893.jpg,/home/divya/projects/IndianANPR/data/processed/npds_leakage_safe/labels/train/V_P_I_2836_jpg.rf.c9521731d896b5d6a10f1d5ea8e9e893.txt,0,1
npds_00189_V_P_I_714_jpg.rf.2e2a294701fe5c02eedf70cfaaac658e,npds,/home/divya/projects/IndianANPR/data/processed/npds_leakage_safe/images/train/V_P_I_714_jpg.rf.2e2a294701fe5c02eedf70cfaaac658e.jpg,/home/divya/projects/IndianANPR/data/processed/npds_leakage_safe/labels/train/V_P_I_714_jpg.rf.2e2a294701fe5c02eedf70cfaaac658e.txt,0,1
npds_00190_V_P_I_1043_jpg.rf.fca4da7b595a013f01b8fc7aa7139a19,npds,/home/divya/projects/IndianANPR/data/processed/npds_leakage_safe/images/train/V_P_I_1043_jpg.rf.fca4da7b595a013f01b8fc7aa7139a19.jpg,/home/divya/projects/IndianANPR/data/processed/npds_leakage_safe/labels/train/V_P_I_1043_jpg.rf.fca4da7b595a013f01b8fc7aa7139a19.txt,0,1
npds_00191_V_P_I_323_jpg.rf.490f987dd2c0ec8e76ba858e6344c107,npds,/home/divya/projects/IndianANPR/data/processed/npds_leakage_safe/images/train/V_P_I_323_jpg.rf.490f987dd2c0ec8e76ba858e6344c107.jpg,/home/divya/projects/IndianANPR/data/processed/npds_leakage_safe/labels/train/V_P_I_323_jpg.rf.490f987dd2c0ec8e76ba858e6344c107.txt,0,1
npds_00192_V_P_I_3389_jpg.rf.d3d02af8dc2e39cd4ced7678384a1498,npds,/home/divya/projects/IndianANPR/data/processed/npds_leakage_safe/images/train/V_P_I_3389_jpg.rf.d3d02af8dc2e39cd4ced7678384a1498.jpg,/home/divya/projects/IndianANPR/data/processed/npds_leakage_safe/labels/train/V_P_I_3389_jpg.rf.d3d02af8dc2e39cd4ced7678384a1498.txt,0,1
npds_00193_V_P_I_1394_jpg.rf.2f392354cee49c63e258d9dae17e5066,npds,/home/divya/projects/IndianANPR/data/processed/npds_leakage_safe/images/train/V_P_I_1394_jpg.rf.2f392354cee49c63e258d9dae17e5066.jpg,/home/divya/projects/IndianANPR/data/processed/npds_leakage_safe/labels/train/V_P_I_1394_jpg.rf.2f392354cee49c63e258d9dae17e5066.txt,0,1
npds_00194_V_P_I_3249_jpg.rf.36bd5ae40772436bd3b6ff984ac13c95,npds,/home/divya/projects/IndianANPR/data/processed/npds_leakage_safe/images/train/V_P_I_3249_jpg.rf.36bd5ae40772436bd3b6ff984ac13c95.jpg,/home/divya/projects/IndianANPR/data/processed/npds_leakage_safe/labels/train/V_P_I_3249_jpg.rf.36bd5ae40772436bd3b6ff984ac13c95.txt,0,1
npds_00195_V_P_I_803_jpg.rf.d19e5fb17abe8213c5f2e4fda56ed017,npds,/home/divya/projects/IndianANPR/data/processed/npds_leakage_safe/images/train/V_P_I_803_jpg.rf.d19e5fb17abe8213c5f2e4fda56ed017.jpg,/home/divya/projects/IndianANPR/data/processed/npds_leakage_safe/labels/train/V_P_I_803_jpg.rf.d19e5fb17abe8213c5f2e4fda56ed017.txt,0,1
npds_00196_V_P_I_2789_jpg.rf.8271d575535618c7080d399bd7a8c59d,npds,/home/divya/projects/IndianANPR/data/processed/npds_leakage_safe/images/train/V_P_I_2789_jpg.rf.8271d575535618c7080d399bd7a8c59d.jpg,/home/divya/projects/IndianANPR/data/processed/npds_leakage_safe/labels/train/V_P_I_2789_jpg.rf.8271d575535618c7080d399bd7a8c59d.txt,0,1
npds_00197_V_P_I_3507_jpg.rf.c8b1f25911458909478b0cc005db89f5,npds,/home/divya/projects/IndianANPR/data/processed/npds_leakage_safe/images/train/V_P_I_3507_jpg.rf.c8b1f25911458909478b0cc005db89f5.jpg,/home/divya/projects/IndianANPR/data/processed/npds_leakage_safe/labels/train/V_P_I_3507_jpg.rf.c8b1f25911458909478b0cc005db89f5.txt,0,1
npds_00198_V_P_I_1879_jpg.rf.803482ab020d5440954f8647cf861e54,npds,/home/divya/projects/IndianANPR/data/processed/npds_leakage_safe/images/train/V_P_I_1879_jpg.rf.803482ab020d5440954f8647cf861e54.jpg,/home/divya/projects/IndianANPR/data/processed/npds_leakage_safe/labels/train/V_P_I_1879_jpg.rf.803482ab020d5440954f8647cf861e54.txt,0,2
npds_00199_V_P_I_388_jpg.rf.1347c9a1c27aa3378dd00a8d1b08af99,npds,/home/divya/projects/IndianANPR/data/processed/npds_leakage_safe/images/train/V_P_I_388_jpg.rf.1347c9a1c27aa3378dd00a8d1b08af99.jpg,/home/divya/projects/IndianANPR/data/processed/npds_leakage_safe/labels/train/V_P_I_388_jpg.rf.1347c9a1c27aa3378dd00a8d1b08af99.txt,0,1
npds_00200_V_P_I_3102_jpg.rf.feb5840a056573a43e1afb1b27d4be6a,npds,/home/divya/projects/IndianANPR/data/processed/npds_leakage_safe/images/train/V_P_I_3102_jpg.rf.feb5840a056573a43e1afb1b27d4be6a.jpg,/home/divya/projects/IndianANPR/data/processed/npds_leakage_safe/labels/train/V_P_I_3102_jpg.rf.feb5840a056573a43e1afb1b27d4be6a.txt,0,1
npds_00201_V_P_I_2145_jpg.rf.3cd7133366ba0d163f5a6cbd628e47bb,npds,/home/divya/projects/IndianANPR/data/processed/npds_leakage_safe/images/train/V_P_I_2145_jpg.rf.3cd7133366ba0d163f5a6cbd628e47bb.jpg,/home/divya/projects/IndianANPR/data/processed/npds_leakage_safe/labels/train/V_P_I_2145_jpg.rf.3cd7133366ba0d163f5a6cbd628e47bb.txt,0,1
npds_00202_V_P_I_1379_jpg.rf.ba32c49a04589bb84bf0456ad6a48afd,npds,/home/divya/projects/IndianANPR/data/processed/npds_leakage_safe/images/train/V_P_I_1379_jpg.rf.ba32c49a04589bb84bf0456ad6a48afd.jpg,/home/divya/projects/IndianANPR/data/processed/npds_leakage_safe/labels/train/V_P_I_1379_jpg.rf.ba32c49a04589bb84bf0456ad6a48afd.txt,0,1
npds_00203_V_P_I_1986_jpg.rf.2ec3da63cd91ba3226b6dfba134fa78f,npds,/home/divya/projects/IndianANPR/data/processed/npds_leakage_safe/images/train/V_P_I_1986_jpg.rf.2ec3da63cd91ba3226b6dfba134fa78f.jpg,/home/divya/projects/IndianANPR/data/processed/npds_leakage_safe/labels/train/V_P_I_1986_jpg.rf.2ec3da63cd91ba3226b6dfba134fa78f.txt,0,1
npds_00204_V_P_I_2444_jpg.rf.ff26ca43391db7f335f2e7807926cf39,npds,/home/divya/projects/IndianANPR/data/processed/npds_leakage_safe/images/train/V_P_I_2444_jpg.rf.ff26ca43391db7f335f2e7807926cf39.jpg,/home/divya/projects/IndianANPR/data/processed/npds_leakage_safe/labels/train/V_P_I_2444_jpg.rf.ff26ca43391db7f335f2e7807926cf39.txt,0,1
npds_00205_V_P_I_1521_jpg.rf.c0a80468571e534b3d8d2ce4344c229b,npds,/home/divya/projects/IndianANPR/data/processed/npds_leakage_safe/images/train/V_P_I_1521_jpg.rf.c0a80468571e534b3d8d2ce4344c229b.jpg,/home/divya/projects/IndianANPR/data/processed/npds_leakage_safe/labels/train/V_P_I_1521_jpg.rf.c0a80468571e534b3d8d2ce4344c229b.txt,0,2
npds_00206_V_P_I_2509_jpg.rf.b4b4ae83db15c9f3fd0474094790d871,npds,/home/divya/projects/IndianANPR/data/processed/npds_leakage_safe/images/train/V_P_I_2509_jpg.rf.b4b4ae83db15c9f3fd0474094790d871.jpg,/home/divya/projects/IndianANPR/data/processed/npds_leakage_safe/labels/train/V_P_I_2509_jpg.rf.b4b4ae83db15c9f3fd0474094790d871.txt,0,1
npds_00207_V_P_I_1015_jpg.rf.a13dcf017da2e51348f5856dc14a3363,npds,/home/divya/projects/IndianANPR/data/processed/npds_leakage_safe/images/train/V_P_I_1015_jpg.rf.a13dcf017da2e51348f5856dc14a3363.jpg,/home/divya/projects/IndianANPR/data/processed/npds_leakage_safe/labels/train/V_P_I_1015_jpg.rf.a13dcf017da2e51348f5856dc14a3363.txt,0,2
npds_00208_V_P_I_3397_jpg.rf.49d11c69f25838c05d09eaa82f5d1930,npds,/home/divya/projects/IndianANPR/data/processed/npds_leakage_safe/images/train/V_P_I_3397_jpg.rf.49d11c69f25838c05d09eaa82f5d1930.jpg,/home/divya/projects/IndianANPR/data/processed/npds_leakage_safe/labels/train/V_P_I_3397_jpg.rf.49d11c69f25838c05d09eaa82f5d1930.txt,0,3
npds_00209_V_P_I_773_jpg.rf.d61a22c16bc20d100fdb16dddbf27dc8,npds,/home/divya/projects/IndianANPR/data/processed/npds_leakage_safe/images/train/V_P_I_773_jpg.rf.d61a22c16bc20d100fdb16dddbf27dc8.jpg,/home/divya/projects/IndianANPR/data/processed/npds_leakage_safe/labels/train/V_P_I_773_jpg.rf.d61a22c16bc20d100fdb16dddbf27dc8.txt,0,1
npds_00210_V_P_I_3386_jpg.rf.b9520acff1a9bfea2864f10894191d3a,npds,/home/divya/projects/IndianANPR/data/processed/npds_leakage_safe/images/train/V_P_I_3386_jpg.rf.b9520acff1a9bfea2864f10894191d3a.jpg,/home/divya/projects/IndianANPR/data/processed/npds_leakage_safe/labels/train/V_P_I_3386_jpg.rf.b9520acff1a9bfea2864f10894191d3a.txt,0,2
npds_00211_V_P_I_186_jpg.rf.61ce53b4e9433c544c505e56786c021c,npds,/home/divya/projects/IndianANPR/data/processed/npds_leakage_safe/images/train/V_P_I_186_jpg.rf.61ce53b4e9433c544c505e56786c021c.jpg,/home/divya/projects/IndianANPR/data/processed/npds_leakage_safe/labels/train/V_P_I_186_jpg.rf.61ce53b4e9433c544c505e56786c021c.txt,0,1
npds_00212_V_P_I_2668_jpg.rf.49e06c08eb953992bbc4b265ff5c473f,npds,/home/divya/projects/IndianANPR/data/processed/npds_leakage_safe/images/train/V_P_I_2668_jpg.rf.49e06c08eb953992bbc4b265ff5c473f.jpg,/home/divya/projects/IndianANPR/data/processed/npds_leakage_safe/labels/train/V_P_I_2668_jpg.rf.49e06c08eb953992bbc4b265ff5c473f.txt,0,1
npds_00213_V_P_I_364_jpg.rf.0898d4caf8628951ceef0a95c665091b,npds,/home/divya/projects/IndianANPR/data/processed/npds_leakage_safe/images/train/V_P_I_364_jpg.rf.0898d4caf8628951ceef0a95c665091b.jpg,/home/divya/projects/IndianANPR/data/processed/npds_leakage_safe/labels/train/V_P_I_364_jpg.rf.0898d4caf8628951ceef0a95c665091b.txt,0,1
npds_00214_V_P_I_1590_jpg.rf.062800350a22a4a9c53439c8dac5a181,npds,/home/divya/projects/IndianANPR/data/processed/npds_leakage_safe/images/train/V_P_I_1590_jpg.rf.062800350a22a4a9c53439c8dac5a181.jpg,/home/divya/projects/IndianANPR/data/processed/npds_leakage_safe/labels/train/V_P_I_1590_jpg.rf.062800350a22a4a9c53439c8dac5a181.txt,0,1
npds_00215_V_P_I_2692_jpg.rf.f8d2fa360202fd81b5ba3cd92590ad12,npds,/home/divya/projects/IndianANPR/data/processed/npds_leakage_safe/images/train/V_P_I_2692_jpg.rf.f8d2fa360202fd81b5ba3cd92590ad12.jpg,/home/divya/projects/IndianANPR/data/processed/npds_leakage_safe/labels/train/V_P_I_2692_jpg.rf.f8d2fa360202fd81b5ba3cd92590ad12.txt,0,1
npds_00216_V_P_I_900_jpg.rf.de9ada195d08da06ddcad593f0050cea,npds,/home/divya/projects/IndianANPR/data/processed/npds_leakage_safe/images/train/V_P_I_900_jpg.rf.de9ada195d08da06ddcad593f0050cea.jpg,/home/divya/projects/IndianANPR/data/processed/npds_leakage_safe/labels/train/V_P_I_900_jpg.rf.de9ada195d08da06ddcad593f0050cea.txt,0,1
npds_00217_V_P_I_1360_jpg.rf.d586784089ab706769fc1ace5871daba,npds,/home/divya/projects/IndianANPR/data/processed/npds_leakage_safe/images/train/V_P_I_1360_jpg.rf.d586784089ab706769fc1ace5871daba.jpg,/home/divya/projects/IndianANPR/data/processed/npds_leakage_safe/labels/train/V_P_I_1360_jpg.rf.d586784089ab706769fc1ace5871daba.txt,0,1
npds_00218_V_P_I_749_jpg.rf.fcb1ce7a9f2013692b924dedeab46d5c,npds,/home/divya/projects/IndianANPR/data/processed/npds_leakage_safe/images/train/V_P_I_749_jpg.rf.fcb1ce7a9f2013692b924dedeab46d5c.jpg,/home/divya/projects/IndianANPR/data/processed/npds_leakage_safe/labels/train/V_P_I_749_jpg.rf.fcb1ce7a9f2013692b924dedeab46d5c.txt,0,1
npds_00219_V_P_I_3054_jpg.rf.64f5640aaef1a9964139f57c4f1f963f,npds,/home/divya/projects/IndianANPR/data/processed/npds_leakage_safe/images/train/V_P_I_3054_jpg.rf.64f5640aaef1a9964139f57c4f1f963f.jpg,/home/divya/projects/IndianANPR/data/processed/npds_leakage_safe/labels/train/V_P_I_3054_jpg.rf.64f5640aaef1a9964139f57c4f1f963f.txt,0,1
npds_00220_V_P_I_2002_jpg.rf.1490b94b31743f7911e79c992be68ae2,npds,/home/divya/projects/IndianANPR/data/processed/npds_leakage_safe/images/train/V_P_I_2002_jpg.rf.1490b94b31743f7911e79c992be68ae2.jpg,/home/divya/projects/IndianANPR/data/processed/npds_leakage_safe/labels/train/V_P_I_2002_jpg.rf.1490b94b31743f7911e79c992be68ae2.txt,0,1
npds_00221_V_P_I_644_jpg.rf.19516af18f8bd872f1315a9e71c5bf67,npds,/home/divya/projects/IndianANPR/data/processed/npds_leakage_safe/images/train/V_P_I_644_jpg.rf.19516af18f8bd872f1315a9e71c5bf67.jpg,/home/divya/projects/IndianANPR/data/processed/npds_leakage_safe/labels/train/V_P_I_644_jpg.rf.19516af18f8bd872f1315a9e71c5bf67.txt,0,1
npds_00222_V_P_I_3099_jpg.rf.3b7ea11b0312fd7f83eb47c02c5acf57,npds,/home/divya/projects/IndianANPR/data/processed/npds_leakage_safe/images/train/V_P_I_3099_jpg.rf.3b7ea11b0312fd7f83eb47c02c5acf57.jpg,/home/divya/projects/IndianANPR/data/processed/npds_leakage_safe/labels/train/V_P_I_3099_jpg.rf.3b7ea11b0312fd7f83eb47c02c5acf57.txt,0,1
npds_00223_V_P_I_95_jpg.rf.01351b33361522600354301c815385ca,npds,/home/divya/projects/IndianANPR/data/processed/npds_leakage_safe/images/train/V_P_I_95_jpg.rf.01351b33361522600354301c815385ca.jpg,/home/divya/projects/IndianANPR/data/processed/npds_leakage_safe/labels/train/V_P_I_95_jpg.rf.01351b33361522600354301c815385ca.txt,0,3
npds_00224_V_P_I_3001_jpg.rf.95fd10f1662578309759e8d1a17c0a82,npds,/home/divya/projects/IndianANPR/data/processed/npds_leakage_safe/images/train/V_P_I_3001_jpg.rf.95fd10f1662578309759e8d1a17c0a82.jpg,/home/divya/projects/IndianANPR/data/processed/npds_leakage_safe/labels/train/V_P_I_3001_jpg.rf.95fd10f1662578309759e8d1a17c0a82.txt,0,1
npds_00225_V_P_I_1656_jpg.rf.ae07f20c34efc92c5259e4d5a550e059,npds,/home/divya/projects/IndianANPR/data/processed/npds_leakage_safe/images/train/V_P_I_1656_jpg.rf.ae07f20c34efc92c5259e4d5a550e059.jpg,/home/divya/projects/IndianANPR/data/processed/npds_leakage_safe/labels/train/V_P_I_1656_jpg.rf.ae07f20c34efc92c5259e4d5a550e059.txt,0,1
npds_00226_V_P_I_965_jpg.rf.ef18cdd1e43e3044136d7a203eedfb8e,npds,/home/divya/projects/IndianANPR/data/processed/npds_leakage_safe/images/train/V_P_I_965_jpg.rf.ef18cdd1e43e3044136d7a203eedfb8e.jpg,/home/divya/projects/IndianANPR/data/processed/npds_leakage_safe/labels/train/V_P_I_965_jpg.rf.ef18cdd1e43e3044136d7a203eedfb8e.txt,0,1
npds_00227_V_P_I_2259_jpg.rf.a73f8d4615c75e32d591f2406d131f56,npds,/home/divya/projects/IndianANPR/data/processed/npds_leakage_safe/images/train/V_P_I_2259_jpg.rf.a73f8d4615c75e32d591f2406d131f56.jpg,/home/divya/projects/IndianANPR/data/processed/npds_leakage_safe/labels/train/V_P_I_2259_jpg.rf.a73f8d4615c75e32d591f2406d131f56.txt,0,1
npds_00228_V_P_I_367_jpg.rf.bfc963dabb26769c197cc8fc0481bdf8,npds,/home/divya/projects/IndianANPR/data/processed/npds_leakage_safe/images/train/V_P_I_367_jpg.rf.bfc963dabb26769c197cc8fc0481bdf8.jpg,/home/divya/projects/IndianANPR/data/processed/npds_leakage_safe/labels/train/V_P_I_367_jpg.rf.bfc963dabb26769c197cc8fc0481bdf8.txt,0,1
npds_00229_V_P_I_1534_jpg.rf.16342793002bb56338a20b3d1e70c4b5,npds,/home/divya/projects/IndianANPR/data/processed/npds_leakage_safe/images/train/V_P_I_1534_jpg.rf.16342793002bb56338a20b3d1e70c4b5.jpg,/home/divya/projects/IndianANPR/data/processed/npds_leakage_safe/labels/train/V_P_I_1534_jpg.rf.16342793002bb56338a20b3d1e70c4b5.txt,0,1
npds_00230_V_P_I_2797_jpg.rf.bcc413cdf300641fe3f2060d66f22d3e,npds,/home/divya/projects/IndianANPR/data/processed/npds_leakage_safe/images/train/V_P_I_2797_jpg.rf.bcc413cdf300641fe3f2060d66f22d3e.jpg,/home/divya/projects/IndianANPR/data/processed/npds_leakage_safe/labels/train/V_P_I_2797_jpg.rf.bcc413cdf300641fe3f2060d66f22d3e.txt,0,1
npds_00231_V_P_I_427_jpg.rf.5eed3566380ea9a35d83a981eb71524a,npds,/home/divya/projects/IndianANPR/data/processed/npds_leakage_safe/images/train/V_P_I_427_jpg.rf.5eed3566380ea9a35d83a981eb71524a.jpg,/home/divya/projects/IndianANPR/data/processed/npds_leakage_safe/labels/train/V_P_I_427_jpg.rf.5eed3566380ea9a35d83a981eb71524a.txt,0,1
npds_00232_V_P_I_932_jpg.rf.b1862c754835347eb15c69351e634ba9,npds,/home/divya/projects/IndianANPR/data/processed/npds_leakage_safe/images/train/V_P_I_932_jpg.rf.b1862c754835347eb15c69351e634ba9.jpg,/home/divya/projects/IndianANPR/data/processed/npds_leakage_safe/labels/train/V_P_I_932_jpg.rf.b1862c754835347eb15c69351e634ba9.txt,0,1
npds_00233_V_P_I_2763_jpg.rf.d38e22d75e8f53bc31485a8f22a9387b,npds,/home/divya/projects/IndianANPR/data/processed/npds_leakage_safe/images/train/V_P_I_2763_jpg.rf.d38e22d75e8f53bc31485a8f22a9387b.jpg,/home/divya/projects/IndianANPR/data/processed/npds_leakage_safe/labels/train/V_P_I_2763_jpg.rf.d38e22d75e8f53bc31485a8f22a9387b.txt,0,1
npds_00234_V_P_I_916_jpg.rf.eac5c36125ae3df781b86b6de172381f,npds,/home/divya/projects/IndianANPR/data/processed/npds_leakage_safe/images/train/V_P_I_916_jpg.rf.eac5c36125ae3df781b86b6de172381f.jpg,/home/divya/projects/IndianANPR/data/processed/npds_leakage_safe/labels/train/V_P_I_916_jpg.rf.eac5c36125ae3df781b86b6de172381f.txt,0,1
npds_00235_V_P_I_1001_jpg.rf.71a3950ab39987cd14eaf9e575cd7136,npds,/home/divya/projects/IndianANPR/data/processed/npds_leakage_safe/images/train/V_P_I_1001_jpg.rf.71a3950ab39987cd14eaf9e575cd7136.jpg,/home/divya/projects/IndianANPR/data/processed/npds_leakage_safe/labels/train/V_P_I_1001_jpg.rf.71a3950ab39987cd14eaf9e575cd7136.txt,0,1
npds_00236_V_P_I_2977_jpg.rf.83276c2e97d675c3bc72ba9d3802973e,npds,/home/divya/projects/IndianANPR/data/processed/npds_leakage_safe/images/train/V_P_I_2977_jpg.rf.83276c2e97d675c3bc72ba9d3802973e.jpg,/home/divya/projects/IndianANPR/data/processed/npds_leakage_safe/labels/train/V_P_I_2977_jpg.rf.83276c2e97d675c3bc72ba9d3802973e.txt,0,1
npds_00237_V_P_I_2103_jpg.rf.4efa03a247b1fda3e984392b94b6164e,npds,/home/divya/projects/IndianANPR/data/processed/npds_leakage_safe/images/train/V_P_I_2103_jpg.rf.4efa03a247b1fda3e984392b94b6164e.jpg,/home/divya/projects/IndianANPR/data/processed/npds_leakage_safe/labels/train/V_P_I_2103_jpg.rf.4efa03a247b1fda3e984392b94b6164e.txt,0,2
npds_00238_V_P_I_2618_jpg.rf.948dcb54d543511ec2666cb6a0d43b81,npds,/home/divya/projects/IndianANPR/data/processed/npds_leakage_safe/images/train/V_P_I_2618_jpg.rf.948dcb54d543511ec2666cb6a0d43b81.jpg,/home/divya/projects/IndianANPR/data/processed/npds_leakage_safe/labels/train/V_P_I_2618_jpg.rf.948dcb54d543511ec2666cb6a0d43b81.txt,0,1
npds_00239_V_P_I_1066_jpg.rf.30c14ea1b51511b94d32cb0e09f47db5,npds,/home/divya/projects/IndianANPR/data/processed/npds_leakage_safe/images/train/V_P_I_1066_jpg.rf.30c14ea1b51511b94d32cb0e09f47db5.jpg,/home/divya/projects/IndianANPR/data/processed/npds_leakage_safe/labels/train/V_P_I_1066_jpg.rf.30c14ea1b51511b94d32cb0e09f47db5.txt,0,1
npds_00240_V_P_I_1380_jpg.rf.3e857e0fe40ff03da5cb755e501f7dcb,npds,/home/divya/projects/IndianANPR/data/processed/npds_leakage_safe/images/train/V_P_I_1380_jpg.rf.3e857e0fe40ff03da5cb755e501f7dcb.jpg,/home/divya/projects/IndianANPR/data/processed/npds_leakage_safe/labels/train/V_P_I_1380_jpg.rf.3e857e0fe40ff03da5cb755e501f7dcb.txt,0,1
npds_00241_V_P_I_2220_jpg.rf.a210c6a85183d35a35671d7d10b7f556,npds,/home/divya/projects/IndianANPR/data/processed/npds_leakage_safe/images/train/V_P_I_2220_jpg.rf.a210c6a85183d35a35671d7d10b7f556.jpg,/home/divya/projects/IndianANPR/data/processed/npds_leakage_safe/labels/train/V_P_I_2220_jpg.rf.a210c6a85183d35a35671d7d10b7f556.txt,0,1
npds_00242_V_P_I_783_jpg.rf.80957ef44515e5c3b56c2f22a7b13af7,npds,/home/divya/projects/IndianANPR/data/processed/npds_leakage_safe/images/train/V_P_I_783_jpg.rf.80957ef44515e5c3b56c2f22a7b13af7.jpg,/home/divya/projects/IndianANPR/data/processed/npds_leakage_safe/labels/train/V_P_I_783_jpg.rf.80957ef44515e5c3b56c2f22a7b13af7.txt,0,1
npds_00243_V_P_I_609_jpg.rf.a10097db200459a7391c30a80fbca4f0,npds,/home/divya/projects/IndianANPR/data/processed/npds_leakage_safe/images/train/V_P_I_609_jpg.rf.a10097db200459a7391c30a80fbca4f0.jpg,/home/divya/projects/IndianANPR/data/processed/npds_leakage_safe/labels/train/V_P_I_609_jpg.rf.a10097db200459a7391c30a80fbca4f0.txt,0,1
npds_00244_V_P_I_522_jpg.rf.593ab85be66224ed1c106d1ad2e4b824,npds,/home/divya/projects/IndianANPR/data/processed/npds_leakage_safe/images/train/V_P_I_522_jpg.rf.593ab85be66224ed1c106d1ad2e4b824.jpg,/home/divya/projects/IndianANPR/data/processed/npds_leakage_safe/labels/train/V_P_I_522_jpg.rf.593ab85be66224ed1c106d1ad2e4b824.txt,0,1
npds_00245_V_P_I_2040_jpg.rf.eaeb677288c0542811be39752f751b5b,npds,/home/divya/projects/IndianANPR/data/processed/npds_leakage_safe/images/train/V_P_I_2040_jpg.rf.eaeb677288c0542811be39752f751b5b.jpg,/home/divya/projects/IndianANPR/data/processed/npds_leakage_safe/labels/train/V_P_I_2040_jpg.rf.eaeb677288c0542811be39752f751b5b.txt,0,1
npds_00246_V_P_I_1784_jpg.rf.3e8a84a487092b4a39967b974e71bbd9,npds,/home/divya/projects/IndianANPR/data/processed/npds_leakage_safe/images/train/V_P_I_1784_jpg.rf.3e8a84a487092b4a39967b974e71bbd9.jpg,/home/divya/projects/IndianANPR/data/processed/npds_leakage_safe/labels/train/V_P_I_1784_jpg.rf.3e8a84a487092b4a39967b974e71bbd9.txt,0,1
npds_00247_V_P_I_1191_jpg.rf.4fbbaa81287f953dc355dfc99164a323,npds,/home/divya/projects/IndianANPR/data/processed/npds_leakage_safe/images/train/V_P_I_1191_jpg.rf.4fbbaa81287f953dc355dfc99164a323.jpg,/home/divya/projects/IndianANPR/data/processed/npds_leakage_safe/labels/train/V_P_I_1191_jpg.rf.4fbbaa81287f953dc355dfc99164a323.txt,0,2
npds_00248_V_P_I_1789_jpg.rf.28e99ca8f24fe4fb41e6e1e86b0d9edf,npds,/home/divya/projects/IndianANPR/data/processed/npds_leakage_safe/images/train/V_P_I_1789_jpg.rf.28e99ca8f24fe4fb41e6e1e86b0d9edf.jpg,/home/divya/projects/IndianANPR/data/processed/npds_leakage_safe/labels/train/V_P_I_1789_jpg.rf.28e99ca8f24fe4fb41e6e1e86b0d9edf.txt,0,1
npds_00249_V_P_I_781_jpg.rf.495569dbd9060f06d46cdc5069004821,npds,/home/divya/projects/IndianANPR/data/processed/npds_leakage_safe/images/train/V_P_I_781_jpg.rf.495569dbd9060f06d46cdc5069004821.jpg,/home/divya/projects/IndianANPR/data/processed/npds_leakage_safe/labels/train/V_P_I_781_jpg.rf.495569dbd9060f06d46cdc5069004821.txt,0,1
npds_00250_V_P_I_2878_jpg.rf.e4cc075f412e629ce6bd21017d73b1af,npds,/home/divya/projects/IndianANPR/data/processed/npds_leakage_safe/images/train/V_P_I_2878_jpg.rf.e4cc075f412e629ce6bd21017d73b1af.jpg,/home/divya/projects/IndianANPR/data/processed/npds_leakage_safe/labels/train/V_P_I_2878_jpg.rf.e4cc075f412e629ce6bd21017d73b1af.txt,0,1
npds_00251_V_P_I_1273_jpg.rf.49148b4b7c48bd10eeb2a21da96ef27f,npds,/home/divya/projects/IndianANPR/data/processed/npds_leakage_safe/images/train/V_P_I_1273_jpg.rf.49148b4b7c48bd10eeb2a21da96ef27f.jpg,/home/divya/projects/IndianANPR/data/processed/npds_leakage_safe/labels/train/V_P_I_1273_jpg.rf.49148b4b7c48bd10eeb2a21da96ef27f.txt,0,1
npds_00252_V_P_I_1293_jpg.rf.d4f3bf15d5177e3b1b5c48c893fb9443,npds,/home/divya/projects/IndianANPR/data/processed/npds_leakage_safe/images/train/V_P_I_1293_jpg.rf.d4f3bf15d5177e3b1b5c48c893fb9443.jpg,/home/divya/projects/IndianANPR/data/processed/npds_leakage_safe/labels/train/V_P_I_1293_jpg.rf.d4f3bf15d5177e3b1b5c48c893fb9443.txt,0,1
npds_00253_V_P_I_3430_jpeg_jpg.rf.ad4d45d2516856becb6f47f71007b15e,npds,/home/divya/projects/IndianANPR/data/processed/npds_leakage_safe/images/train/V_P_I_3430_jpeg_jpg.rf.ad4d45d2516856becb6f47f71007b15e.jpg,/home/divya/projects/IndianANPR/data/processed/npds_leakage_safe/labels/train/V_P_I_3430_jpeg_jpg.rf.ad4d45d2516856becb6f47f71007b15e.txt,0,1
npds_00254_V_P_I_260_jpg.rf.a806bf56d29a2db3c03880f7aff8e564,npds,/home/divya/projects/IndianANPR/data/processed/npds_leakage_safe/images/train/V_P_I_260_jpg.rf.a806bf56d29a2db3c03880f7aff8e564.jpg,/home/divya/projects/IndianANPR/data/processed/npds_leakage_safe/labels/train/V_P_I_260_jpg.rf.a806bf56d29a2db3c03880f7aff8e564.txt,0,1
npds_00255_V_P_I_560_jpg.rf.fd2b135c8cd44a5c97bcd237bcf63bc5,npds,/home/divya/projects/IndianANPR/data/processed/npds_leakage_safe/images/train/V_P_I_560_jpg.rf.fd2b135c8cd44a5c97bcd237bcf63bc5.jpg,/home/divya/projects/IndianANPR/data/processed/npds_leakage_safe/labels/train/V_P_I_560_jpg.rf.fd2b135c8cd44a5c97bcd237bcf63bc5.txt,0,1
npds_00256_V_P_I_1232_jpg.rf.02775f622dbbe0a916fef022f6de94f3,npds,/home/divya/projects/IndianANPR/data/processed/npds_leakage_safe/images/train/V_P_I_1232_jpg.rf.02775f622dbbe0a916fef022f6de94f3.jpg,/home/divya/projects/IndianANPR/data/processed/npds_leakage_safe/labels/train/V_P_I_1232_jpg.rf.02775f622dbbe0a916fef022f6de94f3.txt,0,1
npds_00257_V_P_I_356_jpg.rf.37f7425b45fc6d7fabb5792ea231f3f7,npds,/home/divya/projects/IndianANPR/data/processed/npds_leakage_safe/images/train/V_P_I_356_jpg.rf.37f7425b45fc6d7fabb5792ea231f3f7.jpg,/home/divya/projects/IndianANPR/data/processed/npds_leakage_safe/labels/train/V_P_I_356_jpg.rf.37f7425b45fc6d7fabb5792ea231f3f7.txt,0,1
npds_00258_V_P_I_2775_jpg.rf.a08aec17ef6d366e4e00f2d8d1d810e9,npds,/home/divya/projects/IndianANPR/data/processed/npds_leakage_safe/images/train/V_P_I_2775_jpg.rf.a08aec17ef6d366e4e00f2d8d1d810e9.jpg,/home/divya/projects/IndianANPR/data/processed/npds_leakage_safe/labels/train/V_P_I_2775_jpg.rf.a08aec17ef6d366e4e00f2d8d1d810e9.txt,0,1
npds_00259_V_P_I_377_jpg.rf.b4cb4daf8becb0d36dedf5dab7663079,npds,/home/divya/projects/IndianANPR/data/processed/npds_leakage_safe/images/train/V_P_I_377_jpg.rf.b4cb4daf8becb0d36dedf5dab7663079.jpg,/home/divya/projects/IndianANPR/data/processed/npds_leakage_safe/labels/train/V_P_I_377_jpg.rf.b4cb4daf8becb0d36dedf5dab7663079.txt,0,1
npds_00260_V_P_I_1427_jpg.rf.a7d6472a689a22eb0dee6a6c8a60c76d,npds,/home/divya/projects/IndianANPR/data/processed/npds_leakage_safe/images/train/V_P_I_1427_jpg.rf.a7d6472a689a22eb0dee6a6c8a60c76d.jpg,/home/divya/projects/IndianANPR/data/processed/npds_leakage_safe/labels/train/V_P_I_1427_jpg.rf.a7d6472a689a22eb0dee6a6c8a60c76d.txt,0,1
npds_00261_V_P_I_1433_jpg.rf.91c1b3afb14430efc4eb94dc82217355,npds,/home/divya/projects/IndianANPR/data/processed/npds_leakage_safe/images/train/V_P_I_1433_jpg.rf.91c1b3afb14430efc4eb94dc82217355.jpg,/home/divya/projects/IndianANPR/data/processed/npds_leakage_safe/labels/train/V_P_I_1433_jpg.rf.91c1b3afb14430efc4eb94dc82217355.txt,0,1
npds_00262_V_P_I_3167_jpg.rf.ccf1a61c3583798430edcaf1c9dfb8e2,npds,/home/divya/projects/IndianANPR/data/processed/npds_leakage_safe/images/train/V_P_I_3167_jpg.rf.ccf1a61c3583798430edcaf1c9dfb8e2.jpg,/home/divya/projects/IndianANPR/data/processed/npds_leakage_safe/labels/train/V_P_I_3167_jpg.rf.ccf1a61c3583798430edcaf1c9dfb8e2.txt,0,1
npds_00263_V_P_I_2582_jpg.rf.0c3383f2b8864fa83fc734bd80933211,npds,/home/divya/projects/IndianANPR/data/processed/npds_leakage_safe/images/train/V_P_I_2582_jpg.rf.0c3383f2b8864fa83fc734bd80933211.jpg,/home/divya/projects/IndianANPR/data/processed/npds_leakage_safe/labels/train/V_P_I_2582_jpg.rf.0c3383f2b8864fa83fc734bd80933211.txt,0,1
npds_00264_V_P_I_2822_jpg.rf.0621960d70c9f735cbf0156353698cfc,npds,/home/divya/projects/IndianANPR/data/processed/npds_leakage_safe/images/train/V_P_I_2822_jpg.rf.0621960d70c9f735cbf0156353698cfc.jpg,/home/divya/projects/IndianANPR/data/processed/npds_leakage_safe/labels/train/V_P_I_2822_jpg.rf.0621960d70c9f735cbf0156353698cfc.txt,0,1
npds_00265_V_P_I_1545_jpg.rf.87742659427d75ed99718712eaa5df56,npds,/home/divya/projects/IndianANPR/data/processed/npds_leakage_safe/images/train/V_P_I_1545_jpg.rf.87742659427d75ed99718712eaa5df56.jpg,/home/divya/projects/IndianANPR/data/processed/npds_leakage_safe/labels/train/V_P_I_1545_jpg.rf.87742659427d75ed99718712eaa5df56.txt,0,1
npds_00266_V_P_I_1874_jpg.rf.95da1e91b36ac94d0cab59900f6bf79d,npds,/home/divya/projects/IndianANPR/data/processed/npds_leakage_safe/images/train/V_P_I_1874_jpg.rf.95da1e91b36ac94d0cab59900f6bf79d.jpg,/home/divya/projects/IndianANPR/data/processed/npds_leakage_safe/labels/train/V_P_I_1874_jpg.rf.95da1e91b36ac94d0cab59900f6bf79d.txt,0,1
npds_00267_V_P_I_2755_jpg.rf.4b6af8d91f42c63784f42e109206d08b,npds,/home/divya/projects/IndianANPR/data/processed/npds_leakage_safe/images/train/V_P_I_2755_jpg.rf.4b6af8d91f42c63784f42e109206d08b.jpg,/home/divya/projects/IndianANPR/data/processed/npds_leakage_safe/labels/train/V_P_I_2755_jpg.rf.4b6af8d91f42c63784f42e109206d08b.txt,0,1
npds_00268_V_P_I_759_jpg.rf.e9dfffc89dc3d8c789126f706f2f8351,npds,/home/divya/projects/IndianANPR/data/processed/npds_leakage_safe/images/train/V_P_I_759_jpg.rf.e9dfffc89dc3d8c789126f706f2f8351.jpg,/home/divya/projects/IndianANPR/data/processed/npds_leakage_safe/labels/train/V_P_I_759_jpg.rf.e9dfffc89dc3d8c789126f706f2f8351.txt,0,1
npds_00269_V_P_I_2999_jpg.rf.955cddb449ca0c6fa65cc2309db78b76,npds,/home/divya/projects/IndianANPR/data/processed/npds_leakage_safe/images/train/V_P_I_2999_jpg.rf.955cddb449ca0c6fa65cc2309db78b76.jpg,/home/divya/projects/IndianANPR/data/processed/npds_leakage_safe/labels/train/V_P_I_2999_jpg.rf.955cddb449ca0c6fa65cc2309db78b76.txt,0,1
npds_00270_V_P_I_2414_jpg.rf.173f69cf45282eed48bfc22226c59329,npds,/home/divya/projects/IndianANPR/data/processed/npds_leakage_safe/images/train/V_P_I_2414_jpg.rf.173f69cf45282eed48bfc22226c59329.jpg,/home/divya/projects/IndianANPR/data/processed/npds_leakage_safe/labels/train/V_P_I_2414_jpg.rf.173f69cf45282eed48bfc22226c59329.txt,0,1
npds_00271_V_P_I_1693_jpg.rf.f36e8651d1eb65e65a67fa1efc3ec340,npds,/home/divya/projects/IndianANPR/data/processed/npds_leakage_safe/images/train/V_P_I_1693_jpg.rf.f36e8651d1eb65e65a67fa1efc3ec340.jpg,/home/divya/projects/IndianANPR/data/processed/npds_leakage_safe/labels/train/V_P_I_1693_jpg.rf.f36e8651d1eb65e65a67fa1efc3ec340.txt,0,1
npds_00272_V_P_I_2797_jpg.rf.93d8775192a65ddf9e6cf4ef2c40ec12,npds,/home/divya/projects/IndianANPR/data/processed/npds_leakage_safe/images/train/V_P_I_2797_jpg.rf.93d8775192a65ddf9e6cf4ef2c40ec12.jpg,/home/divya/projects/IndianANPR/data/processed/npds_leakage_safe/labels/train/V_P_I_2797_jpg.rf.93d8775192a65ddf9e6cf4ef2c40ec12.txt,0,1
npds_00273_V_P_I_3522_jpg.rf.6e127b7c6961c3384f0b3672a14051a1,npds,/home/divya/projects/IndianANPR/data/processed/npds_leakage_safe/images/train/V_P_I_3522_jpg.rf.6e127b7c6961c3384f0b3672a14051a1.jpg,/home/divya/projects/IndianANPR/data/processed/npds_leakage_safe/labels/train/V_P_I_3522_jpg.rf.6e127b7c6961c3384f0b3672a14051a1.txt,0,1
npds_00274_V_P_I_3420_jpeg_jpg.rf.a4f57a6c205371f8d2f678c6d468be6a,npds,/home/divya/projects/IndianANPR/data/processed/npds_leakage_safe/images/train/V_P_I_3420_jpeg_jpg.rf.a4f57a6c205371f8d2f678c6d468be6a.jpg,/home/divya/projects/IndianANPR/data/processed/npds_leakage_safe/labels/train/V_P_I_3420_jpeg_jpg.rf.a4f57a6c205371f8d2f678c6d468be6a.txt,0,1
npds_00275_V_P_I_3274_jpg.rf.0883b04a3abba99e43ee9077affeb90b,npds,/home/divya/projects/IndianANPR/data/processed/npds_leakage_safe/images/train/V_P_I_3274_jpg.rf.0883b04a3abba99e43ee9077affeb90b.jpg,/home/divya/projects/IndianANPR/data/processed/npds_leakage_safe/labels/train/V_P_I_3274_jpg.rf.0883b04a3abba99e43ee9077affeb90b.txt,0,1
npds_00276_V_P_I_1661_jpg.rf.148dcab8240a417fbff616a0c2e87e3a,npds,/home/divya/projects/IndianANPR/data/processed/npds_leakage_safe/images/train/V_P_I_1661_jpg.rf.148dcab8240a417fbff616a0c2e87e3a.jpg,/home/divya/projects/IndianANPR/data/processed/npds_leakage_safe/labels/train/V_P_I_1661_jpg.rf.148dcab8240a417fbff616a0c2e87e3a.txt,0,1
npds_00277_V_P_I_3366_jpg.rf.45b4043e6da1f46c492574c07bb8aa9c,npds,/home/divya/projects/IndianANPR/data/processed/npds_leakage_safe/images/train/V_P_I_3366_jpg.rf.45b4043e6da1f46c492574c07bb8aa9c.jpg,/home/divya/projects/IndianANPR/data/processed/npds_leakage_safe/labels/train/V_P_I_3366_jpg.rf.45b4043e6da1f46c492574c07bb8aa9c.txt,0,1
npds_00278_V_P_I_2059_jpg.rf.f05ccfcec3a8dfa604bf39f67ed6eaf2,npds,/home/divya/projects/IndianANPR/data/processed/npds_leakage_safe/images/train/V_P_I_2059_jpg.rf.f05ccfcec3a8dfa604bf39f67ed6eaf2.jpg,/home/divya/projects/IndianANPR/data/processed/npds_leakage_safe/labels/train/V_P_I_2059_jpg.rf.f05ccfcec3a8dfa604bf39f67ed6eaf2.txt,0,2
npds_00279_V_P_I_2339_jpg.rf.8baa8fdb1fd052253599863feaf9a0c6,npds,/home/divya/projects/IndianANPR/data/processed/npds_leakage_safe/images/train/V_P_I_2339_jpg.rf.8baa8fdb1fd052253599863feaf9a0c6.jpg,/home/divya/projects/IndianANPR/data/processed/npds_leakage_safe/labels/train/V_P_I_2339_jpg.rf.8baa8fdb1fd052253599863feaf9a0c6.txt,0,1
npds_00280_V_P_I_31_jpg.rf.504dc7252f33110f0715a011509617bc,npds,/home/divya/projects/IndianANPR/data/processed/npds_leakage_safe/images/train/V_P_I_31_jpg.rf.504dc7252f33110f0715a011509617bc.jpg,/home/divya/projects/IndianANPR/data/processed/npds_leakage_safe/labels/train/V_P_I_31_jpg.rf.504dc7252f33110f0715a011509617bc.txt,0,1
npds_00281_V_P_I_995_jpg.rf.aa18831cca141d9180e44cade8598f0d,npds,/home/divya/projects/IndianANPR/data/processed/npds_leakage_safe/images/train/V_P_I_995_jpg.rf.aa18831cca141d9180e44cade8598f0d.jpg,/home/divya/projects/IndianANPR/data/processed/npds_leakage_safe/labels/train/V_P_I_995_jpg.rf.aa18831cca141d9180e44cade8598f0d.txt,0,1
npds_00282_V_P_I_2255_jpg.rf.9bcdc88e13c25f35bf48778e70d3bcb7,npds,/home/divya/projects/IndianANPR/data/processed/npds_leakage_safe/images/train/V_P_I_2255_jpg.rf.9bcdc88e13c25f35bf48778e70d3bcb7.jpg,/home/divya/projects/IndianANPR/data/processed/npds_leakage_safe/labels/train/V_P_I_2255_jpg.rf.9bcdc88e13c25f35bf48778e70d3bcb7.txt,0,1
npds_00283_V_P_I_2455_jpg.rf.ecae04d1ee42d6368f64bcf7f17a43ff,npds,/home/divya/projects/IndianANPR/data/processed/npds_leakage_safe/images/train/V_P_I_2455_jpg.rf.ecae04d1ee42d6368f64bcf7f17a43ff.jpg,/home/divya/projects/IndianANPR/data/processed/npds_leakage_safe/labels/train/V_P_I_2455_jpg.rf.ecae04d1ee42d6368f64bcf7f17a43ff.txt,0,1
npds_00284_V_P_I_858_jpg.rf.e99c8d492b8efde1244a333baeb08f04,npds,/home/divya/projects/IndianANPR/data/processed/npds_leakage_safe/images/train/V_P_I_858_jpg.rf.e99c8d492b8efde1244a333baeb08f04.jpg,/home/divya/projects/IndianANPR/data/processed/npds_leakage_safe/labels/train/V_P_I_858_jpg.rf.e99c8d492b8efde1244a333baeb08f04.txt,0,1
npds_00285_V_P_I_2723_jpg.rf.a5570603068576a304985d84686a64ef,npds,/home/divya/projects/IndianANPR/data/processed/npds_leakage_safe/images/train/V_P_I_2723_jpg.rf.a5570603068576a304985d84686a64ef.jpg,/home/divya/projects/IndianANPR/data/processed/npds_leakage_safe/labels/train/V_P_I_2723_jpg.rf.a5570603068576a304985d84686a64ef.txt,0,1
npds_00286_V_P_I_249_jpg.rf.c08a7195bde790f1e7e6e62063a70fd0,npds,/home/divya/projects/IndianANPR/data/processed/npds_leakage_safe/images/train/V_P_I_249_jpg.rf.c08a7195bde790f1e7e6e62063a70fd0.jpg,/home/divya/projects/IndianANPR/data/processed/npds_leakage_safe/labels/train/V_P_I_249_jpg.rf.c08a7195bde790f1e7e6e62063a70fd0.txt,0,1
npds_00287_V_P_I_1412_jpg.rf.20f070a8d4e575a5cc6e79f731bc726b,npds,/home/divya/projects/IndianANPR/data/processed/npds_leakage_safe/images/train/V_P_I_1412_jpg.rf.20f070a8d4e575a5cc6e79f731bc726b.jpg,/home/divya/projects/IndianANPR/data/processed/npds_leakage_safe/labels/train/V_P_I_1412_jpg.rf.20f070a8d4e575a5cc6e79f731bc726b.txt,0,1
npds_00288_V_P_I_1814_jpg.rf.83ea1a29be605823d980fc4916ccdefe,npds,/home/divya/projects/IndianANPR/data/processed/npds_leakage_safe/images/train/V_P_I_1814_jpg.rf.83ea1a29be605823d980fc4916ccdefe.jpg,/home/divya/projects/IndianANPR/data/processed/npds_leakage_safe/labels/train/V_P_I_1814_jpg.rf.83ea1a29be605823d980fc4916ccdefe.txt,0,1
npds_00289_V_P_I_1738_jpg.rf.f226c056a10e66f9d49b388c91acd6f3,npds,/home/divya/projects/IndianANPR/data/processed/npds_leakage_safe/images/train/V_P_I_1738_jpg.rf.f226c056a10e66f9d49b388c91acd6f3.jpg,/home/divya/projects/IndianANPR/data/processed/npds_leakage_safe/labels/train/V_P_I_1738_jpg.rf.f226c056a10e66f9d49b388c91acd6f3.txt,0,1
npds_00290_V_P_I_1209_jpg.rf.f0f4f3ef44f94bb0f9b49a73bacd9529,npds,/home/divya/projects/IndianANPR/data/processed/npds_leakage_safe/images/train/V_P_I_1209_jpg.rf.f0f4f3ef44f94bb0f9b49a73bacd9529.jpg,/home/divya/projects/IndianANPR/data/processed/npds_leakage_safe/labels/train/V_P_I_1209_jpg.rf.f0f4f3ef44f94bb0f9b49a73bacd9529.txt,0,1
npds_00291_V_P_I_2139_jpg.rf.d9e9fb0418ad3a11fe549d7e70e95f19,npds,/home/divya/projects/IndianANPR/data/processed/npds_leakage_safe/images/train/V_P_I_2139_jpg.rf.d9e9fb0418ad3a11fe549d7e70e95f19.jpg,/home/divya/projects/IndianANPR/data/processed/npds_leakage_safe/labels/train/V_P_I_2139_jpg.rf.d9e9fb0418ad3a11fe549d7e70e95f19.txt,0,1
npds_00292_V_P_I_1069_jpg.rf.fab4a5c4cd6be818ef61036cf8128bb5,npds,/home/divya/projects/IndianANPR/data/processed/npds_leakage_safe/images/train/V_P_I_1069_jpg.rf.fab4a5c4cd6be818ef61036cf8128bb5.jpg,/home/divya/projects/IndianANPR/data/processed/npds_leakage_safe/labels/train/V_P_I_1069_jpg.rf.fab4a5c4cd6be818ef61036cf8128bb5.txt,0,1
npds_00293_V_P_I_293_jpg.rf.49adc667832f576cc86215086c0fad37,npds,/home/divya/projects/IndianANPR/data/processed/npds_leakage_safe/images/train/V_P_I_293_jpg.rf.49adc667832f576cc86215086c0fad37.jpg,/home/divya/projects/IndianANPR/data/processed/npds_leakage_safe/labels/train/V_P_I_293_jpg.rf.49adc667832f576cc86215086c0fad37.txt,0,1
npds_00294_V_P_I_283_jpg.rf.02d73d6903815a778e0efbfb216a3031,npds,/home/divya/projects/IndianANPR/data/processed/npds_leakage_safe/images/train/V_P_I_283_jpg.rf.02d73d6903815a778e0efbfb216a3031.jpg,/home/divya/projects/IndianANPR/data/processed/npds_leakage_safe/labels/train/V_P_I_283_jpg.rf.02d73d6903815a778e0efbfb216a3031.txt,0,1
npds_00295_V_P_I_1755_jpg.rf.a9531f237c9a01ee2adee8c2fda91687,npds,/home/divya/projects/IndianANPR/data/processed/npds_leakage_safe/images/train/V_P_I_1755_jpg.rf.a9531f237c9a01ee2adee8c2fda91687.jpg,/home/divya/projects/IndianANPR/data/processed/npds_leakage_safe/labels/train/V_P_I_1755_jpg.rf.a9531f237c9a01ee2adee8c2fda91687.txt,0,1
npds_00296_V_P_I_293_jpg.rf.99b55c119c04355320e97e1fcacc3db6,npds,/home/divya/projects/IndianANPR/data/processed/npds_leakage_safe/images/train/V_P_I_293_jpg.rf.99b55c119c04355320e97e1fcacc3db6.jpg,/home/divya/projects/IndianANPR/data/processed/npds_leakage_safe/labels/train/V_P_I_293_jpg.rf.99b55c119c04355320e97e1fcacc3db6.txt,0,1
npds_00297_V_P_I_171_jpg.rf.85b72c33f135af82f3c6beef9e094a8b,npds,/home/divya/projects/IndianANPR/data/processed/npds_leakage_safe/images/train/V_P_I_171_jpg.rf.85b72c33f135af82f3c6beef9e094a8b.jpg,/home/divya/projects/IndianANPR/data/processed/npds_leakage_safe/labels/train/V_P_I_171_jpg.rf.85b72c33f135af82f3c6beef9e094a8b.txt,0,1
npds_00298_V_P_I_1029_jpg.rf.38f81a1e3e97cea42ae56ba9e001f009,npds,/home/divya/projects/IndianANPR/data/processed/npds_leakage_safe/images/train/V_P_I_1029_jpg.rf.38f81a1e3e97cea42ae56ba9e001f009.jpg,/home/divya/projects/IndianANPR/data/processed/npds_leakage_safe/labels/train/V_P_I_1029_jpg.rf.38f81a1e3e97cea42ae56ba9e001f009.txt,0,1
npds_00299_V_P_I_1244_jpg.rf.62e1783da64acfb01e011f456eb9cba7,npds,/home/divya/projects/IndianANPR/data/processed/npds_leakage_safe/images/train/V_P_I_1244_jpg.rf.62e1783da64acfb01e011f456eb9cba7.jpg,/home/divya/projects/IndianANPR/data/processed/npds_leakage_safe/labels/train/V_P_I_1244_jpg.rf.62e1783da64acfb01e011f456eb9cba7.txt,0,1
npds_00300_V_P_I_3351_jpg.rf.992a3ad8cf41b6dc913a71b2d6001891,npds,/home/divya/projects/IndianANPR/data/processed/npds_leakage_safe/images/train/V_P_I_3351_jpg.rf.992a3ad8cf41b6dc913a71b2d6001891.jpg,/home/divya/projects/IndianANPR/data/processed/npds_leakage_safe/labels/train/V_P_I_3351_jpg.rf.992a3ad8cf41b6dc913a71b2d6001891.txt,0,1
npds_00301_V_P_I_3074_jpg.rf.114602fd996a6644cb14cc43926273ab,npds,/home/divya/projects/IndianANPR/data/processed/npds_leakage_safe/images/train/V_P_I_3074_jpg.rf.114602fd996a6644cb14cc43926273ab.jpg,/home/divya/projects/IndianANPR/data/processed/npds_leakage_safe/labels/train/V_P_I_3074_jpg.rf.114602fd996a6644cb14cc43926273ab.txt,0,1
npds_00302_V_P_I_1195_jpg.rf.3930d8e80714daa50806f723f7ff70bb,npds,/home/divya/projects/IndianANPR/data/processed/npds_leakage_safe/images/train/V_P_I_1195_jpg.rf.3930d8e80714daa50806f723f7ff70bb.jpg,/home/divya/projects/IndianANPR/data/processed/npds_leakage_safe/labels/train/V_P_I_1195_jpg.rf.3930d8e80714daa50806f723f7ff70bb.txt,0,1
npds_00303_V_P_I_174_jpg.rf.e1cfc6c021172696423d91cff0ca0cf2,npds,/home/divya/projects/IndianANPR/data/processed/npds_leakage_safe/images/train/V_P_I_174_jpg.rf.e1cfc6c021172696423d91cff0ca0cf2.jpg,/home/divya/projects/IndianANPR/data/processed/npds_leakage_safe/labels/train/V_P_I_174_jpg.rf.e1cfc6c021172696423d91cff0ca0cf2.txt,0,1
npds_00304_V_P_I_1225_jpg.rf.e9f1fa0c43e894bcd514768b58614439,npds,/home/divya/projects/IndianANPR/data/processed/npds_leakage_safe/images/train/V_P_I_1225_jpg.rf.e9f1fa0c43e894bcd514768b58614439.jpg,/home/divya/projects/IndianANPR/data/processed/npds_leakage_safe/labels/train/V_P_I_1225_jpg.rf.e9f1fa0c43e894bcd514768b58614439.txt,0,1
npds_00305_V_P_I_878_jpg.rf.579832100a1bc8222996ffdd0c328ce2,npds,/home/divya/projects/IndianANPR/data/processed/npds_leakage_safe/images/train/V_P_I_878_jpg.rf.579832100a1bc8222996ffdd0c328ce2.jpg,/home/divya/projects/IndianANPR/data/processed/npds_leakage_safe/labels/train/V_P_I_878_jpg.rf.579832100a1bc8222996ffdd0c328ce2.txt,0,1
npds_00306_V_P_I_1104_jpg.rf.373bb01bdc93468011bc93dcc762689d,npds,/home/divya/projects/IndianANPR/data/processed/npds_leakage_safe/images/train/V_P_I_1104_jpg.rf.373bb01bdc93468011bc93dcc762689d.jpg,/home/divya/projects/IndianANPR/data/processed/npds_leakage_safe/labels/train/V_P_I_1104_jpg.rf.373bb01bdc93468011bc93dcc762689d.txt,0,1
npds_00307_V_P_I_70_jpg.rf.c9ea45f98f741fe104377da6c009161d,npds,/home/divya/projects/IndianANPR/data/processed/npds_leakage_safe/images/train/V_P_I_70_jpg.rf.c9ea45f98f741fe104377da6c009161d.jpg,/home/divya/projects/IndianANPR/data/processed/npds_leakage_safe/labels/train/V_P_I_70_jpg.rf.c9ea45f98f741fe104377da6c009161d.txt,0,1
npds_00308_V_P_I_2117_jpg.rf.efa030ff342e2b8ae70e102d10eb9cde,npds,/home/divya/projects/IndianANPR/data/processed/npds_leakage_safe/images/train/V_P_I_2117_jpg.rf.efa030ff342e2b8ae70e102d10eb9cde.jpg,/home/divya/projects/IndianANPR/data/processed/npds_leakage_safe/labels/train/V_P_I_2117_jpg.rf.efa030ff342e2b8ae70e102d10eb9cde.txt,0,2
npds_00309_V_P_I_1244_jpg.rf.106a12984b7797e5e2a8532bfdfd944b,npds,/home/divya/projects/IndianANPR/data/processed/npds_leakage_safe/images/train/V_P_I_1244_jpg.rf.106a12984b7797e5e2a8532bfdfd944b.jpg,/home/divya/projects/IndianANPR/data/processed/npds_leakage_safe/labels/train/V_P_I_1244_jpg.rf.106a12984b7797e5e2a8532bfdfd944b.txt,0,1
npds_00310_V_P_I_2715_jpg.rf.a9c1ce37c20b9b5ef933882e9909abac,npds,/home/divya/projects/IndianANPR/data/processed/npds_leakage_safe/images/train/V_P_I_2715_jpg.rf.a9c1ce37c20b9b5ef933882e9909abac.jpg,/home/divya/projects/IndianANPR/data/processed/npds_leakage_safe/labels/train/V_P_I_2715_jpg.rf.a9c1ce37c20b9b5ef933882e9909abac.txt,0,1
npds_00311_V_P_I_177_jpg.rf.471225d7f70fab93c780186a7158be94,npds,/home/divya/projects/IndianANPR/data/processed/npds_leakage_safe/images/train/V_P_I_177_jpg.rf.471225d7f70fab93c780186a7158be94.jpg,/home/divya/projects/IndianANPR/data/processed/npds_leakage_safe/labels/train/V_P_I_177_jpg.rf.471225d7f70fab93c780186a7158be94.txt,0,1
npds_00312_V_P_I_1925_jpg.rf.5586fc20a3c03a4e57da8058c963227f,npds,/home/divya/projects/IndianANPR/data/processed/npds_leakage_safe/images/train/V_P_I_1925_jpg.rf.5586fc20a3c03a4e57da8058c963227f.jpg,/home/divya/projects/IndianANPR/data/processed/npds_leakage_safe/labels/train/V_P_I_1925_jpg.rf.5586fc20a3c03a4e57da8058c963227f.txt,0,1
npds_00313_V_P_I_3194_jpg.rf.4c776bfa3be10f2fbae3544abf5fbd14,npds,/home/divya/projects/IndianANPR/data/processed/npds_leakage_safe/images/train/V_P_I_3194_jpg.rf.4c776bfa3be10f2fbae3544abf5fbd14.jpg,/home/divya/projects/IndianANPR/data/processed/npds_leakage_safe/labels/train/V_P_I_3194_jpg.rf.4c776bfa3be10f2fbae3544abf5fbd14.txt,0,1
npds_00314_V_P_I_2609_jpg.rf.2b80d9d0affab994388c0983100b4291,npds,/home/divya/projects/IndianANPR/data/processed/npds_leakage_safe/images/train/V_P_I_2609_jpg.rf.2b80d9d0affab994388c0983100b4291.jpg,/home/divya/projects/IndianANPR/data/processed/npds_leakage_safe/labels/train/V_P_I_2609_jpg.rf.2b80d9d0affab994388c0983100b4291.txt,0,1
npds_00315_V_P_I_1699_jpg.rf.e7e5935b8e0dce1d13c8a55bf3e4aefb,npds,/home/divya/projects/IndianANPR/data/processed/npds_leakage_safe/images/train/V_P_I_1699_jpg.rf.e7e5935b8e0dce1d13c8a55bf3e4aefb.jpg,/home/divya/projects/IndianANPR/data/processed/npds_leakage_safe/labels/train/V_P_I_1699_jpg.rf.e7e5935b8e0dce1d13c8a55bf3e4aefb.txt,0,1
npds_00316_V_P_I_2797_jpg.rf.537175f52da9363596c7168b14a34749,npds,/home/divya/projects/IndianANPR/data/processed/npds_leakage_safe/images/train/V_P_I_2797_jpg.rf.537175f52da9363596c7168b14a34749.jpg,/home/divya/projects/IndianANPR/data/processed/npds_leakage_safe/labels/train/V_P_I_2797_jpg.rf.537175f52da9363596c7168b14a34749.txt,0,1
npds_00317_V_P_I_1446_jpg.rf.6044e2ff3a19a8dfc86aff06db3f9f46,npds,/home/divya/projects/IndianANPR/data/processed/npds_leakage_safe/images/train/V_P_I_1446_jpg.rf.6044e2ff3a19a8dfc86aff06db3f9f46.jpg,/home/divya/projects/IndianANPR/data/processed/npds_leakage_safe/labels/train/V_P_I_1446_jpg.rf.6044e2ff3a19a8dfc86aff06db3f9f46.txt,0,1
npds_00318_V_P_I_33_jpg.rf.b906cbd1592c2078627fc1869180a38a,npds,/home/divya/projects/IndianANPR/data/processed/npds_leakage_safe/images/train/V_P_I_33_jpg.rf.b906cbd1592c2078627fc1869180a38a.jpg,/home/divya/projects/IndianANPR/data/processed/npds_leakage_safe/labels/train/V_P_I_33_jpg.rf.b906cbd1592c2078627fc1869180a38a.txt,0,1
npds_00319_V_P_I_792_jpg.rf.abe72a6f195b9872c343e19416e28691,npds,/home/divya/projects/IndianANPR/data/processed/npds_leakage_safe/images/train/V_P_I_792_jpg.rf.abe72a6f195b9872c343e19416e28691.jpg,/home/divya/projects/IndianANPR/data/processed/npds_leakage_safe/labels/train/V_P_I_792_jpg.rf.abe72a6f195b9872c343e19416e28691.txt,0,1
npds_00320_V_P_I_2888_jpg.rf.b7a613ca401e3a8c90a2341060d52344,npds,/home/divya/projects/IndianANPR/data/processed/npds_leakage_safe/images/train/V_P_I_2888_jpg.rf.b7a613ca401e3a8c90a2341060d52344.jpg,/home/divya/projects/IndianANPR/data/processed/npds_leakage_safe/labels/train/V_P_I_2888_jpg.rf.b7a613ca401e3a8c90a2341060d52344.txt,0,1
npds_00321_V_P_I_2903_jpg.rf.9a02f40245db001211fa70df6063f862,npds,/home/divya/projects/IndianANPR/data/processed/npds_leakage_safe/images/train/V_P_I_2903_jpg.rf.9a02f40245db001211fa70df6063f862.jpg,/home/divya/projects/IndianANPR/data/processed/npds_leakage_safe/labels/train/V_P_I_2903_jpg.rf.9a02f40245db001211fa70df6063f862.txt,0,1
npds_00322_V_P_I_2575_jpg.rf.cba55ff50470534022b851f232c514d3,npds,/home/divya/projects/IndianANPR/data/processed/npds_leakage_safe/images/train/V_P_I_2575_jpg.rf.cba55ff50470534022b851f232c514d3.jpg,/home/divya/projects/IndianANPR/data/processed/npds_leakage_safe/labels/train/V_P_I_2575_jpg.rf.cba55ff50470534022b851f232c514d3.txt,0,1
npds_00323_V_P_I_1796_jpg.rf.6373e122daff283ffa2099c373d77bd5,npds,/home/divya/projects/IndianANPR/data/processed/npds_leakage_safe/images/train/V_P_I_1796_jpg.rf.6373e122daff283ffa2099c373d77bd5.jpg,/home/divya/projects/IndianANPR/data/processed/npds_leakage_safe/labels/train/V_P_I_1796_jpg.rf.6373e122daff283ffa2099c373d77bd5.txt,0,1
npds_00324_V_P_I_450_jpg.rf.c4bba25af599325a312fd97f2d787d50,npds,/home/divya/projects/IndianANPR/data/processed/npds_leakage_safe/images/train/V_P_I_450_jpg.rf.c4bba25af599325a312fd97f2d787d50.jpg,/home/divya/projects/IndianANPR/data/processed/npds_leakage_safe/labels/train/V_P_I_450_jpg.rf.c4bba25af599325a312fd97f2d787d50.txt,0,1
npds_00325_V_P_I_2576_jpg.rf.67e71f9f3a2fa50132dd5424945ff4e2,npds,/home/divya/projects/IndianANPR/data/processed/npds_leakage_safe/images/train/V_P_I_2576_jpg.rf.67e71f9f3a2fa50132dd5424945ff4e2.jpg,/home/divya/projects/IndianANPR/data/processed/npds_leakage_safe/labels/train/V_P_I_2576_jpg.rf.67e71f9f3a2fa50132dd5424945ff4e2.txt,0,1
npds_00326_V_P_I_526_jpg.rf.a5cb99c857100f7de86ce0c0899b964d,npds,/home/divya/projects/IndianANPR/data/processed/npds_leakage_safe/images/train/V_P_I_526_jpg.rf.a5cb99c857100f7de86ce0c0899b964d.jpg,/home/divya/projects/IndianANPR/data/processed/npds_leakage_safe/labels/train/V_P_I_526_jpg.rf.a5cb99c857100f7de86ce0c0899b964d.txt,0,1
npds_00327_V_P_I_2364_jpg.rf.f2617d7291507881b50b4a6d269e69fe,npds,/home/divya/projects/IndianANPR/data/processed/npds_leakage_safe/images/train/V_P_I_2364_jpg.rf.f2617d7291507881b50b4a6d269e69fe.jpg,/home/divya/projects/IndianANPR/data/processed/npds_leakage_safe/labels/train/V_P_I_2364_jpg.rf.f2617d7291507881b50b4a6d269e69fe.txt,0,1
npds_00328_V_P_I_1632_jpg.rf.3a5d45ce746c63959c92bb3035350ae1,npds,/home/divya/projects/IndianANPR/data/processed/npds_leakage_safe/images/train/V_P_I_1632_jpg.rf.3a5d45ce746c63959c92bb3035350ae1.jpg,/home/divya/projects/IndianANPR/data/processed/npds_leakage_safe/labels/train/V_P_I_1632_jpg.rf.3a5d45ce746c63959c92bb3035350ae1.txt,0,1
npds_00329_V_P_I_1318_jpg.rf.f5667a333c2588b7387e25b3d65c0012,npds,/home/divya/projects/IndianANPR/data/processed/npds_leakage_safe/images/train/V_P_I_1318_jpg.rf.f5667a333c2588b7387e25b3d65c0012.jpg,/home/divya/projects/IndianANPR/data/processed/npds_leakage_safe/labels/train/V_P_I_1318_jpg.rf.f5667a333c2588b7387e25b3d65c0012.txt,0,1
npds_00330_V_P_I_1328_jpg.rf.560eb6224cc1517ff5365f986a5314a6,npds,/home/divya/projects/IndianANPR/data/processed/npds_leakage_safe/images/train/V_P_I_1328_jpg.rf.560eb6224cc1517ff5365f986a5314a6.jpg,/home/divya/projects/IndianANPR/data/processed/npds_leakage_safe/labels/train/V_P_I_1328_jpg.rf.560eb6224cc1517ff5365f986a5314a6.txt,0,1
npds_00331_V_P_I_3165_jpg.rf.4eca677828974a485119ada3f0c38d0f,npds,/home/divya/projects/IndianANPR/data/processed/npds_leakage_safe/images/train/V_P_I_3165_jpg.rf.4eca677828974a485119ada3f0c38d0f.jpg,/home/divya/projects/IndianANPR/data/processed/npds_leakage_safe/labels/train/V_P_I_3165_jpg.rf.4eca677828974a485119ada3f0c38d0f.txt,0,1
npds_00332_V_P_I_2437_jpg.rf.202a25b8c87112ecec08017d16e5405f,npds,/home/divya/projects/IndianANPR/data/processed/npds_leakage_safe/images/train/V_P_I_2437_jpg.rf.202a25b8c87112ecec08017d16e5405f.jpg,/home/divya/projects/IndianANPR/data/processed/npds_leakage_safe/labels/train/V_P_I_2437_jpg.rf.202a25b8c87112ecec08017d16e5405f.txt,0,1
npds_00333_V_P_I_2189_jpg.rf.3a350a65056141c16de118c3d42d4449,npds,/home/divya/projects/IndianANPR/data/processed/npds_leakage_safe/images/train/V_P_I_2189_jpg.rf.3a350a65056141c16de118c3d42d4449.jpg,/home/divya/projects/IndianANPR/data/processed/npds_leakage_safe/labels/train/V_P_I_2189_jpg.rf.3a350a65056141c16de118c3d42d4449.txt,0,1
npds_00334_V_P_I_2414_jpg.rf.d524f5e712ab69037d7d06cbc669a004,npds,/home/divya/projects/IndianANPR/data/processed/npds_leakage_safe/images/train/V_P_I_2414_jpg.rf.d524f5e712ab69037d7d06cbc669a004.jpg,/home/divya/projects/IndianANPR/data/processed/npds_leakage_safe/labels/train/V_P_I_2414_jpg.rf.d524f5e712ab69037d7d06cbc669a004.txt,0,1
npds_00335_V_P_I_2376_jpg.rf.523f9ada3a750c646368592ec00dee25,npds,/home/divya/projects/IndianANPR/data/processed/npds_leakage_safe/images/train/V_P_I_2376_jpg.rf.523f9ada3a750c646368592ec00dee25.jpg,/home/divya/projects/IndianANPR/data/processed/npds_leakage_safe/labels/train/V_P_I_2376_jpg.rf.523f9ada3a750c646368592ec00dee25.txt,0,1
npds_00336_V_P_I_2558_jpg.rf.62a3c9958296888d21f074fdc551ca5c,npds,/home/divya/projects/IndianANPR/data/processed/npds_leakage_safe/images/train/V_P_I_2558_jpg.rf.62a3c9958296888d21f074fdc551ca5c.jpg,/home/divya/projects/IndianANPR/data/processed/npds_leakage_safe/labels/train/V_P_I_2558_jpg.rf.62a3c9958296888d21f074fdc551ca5c.txt,0,1
npds_00337_V_P_I_724_jpg.rf.1d2498cf8f487ffbb04b57c02cb3feec,npds,/home/divya/projects/IndianANPR/data/processed/npds_leakage_safe/images/train/V_P_I_724_jpg.rf.1d2498cf8f487ffbb04b57c02cb3feec.jpg,/home/divya/projects/IndianANPR/data/processed/npds_leakage_safe/labels/train/V_P_I_724_jpg.rf.1d2498cf8f487ffbb04b57c02cb3feec.txt,0,1
npds_00338_V_P_I_3417_jpg.rf.caed424e2bcb01fea768e6a159dfa7e0,npds,/home/divya/projects/IndianANPR/data/processed/npds_leakage_safe/images/train/V_P_I_3417_jpg.rf.caed424e2bcb01fea768e6a159dfa7e0.jpg,/home/divya/projects/IndianANPR/data/processed/npds_leakage_safe/labels/train/V_P_I_3417_jpg.rf.caed424e2bcb01fea768e6a159dfa7e0.txt,0,3
npds_00339_V_P_I_1181_jpg.rf.0f1ef8ba8dd445a28191fc646399abc6,npds,/home/divya/projects/IndianANPR/data/processed/npds_leakage_safe/images/train/V_P_I_1181_jpg.rf.0f1ef8ba8dd445a28191fc646399abc6.jpg,/home/divya/projects/IndianANPR/data/processed/npds_leakage_safe/labels/train/V_P_I_1181_jpg.rf.0f1ef8ba8dd445a28191fc646399abc6.txt,0,1
npds_00340_V_P_I_3206_jpg.rf.e274e55cded6e59beaac7f6fd64b0ecf,npds,/home/divya/projects/IndianANPR/data/processed/npds_leakage_safe/images/train/V_P_I_3206_jpg.rf.e274e55cded6e59beaac7f6fd64b0ecf.jpg,/home/divya/projects/IndianANPR/data/processed/npds_leakage_safe/labels/train/V_P_I_3206_jpg.rf.e274e55cded6e59beaac7f6fd64b0ecf.txt,0,1
npds_00341_V_P_I_3149_jpg.rf.2833c99163dba8806d88ba736512f1f1,npds,/home/divya/projects/IndianANPR/data/processed/npds_leakage_safe/images/train/V_P_I_3149_jpg.rf.2833c99163dba8806d88ba736512f1f1.jpg,/home/divya/projects/IndianANPR/data/processed/npds_leakage_safe/labels/train/V_P_I_3149_jpg.rf.2833c99163dba8806d88ba736512f1f1.txt,0,1
npds_00342_V_P_I_3121_jpg.rf.20ab6bf349615639dbb68b280206f86a,npds,/home/divya/projects/IndianANPR/data/processed/npds_leakage_safe/images/train/V_P_I_3121_jpg.rf.20ab6bf349615639dbb68b280206f86a.jpg,/home/divya/projects/IndianANPR/data/processed/npds_leakage_safe/labels/train/V_P_I_3121_jpg.rf.20ab6bf349615639dbb68b280206f86a.txt,0,1
npds_00343_V_P_I_1335_jpg.rf.d3c664c265aba4bf295dfffe42662e54,npds,/home/divya/projects/IndianANPR/data/processed/npds_leakage_safe/images/train/V_P_I_1335_jpg.rf.d3c664c265aba4bf295dfffe42662e54.jpg,/home/divya/projects/IndianANPR/data/processed/npds_leakage_safe/labels/train/V_P_I_1335_jpg.rf.d3c664c265aba4bf295dfffe42662e54.txt,0,2
npds_00344_V_P_I_119_jpg.rf.87ea71b510c8ac2efe5f99466ee28848,npds,/home/divya/projects/IndianANPR/data/processed/npds_leakage_safe/images/train/V_P_I_119_jpg.rf.87ea71b510c8ac2efe5f99466ee28848.jpg,/home/divya/projects/IndianANPR/data/processed/npds_leakage_safe/labels/train/V_P_I_119_jpg.rf.87ea71b510c8ac2efe5f99466ee28848.txt,0,2
npds_00345_V_P_I_234_jpg.rf.bfbf0a87b14a0057f19722894df08bfe,npds,/home/divya/projects/IndianANPR/data/processed/npds_leakage_safe/images/train/V_P_I_234_jpg.rf.bfbf0a87b14a0057f19722894df08bfe.jpg,/home/divya/projects/IndianANPR/data/processed/npds_leakage_safe/labels/train/V_P_I_234_jpg.rf.bfbf0a87b14a0057f19722894df08bfe.txt,0,1
npds_00346_V_P_I_3414_jpg.rf.930ef674d6135d432562d913f9f34ce4,npds,/home/divya/projects/IndianANPR/data/processed/npds_leakage_safe/images/train/V_P_I_3414_jpg.rf.930ef674d6135d432562d913f9f34ce4.jpg,/home/divya/projects/IndianANPR/data/processed/npds_leakage_safe/labels/train/V_P_I_3414_jpg.rf.930ef674d6135d432562d913f9f34ce4.txt,0,1
npds_00347_V_P_I_2141_jpg.rf.ff47b469fce49030b99d3e5c29e4cf9b,npds,/home/divya/projects/IndianANPR/data/processed/npds_leakage_safe/images/train/V_P_I_2141_jpg.rf.ff47b469fce49030b99d3e5c29e4cf9b.jpg,/home/divya/projects/IndianANPR/data/processed/npds_leakage_safe/labels/train/V_P_I_2141_jpg.rf.ff47b469fce49030b99d3e5c29e4cf9b.txt,0,1
npds_00348_V_P_I_501_jpg.rf.92cb02257f1ea5c00140e92ba8b312e9,npds,/home/divya/projects/IndianANPR/data/processed/npds_leakage_safe/images/train/V_P_I_501_jpg.rf.92cb02257f1ea5c00140e92ba8b312e9.jpg,/home/divya/projects/IndianANPR/data/processed/npds_leakage_safe/labels/train/V_P_I_501_jpg.rf.92cb02257f1ea5c00140e92ba8b312e9.txt,0,1
npds_00349_V_P_I_718_jpg.rf.13d41d09fa66a29cfe3dce049da10202,npds,/home/divya/projects/IndianANPR/data/processed/npds_leakage_safe/images/train/V_P_I_718_jpg.rf.13d41d09fa66a29cfe3dce049da10202.jpg,/home/divya/projects/IndianANPR/data/processed/npds_leakage_safe/labels/train/V_P_I_718_jpg.rf.13d41d09fa66a29cfe3dce049da10202.txt,0,3
npds_00350_V_P_I_136_jpg.rf.6ae074f0432885b34a07a76bd5fe0a39,npds,/home/divya/projects/IndianANPR/data/processed/npds_leakage_safe/images/train/V_P_I_136_jpg.rf.6ae074f0432885b34a07a76bd5fe0a39.jpg,/home/divya/projects/IndianANPR/data/processed/npds_leakage_safe/labels/train/V_P_I_136_jpg.rf.6ae074f0432885b34a07a76bd5fe0a39.txt,0,1
npds_00351_V_P_I_1816_jpg.rf.1c80a001b6e0417d1b54fecfce580bdf,npds,/home/divya/projects/IndianANPR/data/processed/npds_leakage_safe/images/train/V_P_I_1816_jpg.rf.1c80a001b6e0417d1b54fecfce580bdf.jpg,/home/divya/projects/IndianANPR/data/processed/npds_leakage_safe/labels/train/V_P_I_1816_jpg.rf.1c80a001b6e0417d1b54fecfce580bdf.txt,0,1
npds_00352_V_P_I_1636_jpg.rf.5aa67031dc30e8300d862076a584d629,npds,/home/divya/projects/IndianANPR/data/processed/npds_leakage_safe/images/train/V_P_I_1636_jpg.rf.5aa67031dc30e8300d862076a584d629.jpg,/home/divya/projects/IndianANPR/data/processed/npds_leakage_safe/labels/train/V_P_I_1636_jpg.rf.5aa67031dc30e8300d862076a584d629.txt,0,1
npds_00353_V_P_I_1631_jpg.rf.d59081f683db291d7119d8fc936d3f61,npds,/home/divya/projects/IndianANPR/data/processed/npds_leakage_safe/images/train/V_P_I_1631_jpg.rf.d59081f683db291d7119d8fc936d3f61.jpg,/home/divya/projects/IndianANPR/data/processed/npds_leakage_safe/labels/train/V_P_I_1631_jpg.rf.d59081f683db291d7119d8fc936d3f61.txt,0,1
npds_00354_V_P_I_2784_jpg.rf.232bb95361bb3b51d4d4ddedab676fc6,npds,/home/divya/projects/IndianANPR/data/processed/npds_leakage_safe/images/train/V_P_I_2784_jpg.rf.232bb95361bb3b51d4d4ddedab676fc6.jpg,/home/divya/projects/IndianANPR/data/processed/npds_leakage_safe/labels/train/V_P_I_2784_jpg.rf.232bb95361bb3b51d4d4ddedab676fc6.txt,0,1
npds_00355_V_P_I_2493_jpg.rf.fdc9c49bf9af374f316d7980a0a73024,npds,/home/divya/projects/IndianANPR/data/processed/npds_leakage_safe/images/train/V_P_I_2493_jpg.rf.fdc9c49bf9af374f316d7980a0a73024.jpg,/home/divya/projects/IndianANPR/data/processed/npds_leakage_safe/labels/train/V_P_I_2493_jpg.rf.fdc9c49bf9af374f316d7980a0a73024.txt,0,1
npds_00356_V_P_I_1466_jpg.rf.c5d34c6069d981618f0f7e673f25d211,npds,/home/divya/projects/IndianANPR/data/processed/npds_leakage_safe/images/train/V_P_I_1466_jpg.rf.c5d34c6069d981618f0f7e673f25d211.jpg,/home/divya/projects/IndianANPR/data/processed/npds_leakage_safe/labels/train/V_P_I_1466_jpg.rf.c5d34c6069d981618f0f7e673f25d211.txt,0,1
npds_00357_V_P_I_997_jpg.rf.a9e941123142d08a3cbcd8b957ea7db7,npds,/home/divya/projects/IndianANPR/data/processed/npds_leakage_safe/images/train/V_P_I_997_jpg.rf.a9e941123142d08a3cbcd8b957ea7db7.jpg,/home/divya/projects/IndianANPR/data/processed/npds_leakage_safe/labels/train/V_P_I_997_jpg.rf.a9e941123142d08a3cbcd8b957ea7db7.txt,0,1
npds_00358_V_P_I_1608_jpg.rf.d2479b5a6c5fc6d44c1489def9eb5bda,npds,/home/divya/projects/IndianANPR/data/processed/npds_leakage_safe/images/train/V_P_I_1608_jpg.rf.d2479b5a6c5fc6d44c1489def9eb5bda.jpg,/home/divya/projects/IndianANPR/data/processed/npds_leakage_safe/labels/train/V_P_I_1608_jpg.rf.d2479b5a6c5fc6d44c1489def9eb5bda.txt,0,1
npds_00359_V_P_I_1925_jpg.rf.c7b8ccb9041cd881d121595d77182a4b,npds,/home/divya/projects/IndianANPR/data/processed/npds_leakage_safe/images/train/V_P_I_1925_jpg.rf.c7b8ccb9041cd881d121595d77182a4b.jpg,/home/divya/projects/IndianANPR/data/processed/npds_leakage_safe/labels/train/V_P_I_1925_jpg.rf.c7b8ccb9041cd881d121595d77182a4b.txt,0,1
npds_00360_V_P_I_2537_jpg.rf.8ddc59cb6821b4f887b5cbd61cac6137,npds,/home/divya/projects/IndianANPR/data/processed/npds_leakage_safe/images/train/V_P_I_2537_jpg.rf.8ddc59cb6821b4f887b5cbd61cac6137.jpg,/home/divya/projects/IndianANPR/data/processed/npds_leakage_safe/labels/train/V_P_I_2537_jpg.rf.8ddc59cb6821b4f887b5cbd61cac6137.txt,0,1
npds_00361_V_P_I_1818_jpg.rf.1ff03ee6a93c8e7fca793837bf4715dc,npds,/home/divya/projects/IndianANPR/data/processed/npds_leakage_safe/images/train/V_P_I_1818_jpg.rf.1ff03ee6a93c8e7fca793837bf4715dc.jpg,/home/divya/projects/IndianANPR/data/processed/npds_leakage_safe/labels/train/V_P_I_1818_jpg.rf.1ff03ee6a93c8e7fca793837bf4715dc.txt,0,1
npds_00362_V_P_I_767_jpg.rf.273edba1b06317c8d188f7d33329d2a9,npds,/home/divya/projects/IndianANPR/data/processed/npds_leakage_safe/images/train/V_P_I_767_jpg.rf.273edba1b06317c8d188f7d33329d2a9.jpg,/home/divya/projects/IndianANPR/data/processed/npds_leakage_safe/labels/train/V_P_I_767_jpg.rf.273edba1b06317c8d188f7d33329d2a9.txt,0,1
npds_00363_V_P_I_125_jpg.rf.c3e85ad066ab110cfb23a5b054117efb,npds,/home/divya/projects/IndianANPR/data/processed/npds_leakage_safe/images/train/V_P_I_125_jpg.rf.c3e85ad066ab110cfb23a5b054117efb.jpg,/home/divya/projects/IndianANPR/data/processed/npds_leakage_safe/labels/train/V_P_I_125_jpg.rf.c3e85ad066ab110cfb23a5b054117efb.txt,0,1
npds_00364_V_P_I_2477_jpg.rf.c0b253f0b801404851316b78012e1893,npds,/home/divya/projects/IndianANPR/data/processed/npds_leakage_safe/images/train/V_P_I_2477_jpg.rf.c0b253f0b801404851316b78012e1893.jpg,/home/divya/projects/IndianANPR/data/processed/npds_leakage_safe/labels/train/V_P_I_2477_jpg.rf.c0b253f0b801404851316b78012e1893.txt,0,1
npds_00365_V_P_I_529_jpg.rf.770ba81ee4b2d783e002fd7a36fe3b20,npds,/home/divya/projects/IndianANPR/data/processed/npds_leakage_safe/images/train/V_P_I_529_jpg.rf.770ba81ee4b2d783e002fd7a36fe3b20.jpg,/home/divya/projects/IndianANPR/data/processed/npds_leakage_safe/labels/train/V_P_I_529_jpg.rf.770ba81ee4b2d783e002fd7a36fe3b20.txt,0,1
npds_00366_V_P_I_717_jpg.rf.360736fe08691a4194f75762c12ef87d,npds,/home/divya/projects/IndianANPR/data/processed/npds_leakage_safe/images/train/V_P_I_717_jpg.rf.360736fe08691a4194f75762c12ef87d.jpg,/home/divya/projects/IndianANPR/data/processed/npds_leakage_safe/labels/train/V_P_I_717_jpg.rf.360736fe08691a4194f75762c12ef87d.txt,0,1
npds_00367_V_P_I_69_jpg.rf.8070ea6b5913fad1e15937d3395d5680,npds,/home/divya/projects/IndianANPR/data/processed/npds_leakage_safe/images/train/V_P_I_69_jpg.rf.8070ea6b5913fad1e15937d3395d5680.jpg,/home/divya/projects/IndianANPR/data/processed/npds_leakage_safe/labels/train/V_P_I_69_jpg.rf.8070ea6b5913fad1e15937d3395d5680.txt,0,1
npds_00368_V_P_I_2827_jpg.rf.17fcd325803a161484ee53fa3d0fa3d0,npds,/home/divya/projects/IndianANPR/data/processed/npds_leakage_safe/images/train/V_P_I_2827_jpg.rf.17fcd325803a161484ee53fa3d0fa3d0.jpg,/home/divya/projects/IndianANPR/data/processed/npds_leakage_safe/labels/train/V_P_I_2827_jpg.rf.17fcd325803a161484ee53fa3d0fa3d0.txt,0,1
npds_00369_V_P_I_1333_jpg.rf.d105d6a15c36422ae4096fd26e012e0f,npds,/home/divya/projects/IndianANPR/data/processed/npds_leakage_safe/images/train/V_P_I_1333_jpg.rf.d105d6a15c36422ae4096fd26e012e0f.jpg,/home/divya/projects/IndianANPR/data/processed/npds_leakage_safe/labels/train/V_P_I_1333_jpg.rf.d105d6a15c36422ae4096fd26e012e0f.txt,0,1
npds_00370_V_P_I_1164_jpg.rf.e1e024b7d70179508149e235a8280116,npds,/home/divya/projects/IndianANPR/data/processed/npds_leakage_safe/images/train/V_P_I_1164_jpg.rf.e1e024b7d70179508149e235a8280116.jpg,/home/divya/projects/IndianANPR/data/processed/npds_leakage_safe/labels/train/V_P_I_1164_jpg.rf.e1e024b7d70179508149e235a8280116.txt,0,2
npds_00371_V_P_I_3143_jpg.rf.f8a514804427a9db51c008ab0b85e21c,npds,/home/divya/projects/IndianANPR/data/processed/npds_leakage_safe/images/train/V_P_I_3143_jpg.rf.f8a514804427a9db51c008ab0b85e21c.jpg,/home/divya/projects/IndianANPR/data/processed/npds_leakage_safe/labels/train/V_P_I_3143_jpg.rf.f8a514804427a9db51c008ab0b85e21c.txt,0,1
npds_00372_V_P_I_279_jpg.rf.3bc1ea80a1276b73d27865bf8a4d8d40,npds,/home/divya/projects/IndianANPR/data/processed/npds_leakage_safe/images/train/V_P_I_279_jpg.rf.3bc1ea80a1276b73d27865bf8a4d8d40.jpg,/home/divya/projects/IndianANPR/data/processed/npds_leakage_safe/labels/train/V_P_I_279_jpg.rf.3bc1ea80a1276b73d27865bf8a4d8d40.txt,0,1
npds_00373_V_P_I_620_jpg.rf.ad54e03291e5a59321652a5fadf85703,npds,/home/divya/projects/IndianANPR/data/processed/npds_leakage_safe/images/train/V_P_I_620_jpg.rf.ad54e03291e5a59321652a5fadf85703.jpg,/home/divya/projects/IndianANPR/data/processed/npds_leakage_safe/labels/train/V_P_I_620_jpg.rf.ad54e03291e5a59321652a5fadf85703.txt,0,1
npds_00374_V_P_I_1051_jpg.rf.8ce2fc27381ebd37adcf1e9df046c2e0,npds,/home/divya/projects/IndianANPR/data/processed/npds_leakage_safe/images/train/V_P_I_1051_jpg.rf.8ce2fc27381ebd37adcf1e9df046c2e0.jpg,/home/divya/projects/IndianANPR/data/processed/npds_leakage_safe/labels/train/V_P_I_1051_jpg.rf.8ce2fc27381ebd37adcf1e9df046c2e0.txt,0,1
npds_00375_V_P_I_1316_jpg.rf.cacd3d4a4bc6f6b1584c1c9af6c92db6,npds,/home/divya/projects/IndianANPR/data/processed/npds_leakage_safe/images/train/V_P_I_1316_jpg.rf.cacd3d4a4bc6f6b1584c1c9af6c92db6.jpg,/home/divya/projects/IndianANPR/data/processed/npds_leakage_safe/labels/train/V_P_I_1316_jpg.rf.cacd3d4a4bc6f6b1584c1c9af6c92db6.txt,0,1
npds_00376_V_P_I_3515_jpg.rf.c10648024ea0fb59a5d4ec51aa1146e6,npds,/home/divya/projects/IndianANPR/data/processed/npds_leakage_safe/images/train/V_P_I_3515_jpg.rf.c10648024ea0fb59a5d4ec51aa1146e6.jpg,/home/divya/projects/IndianANPR/data/processed/npds_leakage_safe/labels/train/V_P_I_3515_jpg.rf.c10648024ea0fb59a5d4ec51aa1146e6.txt,0,1
npds_00377_V_P_I_666_jpg.rf.e5f14435773b41d46d5ef71955b69dd5,npds,/home/divya/projects/IndianANPR/data/processed/npds_leakage_safe/images/train/V_P_I_666_jpg.rf.e5f14435773b41d46d5ef71955b69dd5.jpg,/home/divya/projects/IndianANPR/data/processed/npds_leakage_safe/labels/train/V_P_I_666_jpg.rf.e5f14435773b41d46d5ef71955b69dd5.txt,0,1
npds_00378_V_P_I_1776_jpg.rf.1d9e4c0abaee95954fbfb7b8d891874d,npds,/home/divya/projects/IndianANPR/data/processed/npds_leakage_safe/images/train/V_P_I_1776_jpg.rf.1d9e4c0abaee95954fbfb7b8d891874d.jpg,/home/divya/projects/IndianANPR/data/processed/npds_leakage_safe/labels/train/V_P_I_1776_jpg.rf.1d9e4c0abaee95954fbfb7b8d891874d.txt,0,1
npds_00379_V_P_I_1549_jpg.rf.72c4cc132bd1fc8bab58921577f4e6fc,npds,/home/divya/projects/IndianANPR/data/processed/npds_leakage_safe/images/train/V_P_I_1549_jpg.rf.72c4cc132bd1fc8bab58921577f4e6fc.jpg,/home/divya/projects/IndianANPR/data/processed/npds_leakage_safe/labels/train/V_P_I_1549_jpg.rf.72c4cc132bd1fc8bab58921577f4e6fc.txt,0,1
npds_00380_V_P_I_2360_jpg.rf.c1308bbe2d132a260496df8e944ed133,npds,/home/divya/projects/IndianANPR/data/processed/npds_leakage_safe/images/train/V_P_I_2360_jpg.rf.c1308bbe2d132a260496df8e944ed133.jpg,/home/divya/projects/IndianANPR/data/processed/npds_leakage_safe/labels/train/V_P_I_2360_jpg.rf.c1308bbe2d132a260496df8e944ed133.txt,0,1
npds_00381_V_P_I_2609_jpg.rf.a130cdf7474633d3ad4bb2ccfbfa1b80,npds,/home/divya/projects/IndianANPR/data/processed/npds_leakage_safe/images/train/V_P_I_2609_jpg.rf.a130cdf7474633d3ad4bb2ccfbfa1b80.jpg,/home/divya/projects/IndianANPR/data/processed/npds_leakage_safe/labels/train/V_P_I_2609_jpg.rf.a130cdf7474633d3ad4bb2ccfbfa1b80.txt,0,1
npds_00382_V_P_I_259_jpg.rf.cefd3c093ad80676b8531a27b48dc2dd,npds,/home/divya/projects/IndianANPR/data/processed/npds_leakage_safe/images/train/V_P_I_259_jpg.rf.cefd3c093ad80676b8531a27b48dc2dd.jpg,/home/divya/projects/IndianANPR/data/processed/npds_leakage_safe/labels/train/V_P_I_259_jpg.rf.cefd3c093ad80676b8531a27b48dc2dd.txt,0,1
npds_00383_V_P_I_1699_jpg.rf.105562c466daf07392b6edcee705c092,npds,/home/divya/projects/IndianANPR/data/processed/npds_leakage_safe/images/train/V_P_I_1699_jpg.rf.105562c466daf07392b6edcee705c092.jpg,/home/divya/projects/IndianANPR/data/processed/npds_leakage_safe/labels/train/V_P_I_1699_jpg.rf.105562c466daf07392b6edcee705c092.txt,0,1
npds_00384_V_P_I_725_jpg.rf.d290e1efc96f48b4fb573fbcc0d124a8,npds,/home/divya/projects/IndianANPR/data/processed/npds_leakage_safe/images/train/V_P_I_725_jpg.rf.d290e1efc96f48b4fb573fbcc0d124a8.jpg,/home/divya/projects/IndianANPR/data/processed/npds_leakage_safe/labels/train/V_P_I_725_jpg.rf.d290e1efc96f48b4fb573fbcc0d124a8.txt,0,1
npds_00385_V_P_I_2346_jpg.rf.6ff919ee8112285fcceabe0b70893ee8,npds,/home/divya/projects/IndianANPR/data/processed/npds_leakage_safe/images/train/V_P_I_2346_jpg.rf.6ff919ee8112285fcceabe0b70893ee8.jpg,/home/divya/projects/IndianANPR/data/processed/npds_leakage_safe/labels/train/V_P_I_2346_jpg.rf.6ff919ee8112285fcceabe0b70893ee8.txt,0,1
npds_00386_V_P_I_865_jpg.rf.2cb1fc8fccd8bf242f3ebb25024ad03a,npds,/home/divya/projects/IndianANPR/data/processed/npds_leakage_safe/images/train/V_P_I_865_jpg.rf.2cb1fc8fccd8bf242f3ebb25024ad03a.jpg,/home/divya/projects/IndianANPR/data/processed/npds_leakage_safe/labels/train/V_P_I_865_jpg.rf.2cb1fc8fccd8bf242f3ebb25024ad03a.txt,0,2
npds_00387_V_P_I_1194_jpg.rf.bf5724afc6128748aae908c98ccf6e25,npds,/home/divya/projects/IndianANPR/data/processed/npds_leakage_safe/images/train/V_P_I_1194_jpg.rf.bf5724afc6128748aae908c98ccf6e25.jpg,/home/divya/projects/IndianANPR/data/processed/npds_leakage_safe/labels/train/V_P_I_1194_jpg.rf.bf5724afc6128748aae908c98ccf6e25.txt,0,1
npds_00388_V_P_I_1544_jpg.rf.691bd8f6cac43c5f3de18759e7155503,npds,/home/divya/projects/IndianANPR/data/processed/npds_leakage_safe/images/train/V_P_I_1544_jpg.rf.691bd8f6cac43c5f3de18759e7155503.jpg,/home/divya/projects/IndianANPR/data/processed/npds_leakage_safe/labels/train/V_P_I_1544_jpg.rf.691bd8f6cac43c5f3de18759e7155503.txt,0,1
npds_00389_V_P_I_2275_jpg.rf.edd2f032fcf13e376fb77b37ad817248,npds,/home/divya/projects/IndianANPR/data/processed/npds_leakage_safe/images/train/V_P_I_2275_jpg.rf.edd2f032fcf13e376fb77b37ad817248.jpg,/home/divya/projects/IndianANPR/data/processed/npds_leakage_safe/labels/train/V_P_I_2275_jpg.rf.edd2f032fcf13e376fb77b37ad817248.txt,0,1
npds_00390_V_P_I_1009_jpg.rf.4690764c03c689d3bf1607545f4477c5,npds,/home/divya/projects/IndianANPR/data/processed/npds_leakage_safe/images/train/V_P_I_1009_jpg.rf.4690764c03c689d3bf1607545f4477c5.jpg,/home/divya/projects/IndianANPR/data/processed/npds_leakage_safe/labels/train/V_P_I_1009_jpg.rf.4690764c03c689d3bf1607545f4477c5.txt,0,3
npds_00391_V_P_I_2317_jpg.rf.d5bc1f0c08df86ef78afefdba6fccd50,npds,/home/divya/projects/IndianANPR/data/processed/npds_leakage_safe/images/train/V_P_I_2317_jpg.rf.d5bc1f0c08df86ef78afefdba6fccd50.jpg,/home/divya/projects/IndianANPR/data/processed/npds_leakage_safe/labels/train/V_P_I_2317_jpg.rf.d5bc1f0c08df86ef78afefdba6fccd50.txt,0,1
npds_00392_V_P_I_1875_jpg.rf.2689e09c8a5c9eceee76e89a2aa06644,npds,/home/divya/projects/IndianANPR/data/processed/npds_leakage_safe/images/train/V_P_I_1875_jpg.rf.2689e09c8a5c9eceee76e89a2aa06644.jpg,/home/divya/projects/IndianANPR/data/processed/npds_leakage_safe/labels/train/V_P_I_1875_jpg.rf.2689e09c8a5c9eceee76e89a2aa06644.txt,0,1
npds_00393_V_P_I_448_jpg.rf.80847138500a6a2e3837db2f9fd4f564,npds,/home/divya/projects/IndianANPR/data/processed/npds_leakage_safe/images/train/V_P_I_448_jpg.rf.80847138500a6a2e3837db2f9fd4f564.jpg,/home/divya/projects/IndianANPR/data/processed/npds_leakage_safe/labels/train/V_P_I_448_jpg.rf.80847138500a6a2e3837db2f9fd4f564.txt,0,1
npds_00394_V_P_I_454_jpg.rf.4889858e9c668d28f03bc9beee82f4bd,npds,/home/divya/projects/IndianANPR/data/processed/npds_leakage_safe/images/train/V_P_I_454_jpg.rf.4889858e9c668d28f03bc9beee82f4bd.jpg,/home/divya/projects/IndianANPR/data/processed/npds_leakage_safe/labels/train/V_P_I_454_jpg.rf.4889858e9c668d28f03bc9beee82f4bd.txt,0,1
npds_00395_V_P_I_2514_jpg.rf.bf2aa504a2e8d2719d2aaabd2192e32e,npds,/home/divya/projects/IndianANPR/data/processed/npds_leakage_safe/images/train/V_P_I_2514_jpg.rf.bf2aa504a2e8d2719d2aaabd2192e32e.jpg,/home/divya/projects/IndianANPR/data/processed/npds_leakage_safe/labels/train/V_P_I_2514_jpg.rf.bf2aa504a2e8d2719d2aaabd2192e32e.txt,0,1
npds_00396_V_P_I_1960_jpg.rf.ec54f5cd20a696ed9523f2399329bcd7,npds,/home/divya/projects/IndianANPR/data/processed/npds_leakage_safe/images/train/V_P_I_1960_jpg.rf.ec54f5cd20a696ed9523f2399329bcd7.jpg,/home/divya/projects/IndianANPR/data/processed/npds_leakage_safe/labels/train/V_P_I_1960_jpg.rf.ec54f5cd20a696ed9523f2399329bcd7.txt,0,1
npds_00397_V_P_I_2413_jpg.rf.f956bf805ce90c76fb609e96eda6d1c3,npds,/home/divya/projects/IndianANPR/data/processed/npds_leakage_safe/images/train/V_P_I_2413_jpg.rf.f956bf805ce90c76fb609e96eda6d1c3.jpg,/home/divya/projects/IndianANPR/data/processed/npds_leakage_safe/labels/train/V_P_I_2413_jpg.rf.f956bf805ce90c76fb609e96eda6d1c3.txt,0,1
npds_00398_V_P_I_330_jpg.rf.65bb73be3e2cc64fe9f112250669358f,npds,/home/divya/projects/IndianANPR/data/processed/npds_leakage_safe/images/train/V_P_I_330_jpg.rf.65bb73be3e2cc64fe9f112250669358f.jpg,/home/divya/projects/IndianANPR/data/processed/npds_leakage_safe/labels/train/V_P_I_330_jpg.rf.65bb73be3e2cc64fe9f112250669358f.txt,0,1
npds_00399_V_P_I_3424_jpeg_jpg.rf.f00aba77a512f0a57168d087cc6a8052,npds,/home/divya/projects/IndianANPR/data/processed/npds_leakage_safe/images/train/V_P_I_3424_jpeg_jpg.rf.f00aba77a512f0a57168d087cc6a8052.jpg,/home/divya/projects/IndianANPR/data/processed/npds_leakage_safe/labels/train/V_P_I_3424_jpeg_jpg.rf.f00aba77a512f0a57168d087cc6a8052.txt,0,1
npds_00400_V_P_I_440_jpg.rf.ddb899f9e440be27779235e04d530188,npds,/home/divya/projects/IndianANPR/data/processed/npds_leakage_safe/images/train/V_P_I_440_jpg.rf.ddb899f9e440be27779235e04d530188.jpg,/home/divya/projects/IndianANPR/data/processed/npds_leakage_safe/labels/train/V_P_I_440_jpg.rf.ddb899f9e440be27779235e04d530188.txt,0,1
npds_00401_V_P_I_2842_jpg.rf.272e1a9a0ef69d84e056ec181a9e8306,npds,/home/divya/projects/IndianANPR/data/processed/npds_leakage_safe/images/train/V_P_I_2842_jpg.rf.272e1a9a0ef69d84e056ec181a9e8306.jpg,/home/divya/projects/IndianANPR/data/processed/npds_leakage_safe/labels/train/V_P_I_2842_jpg.rf.272e1a9a0ef69d84e056ec181a9e8306.txt,0,1
npds_00402_V_P_I_3173_jpg.rf.36f5bb7017f732363ec8176fd17e3a2f,npds,/home/divya/projects/IndianANPR/data/processed/npds_leakage_safe/images/train/V_P_I_3173_jpg.rf.36f5bb7017f732363ec8176fd17e3a2f.jpg,/home/divya/projects/IndianANPR/data/processed/npds_leakage_safe/labels/train/V_P_I_3173_jpg.rf.36f5bb7017f732363ec8176fd17e3a2f.txt,0,1
npds_00403_V_P_I_3381_jpg.rf.a90f5672aa1f629675b09184c80fa33f,npds,/home/divya/projects/IndianANPR/data/processed/npds_leakage_safe/images/train/V_P_I_3381_jpg.rf.a90f5672aa1f629675b09184c80fa33f.jpg,/home/divya/projects/IndianANPR/data/processed/npds_leakage_safe/labels/train/V_P_I_3381_jpg.rf.a90f5672aa1f629675b09184c80fa33f.txt,0,1
npds_00404_V_P_I_2611_jpg.rf.7536bc22bf40f80bae8ec1af5249348f,npds,/home/divya/projects/IndianANPR/data/processed/npds_leakage_safe/images/train/V_P_I_2611_jpg.rf.7536bc22bf40f80bae8ec1af5249348f.jpg,/home/divya/projects/IndianANPR/data/processed/npds_leakage_safe/labels/train/V_P_I_2611_jpg.rf.7536bc22bf40f80bae8ec1af5249348f.txt,0,1
npds_00405_V_P_I_1512_jpg.rf.b8a67abe5a38d425726d7284a84dd237,npds,/home/divya/projects/IndianANPR/data/processed/npds_leakage_safe/images/train/V_P_I_1512_jpg.rf.b8a67abe5a38d425726d7284a84dd237.jpg,/home/divya/projects/IndianANPR/data/processed/npds_leakage_safe/labels/train/V_P_I_1512_jpg.rf.b8a67abe5a38d425726d7284a84dd237.txt,0,1
npds_00406_V_P_I_1631_jpg.rf.6250616bf0a6baa8dac35e7b4e8690b8,npds,/home/divya/projects/IndianANPR/data/processed/npds_leakage_safe/images/train/V_P_I_1631_jpg.rf.6250616bf0a6baa8dac35e7b4e8690b8.jpg,/home/divya/projects/IndianANPR/data/processed/npds_leakage_safe/labels/train/V_P_I_1631_jpg.rf.6250616bf0a6baa8dac35e7b4e8690b8.txt,0,1
npds_00407_V_P_I_1996_jpg.rf.1fe68d12c25018def6d8d7379f145a76,npds,/home/divya/projects/IndianANPR/data/processed/npds_leakage_safe/images/train/V_P_I_1996_jpg.rf.1fe68d12c25018def6d8d7379f145a76.jpg,/home/divya/projects/IndianANPR/data/processed/npds_leakage_safe/labels/train/V_P_I_1996_jpg.rf.1fe68d12c25018def6d8d7379f145a76.txt,0,1
npds_00408_V_P_I_170_jpg.rf.36bfab0692a7c7b2f11cfb51f995d902,npds,/home/divya/projects/IndianANPR/data/processed/npds_leakage_safe/images/train/V_P_I_170_jpg.rf.36bfab0692a7c7b2f11cfb51f995d902.jpg,/home/divya/projects/IndianANPR/data/processed/npds_leakage_safe/labels/train/V_P_I_170_jpg.rf.36bfab0692a7c7b2f11cfb51f995d902.txt,0,1
npds_00409_V_P_I_1194_jpg.rf.66344a365ce2fffb1fc58261d07ad233,npds,/home/divya/projects/IndianANPR/data/processed/npds_leakage_safe/images/train/V_P_I_1194_jpg.rf.66344a365ce2fffb1fc58261d07ad233.jpg,/home/divya/projects/IndianANPR/data/processed/npds_leakage_safe/labels/train/V_P_I_1194_jpg.rf.66344a365ce2fffb1fc58261d07ad233.txt,0,1
npds_00410_V_P_I_2912_jpg.rf.e3a7759c38508ec4385ef441824244ae,npds,/home/divya/projects/IndianANPR/data/processed/npds_leakage_safe/images/train/V_P_I_2912_jpg.rf.e3a7759c38508ec4385ef441824244ae.jpg,/home/divya/projects/IndianANPR/data/processed/npds_leakage_safe/labels/train/V_P_I_2912_jpg.rf.e3a7759c38508ec4385ef441824244ae.txt,0,1
npds_00411_V_P_I_3442_jpeg_jpg.rf.ba33046b3f7be0791139f2e995e9cbc8,npds,/home/divya/projects/IndianANPR/data/processed/npds_leakage_safe/images/train/V_P_I_3442_jpeg_jpg.rf.ba33046b3f7be0791139f2e995e9cbc8.jpg,/home/divya/projects/IndianANPR/data/processed/npds_leakage_safe/labels/train/V_P_I_3442_jpeg_jpg.rf.ba33046b3f7be0791139f2e995e9cbc8.txt,0,2
npds_00412_V_P_I_2803_jpg.rf.331224d956870ed13b4fa7242f2477da,npds,/home/divya/projects/IndianANPR/data/processed/npds_leakage_safe/images/train/V_P_I_2803_jpg.rf.331224d956870ed13b4fa7242f2477da.jpg,/home/divya/projects/IndianANPR/data/processed/npds_leakage_safe/labels/train/V_P_I_2803_jpg.rf.331224d956870ed13b4fa7242f2477da.txt,0,1
npds_00413_V_P_I_11_jpg.rf.f97e65e83ace24e1323fb13fd9de2181,npds,/home/divya/projects/IndianANPR/data/processed/npds_leakage_safe/images/train/V_P_I_11_jpg.rf.f97e65e83ace24e1323fb13fd9de2181.jpg,/home/divya/projects/IndianANPR/data/processed/npds_leakage_safe/labels/train/V_P_I_11_jpg.rf.f97e65e83ace24e1323fb13fd9de2181.txt,0,1
npds_00414_V_P_I_3498_jpg.rf.7947afd0c30b319c7c7c5525a4d4ce78,npds,/home/divya/projects/IndianANPR/data/processed/npds_leakage_safe/images/train/V_P_I_3498_jpg.rf.7947afd0c30b319c7c7c5525a4d4ce78.jpg,/home/divya/projects/IndianANPR/data/processed/npds_leakage_safe/labels/train/V_P_I_3498_jpg.rf.7947afd0c30b319c7c7c5525a4d4ce78.txt,0,1
npds_00415_V_P_I_2069_jpg.rf.c289056fb1f72e5fcc3aaca76ece35ed,npds,/home/divya/projects/IndianANPR/data/processed/npds_leakage_safe/images/train/V_P_I_2069_jpg.rf.c289056fb1f72e5fcc3aaca76ece35ed.jpg,/home/divya/projects/IndianANPR/data/processed/npds_leakage_safe/labels/train/V_P_I_2069_jpg.rf.c289056fb1f72e5fcc3aaca76ece35ed.txt,0,1
npds_00416_V_P_I_1189_jpg.rf.9136efb3c7982ee554fc1cd3330d06a3,npds,/home/divya/projects/IndianANPR/data/processed/npds_leakage_safe/images/train/V_P_I_1189_jpg.rf.9136efb3c7982ee554fc1cd3330d06a3.jpg,/home/divya/projects/IndianANPR/data/processed/npds_leakage_safe/labels/train/V_P_I_1189_jpg.rf.9136efb3c7982ee554fc1cd3330d06a3.txt,0,1
npds_00417_V_P_I_1163_jpg.rf.db7bea0e8bae56c8600355ab3f11cf5e,npds,/home/divya/projects/IndianANPR/data/processed/npds_leakage_safe/images/train/V_P_I_1163_jpg.rf.db7bea0e8bae56c8600355ab3f11cf5e.jpg,/home/divya/projects/IndianANPR/data/processed/npds_leakage_safe/labels/train/V_P_I_1163_jpg.rf.db7bea0e8bae56c8600355ab3f11cf5e.txt,0,1
npds_00418_V_P_I_2927_jpg.rf.3e75b3deaffde44afb87158c4c4fe4f3,npds,/home/divya/projects/IndianANPR/data/processed/npds_leakage_safe/images/train/V_P_I_2927_jpg.rf.3e75b3deaffde44afb87158c4c4fe4f3.jpg,/home/divya/projects/IndianANPR/data/processed/npds_leakage_safe/labels/train/V_P_I_2927_jpg.rf.3e75b3deaffde44afb87158c4c4fe4f3.txt,0,1
npds_00419_V_P_I_2586_jpg.rf.c5c5aa70792c693409a072ebb244bc82,npds,/home/divya/projects/IndianANPR/data/processed/npds_leakage_safe/images/train/V_P_I_2586_jpg.rf.c5c5aa70792c693409a072ebb244bc82.jpg,/home/divya/projects/IndianANPR/data/processed/npds_leakage_safe/labels/train/V_P_I_2586_jpg.rf.c5c5aa70792c693409a072ebb244bc82.txt,0,1
npds_00420_V_P_I_2674_jpg.rf.f68513ac150d996039f7bb1e1c1863ec,npds,/home/divya/projects/IndianANPR/data/processed/npds_leakage_safe/images/train/V_P_I_2674_jpg.rf.f68513ac150d996039f7bb1e1c1863ec.jpg,/home/divya/projects/IndianANPR/data/processed/npds_leakage_safe/labels/train/V_P_I_2674_jpg.rf.f68513ac150d996039f7bb1e1c1863ec.txt,0,1
npds_00421_V_P_I_68_jpg.rf.2ff27a84bca5ed99bd6df9cf9592c6ce,npds,/home/divya/projects/IndianANPR/data/processed/npds_leakage_safe/images/train/V_P_I_68_jpg.rf.2ff27a84bca5ed99bd6df9cf9592c6ce.jpg,/home/divya/projects/IndianANPR/data/processed/npds_leakage_safe/labels/train/V_P_I_68_jpg.rf.2ff27a84bca5ed99bd6df9cf9592c6ce.txt,0,1
npds_00422_V_P_I_2769_jpg.rf.17c9c696492a28051878794057161ae9,npds,/home/divya/projects/IndianANPR/data/processed/npds_leakage_safe/images/train/V_P_I_2769_jpg.rf.17c9c696492a28051878794057161ae9.jpg,/home/divya/projects/IndianANPR/data/processed/npds_leakage_safe/labels/train/V_P_I_2769_jpg.rf.17c9c696492a28051878794057161ae9.txt,0,1
npds_00423_V_P_I_151_jpg.rf.4890b1de42bea222afd4c7977d92412c,npds,/home/divya/projects/IndianANPR/data/processed/npds_leakage_safe/images/train/V_P_I_151_jpg.rf.4890b1de42bea222afd4c7977d92412c.jpg,/home/divya/projects/IndianANPR/data/processed/npds_leakage_safe/labels/train/V_P_I_151_jpg.rf.4890b1de42bea222afd4c7977d92412c.txt,0,1
npds_00424_V_P_I_1188_jpg.rf.cbf40cab65285b310a4260bd47157773,npds,/home/divya/projects/IndianANPR/data/processed/npds_leakage_safe/images/train/V_P_I_1188_jpg.rf.cbf40cab65285b310a4260bd47157773.jpg,/home/divya/projects/IndianANPR/data/processed/npds_leakage_safe/labels/train/V_P_I_1188_jpg.rf.cbf40cab65285b310a4260bd47157773.txt,0,1
npds_00425_V_P_I_2693_jpg.rf.214ec13cdbf20098ab8eb7a0e7cc7420,npds,/home/divya/projects/IndianANPR/data/processed/npds_leakage_safe/images/train/V_P_I_2693_jpg.rf.214ec13cdbf20098ab8eb7a0e7cc7420.jpg,/home/divya/projects/IndianANPR/data/processed/npds_leakage_safe/labels/train/V_P_I_2693_jpg.rf.214ec13cdbf20098ab8eb7a0e7cc7420.txt,0,1
npds_00426_V_P_I_1280_jpg.rf.7af61d2fce6f4095eff7a27b35537dc7,npds,/home/divya/projects/IndianANPR/data/processed/npds_leakage_safe/images/train/V_P_I_1280_jpg.rf.7af61d2fce6f4095eff7a27b35537dc7.jpg,/home/divya/projects/IndianANPR/data/processed/npds_leakage_safe/labels/train/V_P_I_1280_jpg.rf.7af61d2fce6f4095eff7a27b35537dc7.txt,0,1
npds_00427_V_P_I_67_jpg.rf.11414872be7a129e20b353cb881d60d2,npds,/home/divya/projects/IndianANPR/data/processed/npds_leakage_safe/images/train/V_P_I_67_jpg.rf.11414872be7a129e20b353cb881d60d2.jpg,/home/divya/projects/IndianANPR/data/processed/npds_leakage_safe/labels/train/V_P_I_67_jpg.rf.11414872be7a129e20b353cb881d60d2.txt,0,1
npds_00428_V_P_I_1619_jpg.rf.577b253eeaf506c2123b886480a3c120,npds,/home/divya/projects/IndianANPR/data/processed/npds_leakage_safe/images/train/V_P_I_1619_jpg.rf.577b253eeaf506c2123b886480a3c120.jpg,/home/divya/projects/IndianANPR/data/processed/npds_leakage_safe/labels/train/V_P_I_1619_jpg.rf.577b253eeaf506c2123b886480a3c120.txt,0,1
npds_00429_V_P_I_122_jpg.rf.81489d8d66974a2f8de3a4559804fd04,npds,/home/divya/projects/IndianANPR/data/processed/npds_leakage_safe/images/train/V_P_I_122_jpg.rf.81489d8d66974a2f8de3a4559804fd04.jpg,/home/divya/projects/IndianANPR/data/processed/npds_leakage_safe/labels/train/V_P_I_122_jpg.rf.81489d8d66974a2f8de3a4559804fd04.txt,0,1
npds_00430_V_P_I_2965_jpg.rf.7d81f1c8298c703396ed1dfb5e5ef491,npds,/home/divya/projects/IndianANPR/data/processed/npds_leakage_safe/images/train/V_P_I_2965_jpg.rf.7d81f1c8298c703396ed1dfb5e5ef491.jpg,/home/divya/projects/IndianANPR/data/processed/npds_leakage_safe/labels/train/V_P_I_2965_jpg.rf.7d81f1c8298c703396ed1dfb5e5ef491.txt,0,1
npds_00431_V_P_I_1228_jpg.rf.90cfeef409049dd225475fb9d438f695,npds,/home/divya/projects/IndianANPR/data/processed/npds_leakage_safe/images/train/V_P_I_1228_jpg.rf.90cfeef409049dd225475fb9d438f695.jpg,/home/divya/projects/IndianANPR/data/processed/npds_leakage_safe/labels/train/V_P_I_1228_jpg.rf.90cfeef409049dd225475fb9d438f695.txt,0,1
npds_00432_V_P_I_3214_jpg.rf.290e4c559de88f061d1733632934dcf9,npds,/home/divya/projects/IndianANPR/data/processed/npds_leakage_safe/images/train/V_P_I_3214_jpg.rf.290e4c559de88f061d1733632934dcf9.jpg,/home/divya/projects/IndianANPR/data/processed/npds_leakage_safe/labels/train/V_P_I_3214_jpg.rf.290e4c559de88f061d1733632934dcf9.txt,0,1
npds_00433_V_P_I_718_jpg.rf.4e52e5fbb62722e24df79a57d7b8397f,npds,/home/divya/projects/IndianANPR/data/processed/npds_leakage_safe/images/train/V_P_I_718_jpg.rf.4e52e5fbb62722e24df79a57d7b8397f.jpg,/home/divya/projects/IndianANPR/data/processed/npds_leakage_safe/labels/train/V_P_I_718_jpg.rf.4e52e5fbb62722e24df79a57d7b8397f.txt,0,3
npds_00434_V_P_I_1773_jpg.rf.4978231f667083067d258c66cc728dea,npds,/home/divya/projects/IndianANPR/data/processed/npds_leakage_safe/images/train/V_P_I_1773_jpg.rf.4978231f667083067d258c66cc728dea.jpg,/home/divya/projects/IndianANPR/data/processed/npds_leakage_safe/labels/train/V_P_I_1773_jpg.rf.4978231f667083067d258c66cc728dea.txt,0,1
npds_00435_V_P_I_2352_jpg.rf.fb5960f36d4d6ca4907c6cf1ee19d767,npds,/home/divya/projects/IndianANPR/data/processed/npds_leakage_safe/images/train/V_P_I_2352_jpg.rf.fb5960f36d4d6ca4907c6cf1ee19d767.jpg,/home/divya/projects/IndianANPR/data/processed/npds_leakage_safe/labels/train/V_P_I_2352_jpg.rf.fb5960f36d4d6ca4907c6cf1ee19d767.txt,0,1
npds_00436_V_P_I_1409_jpg.rf.5165732ac35bc923f6f59c632314d203,npds,/home/divya/projects/IndianANPR/data/processed/npds_leakage_safe/images/train/V_P_I_1409_jpg.rf.5165732ac35bc923f6f59c632314d203.jpg,/home/divya/projects/IndianANPR/data/processed/npds_leakage_safe/labels/train/V_P_I_1409_jpg.rf.5165732ac35bc923f6f59c632314d203.txt,0,2
npds_00437_V_P_I_824_jpg.rf.06820d7701f8e8885bb5e8fba26ca96d,npds,/home/divya/projects/IndianANPR/data/processed/npds_leakage_safe/images/train/V_P_I_824_jpg.rf.06820d7701f8e8885bb5e8fba26ca96d.jpg,/home/divya/projects/IndianANPR/data/processed/npds_leakage_safe/labels/train/V_P_I_824_jpg.rf.06820d7701f8e8885bb5e8fba26ca96d.txt,0,1
npds_00438_V_P_I_2884_jpg.rf.c2ea64250e3a7a78404d665b24b9a5d7,npds,/home/divya/projects/IndianANPR/data/processed/npds_leakage_safe/images/train/V_P_I_2884_jpg.rf.c2ea64250e3a7a78404d665b24b9a5d7.jpg,/home/divya/projects/IndianANPR/data/processed/npds_leakage_safe/labels/train/V_P_I_2884_jpg.rf.c2ea64250e3a7a78404d665b24b9a5d7.txt,0,1
npds_00439_V_P_I_1809_jpg.rf.e1caa4198f7fcf24ffd002cedba1bb36,npds,/home/divya/projects/IndianANPR/data/processed/npds_leakage_safe/images/train/V_P_I_1809_jpg.rf.e1caa4198f7fcf24ffd002cedba1bb36.jpg,/home/divya/projects/IndianANPR/data/processed/npds_leakage_safe/labels/train/V_P_I_1809_jpg.rf.e1caa4198f7fcf24ffd002cedba1bb36.txt,0,1
npds_00440_V_P_I_2912_jpg.rf.5216fab50ecb07c660cf612cac2f87e0,npds,/home/divya/projects/IndianANPR/data/processed/npds_leakage_safe/images/train/V_P_I_2912_jpg.rf.5216fab50ecb07c660cf612cac2f87e0.jpg,/home/divya/projects/IndianANPR/data/processed/npds_leakage_safe/labels/train/V_P_I_2912_jpg.rf.5216fab50ecb07c660cf612cac2f87e0.txt,0,1
npds_00441_V_P_I_2964_jpg.rf.19198a6955e645430243029c59c2d296,npds,/home/divya/projects/IndianANPR/data/processed/npds_leakage_safe/images/train/V_P_I_2964_jpg.rf.19198a6955e645430243029c59c2d296.jpg,/home/divya/projects/IndianANPR/data/processed/npds_leakage_safe/labels/train/V_P_I_2964_jpg.rf.19198a6955e645430243029c59c2d296.txt,0,1
npds_00442_V_P_I_1130_jpg.rf.da05a4e68261e9585836c93e56969510,npds,/home/divya/projects/IndianANPR/data/processed/npds_leakage_safe/images/train/V_P_I_1130_jpg.rf.da05a4e68261e9585836c93e56969510.jpg,/home/divya/projects/IndianANPR/data/processed/npds_leakage_safe/labels/train/V_P_I_1130_jpg.rf.da05a4e68261e9585836c93e56969510.txt,0,1
npds_00443_V_P_I_3030_jpg.rf.cc8d9de9dce8a708d5074e50ca2810a3,npds,/home/divya/projects/IndianANPR/data/processed/npds_leakage_safe/images/train/V_P_I_3030_jpg.rf.cc8d9de9dce8a708d5074e50ca2810a3.jpg,/home/divya/projects/IndianANPR/data/processed/npds_leakage_safe/labels/train/V_P_I_3030_jpg.rf.cc8d9de9dce8a708d5074e50ca2810a3.txt,0,1
npds_00444_V_P_I_1284_jpg.rf.2e8515e3c1b100e53878c9405d9110d0,npds,/home/divya/projects/IndianANPR/data/processed/npds_leakage_safe/images/train/V_P_I_1284_jpg.rf.2e8515e3c1b100e53878c9405d9110d0.jpg,/home/divya/projects/IndianANPR/data/processed/npds_leakage_safe/labels/train/V_P_I_1284_jpg.rf.2e8515e3c1b100e53878c9405d9110d0.txt,0,1
npds_00445_V_P_I_2401_jpg.rf.19a12a44f0778644ecac9bf3cba96351,npds,/home/divya/projects/IndianANPR/data/processed/npds_leakage_safe/images/train/V_P_I_2401_jpg.rf.19a12a44f0778644ecac9bf3cba96351.jpg,/home/divya/projects/IndianANPR/data/processed/npds_leakage_safe/labels/train/V_P_I_2401_jpg.rf.19a12a44f0778644ecac9bf3cba96351.txt,0,1
npds_00446_V_P_I_3160_jpg.rf.adfa297291e07f07f62e02cc28e6fad2,npds,/home/divya/projects/IndianANPR/data/processed/npds_leakage_safe/images/train/V_P_I_3160_jpg.rf.adfa297291e07f07f62e02cc28e6fad2.jpg,/home/divya/projects/IndianANPR/data/processed/npds_leakage_safe/labels/train/V_P_I_3160_jpg.rf.adfa297291e07f07f62e02cc28e6fad2.txt,0,1
npds_00447_V_P_I_2923_jpg.rf.e1121b2eab38cd83ce587ecfc61e58d3,npds,/home/divya/projects/IndianANPR/data/processed/npds_leakage_safe/images/train/V_P_I_2923_jpg.rf.e1121b2eab38cd83ce587ecfc61e58d3.jpg,/home/divya/projects/IndianANPR/data/processed/npds_leakage_safe/labels/train/V_P_I_2923_jpg.rf.e1121b2eab38cd83ce587ecfc61e58d3.txt,0,1
npds_00448_V_P_I_2869_jpg.rf.670b939253fa91075195c014e557db48,npds,/home/divya/projects/IndianANPR/data/processed/npds_leakage_safe/images/train/V_P_I_2869_jpg.rf.670b939253fa91075195c014e557db48.jpg,/home/divya/projects/IndianANPR/data/processed/npds_leakage_safe/labels/train/V_P_I_2869_jpg.rf.670b939253fa91075195c014e557db48.txt,0,1
npds_00449_V_P_I_273_jpg.rf.69e9207c2f45252aec9fd15c183644b7,npds,/home/divya/projects/IndianANPR/data/processed/npds_leakage_safe/images/train/V_P_I_273_jpg.rf.69e9207c2f45252aec9fd15c183644b7.jpg,/home/divya/projects/IndianANPR/data/processed/npds_leakage_safe/labels/train/V_P_I_273_jpg.rf.69e9207c2f45252aec9fd15c183644b7.txt,0,1
npds_00450_V_P_I_2078_jpg.rf.352f6c3c273f62f8babfb4e4a811c8e0,npds,/home/divya/projects/IndianANPR/data/processed/npds_leakage_safe/images/train/V_P_I_2078_jpg.rf.352f6c3c273f62f8babfb4e4a811c8e0.jpg,/home/divya/projects/IndianANPR/data/processed/npds_leakage_safe/labels/train/V_P_I_2078_jpg.rf.352f6c3c273f62f8babfb4e4a811c8e0.txt,0,1
npds_00451_V_P_I_1861_jpg.rf.01da3b79dc1f9b39303b2b6d70287bd9,npds,/home/divya/projects/IndianANPR/data/processed/npds_leakage_safe/images/train/V_P_I_1861_jpg.rf.01da3b79dc1f9b39303b2b6d70287bd9.jpg,/home/divya/projects/IndianANPR/data/processed/npds_leakage_safe/labels/train/V_P_I_1861_jpg.rf.01da3b79dc1f9b39303b2b6d70287bd9.txt,0,1
npds_00452_V_P_I_1673_jpg.rf.5254e150b0d77c4a8821bd27f4b0c3a8,npds,/home/divya/projects/IndianANPR/data/processed/npds_leakage_safe/images/train/V_P_I_1673_jpg.rf.5254e150b0d77c4a8821bd27f4b0c3a8.jpg,/home/divya/projects/IndianANPR/data/processed/npds_leakage_safe/labels/train/V_P_I_1673_jpg.rf.5254e150b0d77c4a8821bd27f4b0c3a8.txt,0,1
npds_00453_V_P_I_3195_jpg.rf.4ed61ab22f8eed511b1f4228f703e23d,npds,/home/divya/projects/IndianANPR/data/processed/npds_leakage_safe/images/train/V_P_I_3195_jpg.rf.4ed61ab22f8eed511b1f4228f703e23d.jpg,/home/divya/projects/IndianANPR/data/processed/npds_leakage_safe/labels/train/V_P_I_3195_jpg.rf.4ed61ab22f8eed511b1f4228f703e23d.txt,0,1
npds_00454_V_P_I_3376_jpg.rf.672420dfc0cb6858eaf21e378788f219,npds,/home/divya/projects/IndianANPR/data/processed/npds_leakage_safe/images/train/V_P_I_3376_jpg.rf.672420dfc0cb6858eaf21e378788f219.jpg,/home/divya/projects/IndianANPR/data/processed/npds_leakage_safe/labels/train/V_P_I_3376_jpg.rf.672420dfc0cb6858eaf21e378788f219.txt,0,1
npds_00455_V_P_I_2071_jpg.rf.ef1239749fb9bd776ae3ea2f43aee693,npds,/home/divya/projects/IndianANPR/data/processed/npds_leakage_safe/images/train/V_P_I_2071_jpg.rf.ef1239749fb9bd776ae3ea2f43aee693.jpg,/home/divya/projects/IndianANPR/data/processed/npds_leakage_safe/labels/train/V_P_I_2071_jpg.rf.ef1239749fb9bd776ae3ea2f43aee693.txt,0,1
npds_00456_V_P_I_1781_jpg.rf.80710b37ade04cb0debb955bc795f8b3,npds,/home/divya/projects/IndianANPR/data/processed/npds_leakage_safe/images/train/V_P_I_1781_jpg.rf.80710b37ade04cb0debb955bc795f8b3.jpg,/home/divya/projects/IndianANPR/data/processed/npds_leakage_safe/labels/train/V_P_I_1781_jpg.rf.80710b37ade04cb0debb955bc795f8b3.txt,0,1
npds_00457_V_P_I_1875_jpg.rf.a81f06c5a039a520b13390e0b79957bd,npds,/home/divya/projects/IndianANPR/data/processed/npds_leakage_safe/images/train/V_P_I_1875_jpg.rf.a81f06c5a039a520b13390e0b79957bd.jpg,/home/divya/projects/IndianANPR/data/processed/npds_leakage_safe/labels/train/V_P_I_1875_jpg.rf.a81f06c5a039a520b13390e0b79957bd.txt,0,1
npds_00458_V_P_I_2332_jpg.rf.189e7293251dd95e6f11598fd5e8a66f,npds,/home/divya/projects/IndianANPR/data/processed/npds_leakage_safe/images/train/V_P_I_2332_jpg.rf.189e7293251dd95e6f11598fd5e8a66f.jpg,/home/divya/projects/IndianANPR/data/processed/npds_leakage_safe/labels/train/V_P_I_2332_jpg.rf.189e7293251dd95e6f11598fd5e8a66f.txt,0,1
npds_00459_V_P_I_1442_jpg.rf.ef4563d428e5c0986f1f036857adacb0,npds,/home/divya/projects/IndianANPR/data/processed/npds_leakage_safe/images/train/V_P_I_1442_jpg.rf.ef4563d428e5c0986f1f036857adacb0.jpg,/home/divya/projects/IndianANPR/data/processed/npds_leakage_safe/labels/train/V_P_I_1442_jpg.rf.ef4563d428e5c0986f1f036857adacb0.txt,0,1
npds_00460_V_P_I_940_jpg.rf.e6ee25d1e2476cc0737f145b6d5347a6,npds,/home/divya/projects/IndianANPR/data/processed/npds_leakage_safe/images/train/V_P_I_940_jpg.rf.e6ee25d1e2476cc0737f145b6d5347a6.jpg,/home/divya/projects/IndianANPR/data/processed/npds_leakage_safe/labels/train/V_P_I_940_jpg.rf.e6ee25d1e2476cc0737f145b6d5347a6.txt,0,1
npds_00461_V_P_I_3116_jpg.rf.aeaefd262bab15cf2a87b7f381d65540,npds,/home/divya/projects/IndianANPR/data/processed/npds_leakage_safe/images/train/V_P_I_3116_jpg.rf.aeaefd262bab15cf2a87b7f381d65540.jpg,/home/divya/projects/IndianANPR/data/processed/npds_leakage_safe/labels/train/V_P_I_3116_jpg.rf.aeaefd262bab15cf2a87b7f381d65540.txt,0,1
npds_00462_V_P_I_2013_jpg.rf.43144b7776252cec4545708f0300da3b,npds,/home/divya/projects/IndianANPR/data/processed/npds_leakage_safe/images/train/V_P_I_2013_jpg.rf.43144b7776252cec4545708f0300da3b.jpg,/home/divya/projects/IndianANPR/data/processed/npds_leakage_safe/labels/train/V_P_I_2013_jpg.rf.43144b7776252cec4545708f0300da3b.txt,0,1
npds_00463_V_P_I_2520_jpg.rf.2600d658c3425c42edded044ebf70b25,npds,/home/divya/projects/IndianANPR/data/processed/npds_leakage_safe/images/train/V_P_I_2520_jpg.rf.2600d658c3425c42edded044ebf70b25.jpg,/home/divya/projects/IndianANPR/data/processed/npds_leakage_safe/labels/train/V_P_I_2520_jpg.rf.2600d658c3425c42edded044ebf70b25.txt,0,1
npds_00464_V_P_I_2077_jpg.rf.83d45ec84ad2e06fda876c4c171c5876,npds,/home/divya/projects/IndianANPR/data/processed/npds_leakage_safe/images/train/V_P_I_2077_jpg.rf.83d45ec84ad2e06fda876c4c171c5876.jpg,/home/divya/projects/IndianANPR/data/processed/npds_leakage_safe/labels/train/V_P_I_2077_jpg.rf.83d45ec84ad2e06fda876c4c171c5876.txt,0,1
npds_00465_V_P_I_3510_jpg.rf.e110c7c12f299dff1e1dbfda695c0d02,npds,/home/divya/projects/IndianANPR/data/processed/npds_leakage_safe/images/train/V_P_I_3510_jpg.rf.e110c7c12f299dff1e1dbfda695c0d02.jpg,/home/divya/projects/IndianANPR/data/processed/npds_leakage_safe/labels/train/V_P_I_3510_jpg.rf.e110c7c12f299dff1e1dbfda695c0d02.txt,0,1
npds_00466_V_P_I_1248_jpg.rf.88a3900995a5733dc6f6c5e381fafd82,npds,/home/divya/projects/IndianANPR/data/processed/npds_leakage_safe/images/train/V_P_I_1248_jpg.rf.88a3900995a5733dc6f6c5e381fafd82.jpg,/home/divya/projects/IndianANPR/data/processed/npds_leakage_safe/labels/train/V_P_I_1248_jpg.rf.88a3900995a5733dc6f6c5e381fafd82.txt,0,1
npds_00467_V_P_I_1038_jpg.rf.97a2b6c287d1a5c8da5a80ebafe8a946,npds,/home/divya/projects/IndianANPR/data/processed/npds_leakage_safe/images/train/V_P_I_1038_jpg.rf.97a2b6c287d1a5c8da5a80ebafe8a946.jpg,/home/divya/projects/IndianANPR/data/processed/npds_leakage_safe/labels/train/V_P_I_1038_jpg.rf.97a2b6c287d1a5c8da5a80ebafe8a946.txt,0,1
npds_00468_V_P_I_2522_jpg.rf.2d3b8f8ff965db194bbc71d1e2b1c00d,npds,/home/divya/projects/IndianANPR/data/processed/npds_leakage_safe/images/train/V_P_I_2522_jpg.rf.2d3b8f8ff965db194bbc71d1e2b1c00d.jpg,/home/divya/projects/IndianANPR/data/processed/npds_leakage_safe/labels/train/V_P_I_2522_jpg.rf.2d3b8f8ff965db194bbc71d1e2b1c00d.txt,0,1
npds_00469_V_P_I_3040_jpg.rf.09020ce17687e4e7f416a3053671be71,npds,/home/divya/projects/IndianANPR/data/processed/npds_leakage_safe/images/train/V_P_I_3040_jpg.rf.09020ce17687e4e7f416a3053671be71.jpg,/home/divya/projects/IndianANPR/data/processed/npds_leakage_safe/labels/train/V_P_I_3040_jpg.rf.09020ce17687e4e7f416a3053671be71.txt,0,1
npds_00470_V_P_I_2861_jpg.rf.ff1adf486c299348620bb872d05ba26d,npds,/home/divya/projects/IndianANPR/data/processed/npds_leakage_safe/images/train/V_P_I_2861_jpg.rf.ff1adf486c299348620bb872d05ba26d.jpg,/home/divya/projects/IndianANPR/data/processed/npds_leakage_safe/labels/train/V_P_I_2861_jpg.rf.ff1adf486c299348620bb872d05ba26d.txt,0,1
npds_00471_V_P_I_1339_jpg.rf.e5489db215f71034ff26c069e542a376,npds,/home/divya/projects/IndianANPR/data/processed/npds_leakage_safe/images/train/V_P_I_1339_jpg.rf.e5489db215f71034ff26c069e542a376.jpg,/home/divya/projects/IndianANPR/data/processed/npds_leakage_safe/labels/train/V_P_I_1339_jpg.rf.e5489db215f71034ff26c069e542a376.txt,0,1
npds_00472_V_P_I_124_jpg.rf.89df13244c2af8c08492216faaf785ab,npds,/home/divya/projects/IndianANPR/data/processed/npds_leakage_safe/images/train/V_P_I_124_jpg.rf.89df13244c2af8c08492216faaf785ab.jpg,/home/divya/projects/IndianANPR/data/processed/npds_leakage_safe/labels/train/V_P_I_124_jpg.rf.89df13244c2af8c08492216faaf785ab.txt,0,1
npds_00473_V_P_I_2790_jpg.rf.05b9b9a495e81ae0e151f9ebfbb48ba6,npds,/home/divya/projects/IndianANPR/data/processed/npds_leakage_safe/images/train/V_P_I_2790_jpg.rf.05b9b9a495e81ae0e151f9ebfbb48ba6.jpg,/home/divya/projects/IndianANPR/data/processed/npds_leakage_safe/labels/train/V_P_I_2790_jpg.rf.05b9b9a495e81ae0e151f9ebfbb48ba6.txt,0,1
npds_00474_V_P_I_1697_jpg.rf.6b6284d5d35a3ef2daecf23c3f8f3f6b,npds,/home/divya/projects/IndianANPR/data/processed/npds_leakage_safe/images/train/V_P_I_1697_jpg.rf.6b6284d5d35a3ef2daecf23c3f8f3f6b.jpg,/home/divya/projects/IndianANPR/data/processed/npds_leakage_safe/labels/train/V_P_I_1697_jpg.rf.6b6284d5d35a3ef2daecf23c3f8f3f6b.txt,0,1
npds_00475_V_P_I_2688_jpg.rf.3f791f63e47704ed24b52d77bcc20326,npds,/home/divya/projects/IndianANPR/data/processed/npds_leakage_safe/images/train/V_P_I_2688_jpg.rf.3f791f63e47704ed24b52d77bcc20326.jpg,/home/divya/projects/IndianANPR/data/processed/npds_leakage_safe/labels/train/V_P_I_2688_jpg.rf.3f791f63e47704ed24b52d77bcc20326.txt,0,1
npds_00476_V_P_I_915_jpg.rf.b281dae3e6f8e1a374f37cf34e86980e,npds,/home/divya/projects/IndianANPR/data/processed/npds_leakage_safe/images/train/V_P_I_915_jpg.rf.b281dae3e6f8e1a374f37cf34e86980e.jpg,/home/divya/projects/IndianANPR/data/processed/npds_leakage_safe/labels/train/V_P_I_915_jpg.rf.b281dae3e6f8e1a374f37cf34e86980e.txt,0,1
npds_00477_V_P_I_1446_jpg.rf.68b272e5e8e3af71c4a438e1476cec9e,npds,/home/divya/projects/IndianANPR/data/processed/npds_leakage_safe/images/train/V_P_I_1446_jpg.rf.68b272e5e8e3af71c4a438e1476cec9e.jpg,/home/divya/projects/IndianANPR/data/processed/npds_leakage_safe/labels/train/V_P_I_1446_jpg.rf.68b272e5e8e3af71c4a438e1476cec9e.txt,0,1
npds_00478_V_P_I_2172_jpg.rf.1cae5a47430345cb511f6c6028a217c1,npds,/home/divya/projects/IndianANPR/data/processed/npds_leakage_safe/images/train/V_P_I_2172_jpg.rf.1cae5a47430345cb511f6c6028a217c1.jpg,/home/divya/projects/IndianANPR/data/processed/npds_leakage_safe/labels/train/V_P_I_2172_jpg.rf.1cae5a47430345cb511f6c6028a217c1.txt,0,1
npds_00479_V_P_I_788_jpg.rf.a2c43a3428c9b37366a6abd61c8d032b,npds,/home/divya/projects/IndianANPR/data/processed/npds_leakage_safe/images/train/V_P_I_788_jpg.rf.a2c43a3428c9b37366a6abd61c8d032b.jpg,/home/divya/projects/IndianANPR/data/processed/npds_leakage_safe/labels/train/V_P_I_788_jpg.rf.a2c43a3428c9b37366a6abd61c8d032b.txt,0,3
npds_00480_V_P_I_1230_jpg.rf.8a01a87dda4bb19cf8a1d9922d922f08,npds,/home/divya/projects/IndianANPR/data/processed/npds_leakage_safe/images/train/V_P_I_1230_jpg.rf.8a01a87dda4bb19cf8a1d9922d922f08.jpg,/home/divya/projects/IndianANPR/data/processed/npds_leakage_safe/labels/train/V_P_I_1230_jpg.rf.8a01a87dda4bb19cf8a1d9922d922f08.txt,0,1
npds_00481_V_P_I_785_jpg.rf.1f7304b3d176c6e90efb620cd0d4d08b,npds,/home/divya/projects/IndianANPR/data/processed/npds_leakage_safe/images/train/V_P_I_785_jpg.rf.1f7304b3d176c6e90efb620cd0d4d08b.jpg,/home/divya/projects/IndianANPR/data/processed/npds_leakage_safe/labels/train/V_P_I_785_jpg.rf.1f7304b3d176c6e90efb620cd0d4d08b.txt,0,1
npds_00482_V_P_I_179_jpg.rf.f171e1898f3697577f956f833ab820a1,npds,/home/divya/projects/IndianANPR/data/processed/npds_leakage_safe/images/train/V_P_I_179_jpg.rf.f171e1898f3697577f956f833ab820a1.jpg,/home/divya/projects/IndianANPR/data/processed/npds_leakage_safe/labels/train/V_P_I_179_jpg.rf.f171e1898f3697577f956f833ab820a1.txt,0,1
npds_00483_V_P_I_2239_jpg.rf.fb488ca8621f18133ed48d8f878df2ff,npds,/home/divya/projects/IndianANPR/data/processed/npds_leakage_safe/images/train/V_P_I_2239_jpg.rf.fb488ca8621f18133ed48d8f878df2ff.jpg,/home/divya/projects/IndianANPR/data/processed/npds_leakage_safe/labels/train/V_P_I_2239_jpg.rf.fb488ca8621f18133ed48d8f878df2ff.txt,0,1
npds_00484_V_P_I_1960_jpg.rf.753c6396767b3d1a3da37e04676e28bd,npds,/home/divya/projects/IndianANPR/data/processed/npds_leakage_safe/images/train/V_P_I_1960_jpg.rf.753c6396767b3d1a3da37e04676e28bd.jpg,/home/divya/projects/IndianANPR/data/processed/npds_leakage_safe/labels/train/V_P_I_1960_jpg.rf.753c6396767b3d1a3da37e04676e28bd.txt,0,1
npds_00485_V_P_I_151_jpg.rf.f2249ddc97efd750a56598345bbf9180,npds,/home/divya/projects/IndianANPR/data/processed/npds_leakage_safe/images/train/V_P_I_151_jpg.rf.f2249ddc97efd750a56598345bbf9180.jpg,/home/divya/projects/IndianANPR/data/processed/npds_leakage_safe/labels/train/V_P_I_151_jpg.rf.f2249ddc97efd750a56598345bbf9180.txt,0,1
npds_00486_V_P_I_245_jpg.rf.6b315d2b89ffecff293b65a796c18d58,npds,/home/divya/projects/IndianANPR/data/processed/npds_leakage_safe/images/train/V_P_I_245_jpg.rf.6b315d2b89ffecff293b65a796c18d58.jpg,/home/divya/projects/IndianANPR/data/processed/npds_leakage_safe/labels/train/V_P_I_245_jpg.rf.6b315d2b89ffecff293b65a796c18d58.txt,0,1
npds_00487_V_P_I_615_jpg.rf.deefcf6f174c9cc12ece65e00c4eaf62,npds,/home/divya/projects/IndianANPR/data/processed/npds_leakage_safe/images/train/V_P_I_615_jpg.rf.deefcf6f174c9cc12ece65e00c4eaf62.jpg,/home/divya/projects/IndianANPR/data/processed/npds_leakage_safe/labels/train/V_P_I_615_jpg.rf.deefcf6f174c9cc12ece65e00c4eaf62.txt,0,1
npds_00488_V_P_I_2804_jpg.rf.ed1dd89e41022999744dc57ed5eab523,npds,/home/divya/projects/IndianANPR/data/processed/npds_leakage_safe/images/train/V_P_I_2804_jpg.rf.ed1dd89e41022999744dc57ed5eab523.jpg,/home/divya/projects/IndianANPR/data/processed/npds_leakage_safe/labels/train/V_P_I_2804_jpg.rf.ed1dd89e41022999744dc57ed5eab523.txt,0,1
npds_00489_V_P_I_3333_jpg.rf.f28d41bf011bf7b76e7d9fabb8b17f40,npds,/home/divya/projects/IndianANPR/data/processed/npds_leakage_safe/images/train/V_P_I_3333_jpg.rf.f28d41bf011bf7b76e7d9fabb8b17f40.jpg,/home/divya/projects/IndianANPR/data/processed/npds_leakage_safe/labels/train/V_P_I_3333_jpg.rf.f28d41bf011bf7b76e7d9fabb8b17f40.txt,0,1
npds_00490_V_P_I_2025_jpg.rf.5bd83811c10f647ef34e1c4dca889fe1,npds,/home/divya/projects/IndianANPR/data/processed/npds_leakage_safe/images/train/V_P_I_2025_jpg.rf.5bd83811c10f647ef34e1c4dca889fe1.jpg,/home/divya/projects/IndianANPR/data/processed/npds_leakage_safe/labels/train/V_P_I_2025_jpg.rf.5bd83811c10f647ef34e1c4dca889fe1.txt,0,1
npds_00491_V_P_I_300_jpg.rf.bdf14374668c14ff67107abc2c07c737,npds,/home/divya/projects/IndianANPR/data/processed/npds_leakage_safe/images/train/V_P_I_300_jpg.rf.bdf14374668c14ff67107abc2c07c737.jpg,/home/divya/projects/IndianANPR/data/processed/npds_leakage_safe/labels/train/V_P_I_300_jpg.rf.bdf14374668c14ff67107abc2c07c737.txt,0,1
npds_00492_V_P_I_989_jpg.rf.43c480674c3ad36cb75941f6431c7df3,npds,/home/divya/projects/IndianANPR/data/processed/npds_leakage_safe/images/train/V_P_I_989_jpg.rf.43c480674c3ad36cb75941f6431c7df3.jpg,/home/divya/projects/IndianANPR/data/processed/npds_leakage_safe/labels/train/V_P_I_989_jpg.rf.43c480674c3ad36cb75941f6431c7df3.txt,0,1
npds_00493_V_P_I_314_jpg.rf.504d8d8e9aad336d825e618678687ebe,npds,/home/divya/projects/IndianANPR/data/processed/npds_leakage_safe/images/train/V_P_I_314_jpg.rf.504d8d8e9aad336d825e618678687ebe.jpg,/home/divya/projects/IndianANPR/data/processed/npds_leakage_safe/labels/train/V_P_I_314_jpg.rf.504d8d8e9aad336d825e618678687ebe.txt,0,1
npds_00494_V_P_I_2759_jpg.rf.efa22063ee66bbb2d150734267ee4e0a,npds,/home/divya/projects/IndianANPR/data/processed/npds_leakage_safe/images/train/V_P_I_2759_jpg.rf.efa22063ee66bbb2d150734267ee4e0a.jpg,/home/divya/projects/IndianANPR/data/processed/npds_leakage_safe/labels/train/V_P_I_2759_jpg.rf.efa22063ee66bbb2d150734267ee4e0a.txt,0,1
npds_00495_V_P_I_1031_jpg.rf.996e467cb1d642bc2014d2493a5d8a01,npds,/home/divya/projects/IndianANPR/data/processed/npds_leakage_safe/images/train/V_P_I_1031_jpg.rf.996e467cb1d642bc2014d2493a5d8a01.jpg,/home/divya/projects/IndianANPR/data/processed/npds_leakage_safe/labels/train/V_P_I_1031_jpg.rf.996e467cb1d642bc2014d2493a5d8a01.txt,0,1
npds_00496_V_P_I_3191_jpg.rf.925b1d139e41bc42efac92df8b901d56,npds,/home/divya/projects/IndianANPR/data/processed/npds_leakage_safe/images/train/V_P_I_3191_jpg.rf.925b1d139e41bc42efac92df8b901d56.jpg,/home/divya/projects/IndianANPR/data/processed/npds_leakage_safe/labels/train/V_P_I_3191_jpg.rf.925b1d139e41bc42efac92df8b901d56.txt,0,1
npds_00497_V_P_I_563_jpg.rf.94f9fd6f156f37f4c25092e0bc4eee71,npds,/home/divya/projects/IndianANPR/data/processed/npds_leakage_safe/images/train/V_P_I_563_jpg.rf.94f9fd6f156f37f4c25092e0bc4eee71.jpg,/home/divya/projects/IndianANPR/data/processed/npds_leakage_safe/labels/train/V_P_I_563_jpg.rf.94f9fd6f156f37f4c25092e0bc4eee71.txt,0,1
npds_00498_V_P_I_2840_jpg.rf.664d16637f8f5eece314bf918a6b2c8b,npds,/home/divya/projects/IndianANPR/data/processed/npds_leakage_safe/images/train/V_P_I_2840_jpg.rf.664d16637f8f5eece314bf918a6b2c8b.jpg,/home/divya/projects/IndianANPR/data/processed/npds_leakage_safe/labels/train/V_P_I_2840_jpg.rf.664d16637f8f5eece314bf918a6b2c8b.txt,0,1
npds_00499_V_P_I_2005_jpg.rf.ff5fed2c55e51e90b2dd16fedb4f1991,npds,/home/divya/projects/IndianANPR/data/processed/npds_leakage_safe/images/train/V_P_I_2005_jpg.rf.ff5fed2c55e51e90b2dd16fedb4f1991.jpg,/home/divya/projects/IndianANPR/data/processed/npds_leakage_safe/labels/train/V_P_I_2005_jpg.rf.ff5fed2c55e51e90b2dd16fedb4f1991.txt,0,1
npds_00500_V_P_I_3179_jpg.rf.b6296ae7625809ec350a79792eaf9408,npds,/home/divya/projects/IndianANPR/data/processed/npds_leakage_safe/images/train/V_P_I_3179_jpg.rf.b6296ae7625809ec350a79792eaf9408.jpg,/home/divya/projects/IndianANPR/data/processed/npds_leakage_safe/labels/train/V_P_I_3179_jpg.rf.b6296ae7625809ec350a79792eaf9408.txt,0,1
npds_00501_V_P_I_1349_jpg.rf.3ddd132f510c1d01f07b37bad09fc938,npds,/home/divya/projects/IndianANPR/data/processed/npds_leakage_safe/images/train/V_P_I_1349_jpg.rf.3ddd132f510c1d01f07b37bad09fc938.jpg,/home/divya/projects/IndianANPR/data/processed/npds_leakage_safe/labels/train/V_P_I_1349_jpg.rf.3ddd132f510c1d01f07b37bad09fc938.txt,0,1
npds_00502_V_P_I_781_jpg.rf.8e835d7f65c01b0c1c5cdaeb4b91fb9d,npds,/home/divya/projects/IndianANPR/data/processed/npds_leakage_safe/images/train/V_P_I_781_jpg.rf.8e835d7f65c01b0c1c5cdaeb4b91fb9d.jpg,/home/divya/projects/IndianANPR/data/processed/npds_leakage_safe/labels/train/V_P_I_781_jpg.rf.8e835d7f65c01b0c1c5cdaeb4b91fb9d.txt,0,1
npds_00503_V_P_I_1451_jpg.rf.5aa2a5e24b12d623f6f8c18bb51a34ec,npds,/home/divya/projects/IndianANPR/data/processed/npds_leakage_safe/images/train/V_P_I_1451_jpg.rf.5aa2a5e24b12d623f6f8c18bb51a34ec.jpg,/home/divya/projects/IndianANPR/data/processed/npds_leakage_safe/labels/train/V_P_I_1451_jpg.rf.5aa2a5e24b12d623f6f8c18bb51a34ec.txt,0,1
npds_00504_V_P_I_989_jpg.rf.4e2bdaa73a5184fe3e7b5ab4b526cb16,npds,/home/divya/projects/IndianANPR/data/processed/npds_leakage_safe/images/train/V_P_I_989_jpg.rf.4e2bdaa73a5184fe3e7b5ab4b526cb16.jpg,/home/divya/projects/IndianANPR/data/processed/npds_leakage_safe/labels/train/V_P_I_989_jpg.rf.4e2bdaa73a5184fe3e7b5ab4b526cb16.txt,0,1
npds_00505_V_P_I_1396_jpg.rf.0ea03a0cc86c06dd0b89814a4ce24693,npds,/home/divya/projects/IndianANPR/data/processed/npds_leakage_safe/images/train/V_P_I_1396_jpg.rf.0ea03a0cc86c06dd0b89814a4ce24693.jpg,/home/divya/projects/IndianANPR/data/processed/npds_leakage_safe/labels/train/V_P_I_1396_jpg.rf.0ea03a0cc86c06dd0b89814a4ce24693.txt,0,1
npds_00506_V_P_I_820_jpg.rf.d79c0f1dff2dd1f3ca8aec23b89c85f5,npds,/home/divya/projects/IndianANPR/data/processed/npds_leakage_safe/images/train/V_P_I_820_jpg.rf.d79c0f1dff2dd1f3ca8aec23b89c85f5.jpg,/home/divya/projects/IndianANPR/data/processed/npds_leakage_safe/labels/train/V_P_I_820_jpg.rf.d79c0f1dff2dd1f3ca8aec23b89c85f5.txt,0,1
npds_00507_V_P_I_1363_jpg.rf.0f6aeac13255e010079eb523d5b26449,npds,/home/divya/projects/IndianANPR/data/processed/npds_leakage_safe/images/train/V_P_I_1363_jpg.rf.0f6aeac13255e010079eb523d5b26449.jpg,/home/divya/projects/IndianANPR/data/processed/npds_leakage_safe/labels/train/V_P_I_1363_jpg.rf.0f6aeac13255e010079eb523d5b26449.txt,0,1
npds_00508_V_P_I_346_jpg.rf.6f2fc4c098e2de469f545d1f97d51f1c,npds,/home/divya/projects/IndianANPR/data/processed/npds_leakage_safe/images/train/V_P_I_346_jpg.rf.6f2fc4c098e2de469f545d1f97d51f1c.jpg,/home/divya/projects/IndianANPR/data/processed/npds_leakage_safe/labels/train/V_P_I_346_jpg.rf.6f2fc4c098e2de469f545d1f97d51f1c.txt,0,1
npds_00509_V_P_I_964_jpg.rf.46f99f246e54ca2a8b26aeee10bcc0eb,npds,/home/divya/projects/IndianANPR/data/processed/npds_leakage_safe/images/train/V_P_I_964_jpg.rf.46f99f246e54ca2a8b26aeee10bcc0eb.jpg,/home/divya/projects/IndianANPR/data/processed/npds_leakage_safe/labels/train/V_P_I_964_jpg.rf.46f99f246e54ca2a8b26aeee10bcc0eb.txt,0,1
npds_00510_V_P_I_1514_jpg.rf.95afe3063569a1ed2edf6708adc8bf43,npds,/home/divya/projects/IndianANPR/data/processed/npds_leakage_safe/images/train/V_P_I_1514_jpg.rf.95afe3063569a1ed2edf6708adc8bf43.jpg,/home/divya/projects/IndianANPR/data/processed/npds_leakage_safe/labels/train/V_P_I_1514_jpg.rf.95afe3063569a1ed2edf6708adc8bf43.txt,0,1
npds_00511_V_P_I_1903_jpg.rf.75ef5bcf7d1148bd90d41093bd40eba4,npds,/home/divya/projects/IndianANPR/data/processed/npds_leakage_safe/images/train/V_P_I_1903_jpg.rf.75ef5bcf7d1148bd90d41093bd40eba4.jpg,/home/divya/projects/IndianANPR/data/processed/npds_leakage_safe/labels/train/V_P_I_1903_jpg.rf.75ef5bcf7d1148bd90d41093bd40eba4.txt,0,1
npds_00512_V_P_I_1943_jpg.rf.4cbf0c75eb1a8c5808b34ee17be5b1b8,npds,/home/divya/projects/IndianANPR/data/processed/npds_leakage_safe/images/train/V_P_I_1943_jpg.rf.4cbf0c75eb1a8c5808b34ee17be5b1b8.jpg,/home/divya/projects/IndianANPR/data/processed/npds_leakage_safe/labels/train/V_P_I_1943_jpg.rf.4cbf0c75eb1a8c5808b34ee17be5b1b8.txt,0,1
npds_00513_V_P_I_2995_jpg.rf.5ff0c05a24015dfd832d1c5162f893e8,npds,/home/divya/projects/IndianANPR/data/processed/npds_leakage_safe/images/train/V_P_I_2995_jpg.rf.5ff0c05a24015dfd832d1c5162f893e8.jpg,/home/divya/projects/IndianANPR/data/processed/npds_leakage_safe/labels/train/V_P_I_2995_jpg.rf.5ff0c05a24015dfd832d1c5162f893e8.txt,0,1
npds_00514_V_P_I_1691_jpg.rf.4c597be297bb0742f1b0ef81d6df41a7,npds,/home/divya/projects/IndianANPR/data/processed/npds_leakage_safe/images/train/V_P_I_1691_jpg.rf.4c597be297bb0742f1b0ef81d6df41a7.jpg,/home/divya/projects/IndianANPR/data/processed/npds_leakage_safe/labels/train/V_P_I_1691_jpg.rf.4c597be297bb0742f1b0ef81d6df41a7.txt,0,1
npds_00515_V_P_I_3380_jpg.rf.82e73a4cc1f785f2edb1c6786bf4d8c9,npds,/home/divya/projects/IndianANPR/data/processed/npds_leakage_safe/images/train/V_P_I_3380_jpg.rf.82e73a4cc1f785f2edb1c6786bf4d8c9.jpg,/home/divya/projects/IndianANPR/data/processed/npds_leakage_safe/labels/train/V_P_I_3380_jpg.rf.82e73a4cc1f785f2edb1c6786bf4d8c9.txt,0,1
npds_00516_V_P_I_2155_jpg.rf.1f6850dcacd93b5258973e903b11a1fb,npds,/home/divya/projects/IndianANPR/data/processed/npds_leakage_safe/images/train/V_P_I_2155_jpg.rf.1f6850dcacd93b5258973e903b11a1fb.jpg,/home/divya/projects/IndianANPR/data/processed/npds_leakage_safe/labels/train/V_P_I_2155_jpg.rf.1f6850dcacd93b5258973e903b11a1fb.txt,0,1
npds_00517_V_P_I_166_jpg.rf.835061c21352f80ac0f47d0fc1c755e7,npds,/home/divya/projects/IndianANPR/data/processed/npds_leakage_safe/images/train/V_P_I_166_jpg.rf.835061c21352f80ac0f47d0fc1c755e7.jpg,/home/divya/projects/IndianANPR/data/processed/npds_leakage_safe/labels/train/V_P_I_166_jpg.rf.835061c21352f80ac0f47d0fc1c755e7.txt,0,1
npds_00518_V_P_I_3267_jpg.rf.be661d525a7a9dfa494580ce6b9e419a,npds,/home/divya/projects/IndianANPR/data/processed/npds_leakage_safe/images/train/V_P_I_3267_jpg.rf.be661d525a7a9dfa494580ce6b9e419a.jpg,/home/divya/projects/IndianANPR/data/processed/npds_leakage_safe/labels/train/V_P_I_3267_jpg.rf.be661d525a7a9dfa494580ce6b9e419a.txt,0,1
npds_00519_V_P_I_3083_jpg.rf.1c65a94a8cac66fd87ba4ba36e95f4c9,npds,/home/divya/projects/IndianANPR/data/processed/npds_leakage_safe/images/train/V_P_I_3083_jpg.rf.1c65a94a8cac66fd87ba4ba36e95f4c9.jpg,/home/divya/projects/IndianANPR/data/processed/npds_leakage_safe/labels/train/V_P_I_3083_jpg.rf.1c65a94a8cac66fd87ba4ba36e95f4c9.txt,0,1
npds_00520_V_P_I_690_jpg.rf.0dd45cd025aa98bc0f1673b79661ac7f,npds,/home/divya/projects/IndianANPR/data/processed/npds_leakage_safe/images/train/V_P_I_690_jpg.rf.0dd45cd025aa98bc0f1673b79661ac7f.jpg,/home/divya/projects/IndianANPR/data/processed/npds_leakage_safe/labels/train/V_P_I_690_jpg.rf.0dd45cd025aa98bc0f1673b79661ac7f.txt,0,1
npds_00521_V_P_I_1870_jpg.rf.b13615cd6e9ef22e3bb46a95b0a1145f,npds,/home/divya/projects/IndianANPR/data/processed/npds_leakage_safe/images/train/V_P_I_1870_jpg.rf.b13615cd6e9ef22e3bb46a95b0a1145f.jpg,/home/divya/projects/IndianANPR/data/processed/npds_leakage_safe/labels/train/V_P_I_1870_jpg.rf.b13615cd6e9ef22e3bb46a95b0a1145f.txt,0,1
npds_00522_V_P_I_2687_jpg.rf.43a71f104a7b409ee674ba448afd3261,npds,/home/divya/projects/IndianANPR/data/processed/npds_leakage_safe/images/train/V_P_I_2687_jpg.rf.43a71f104a7b409ee674ba448afd3261.jpg,/home/divya/projects/IndianANPR/data/processed/npds_leakage_safe/labels/train/V_P_I_2687_jpg.rf.43a71f104a7b409ee674ba448afd3261.txt,0,1
npds_00523_V_P_I_2618_jpg.rf.6c6bc563374f86c14cb0035a9f5f4dcd,npds,/home/divya/projects/IndianANPR/data/processed/npds_leakage_safe/images/train/V_P_I_2618_jpg.rf.6c6bc563374f86c14cb0035a9f5f4dcd.jpg,/home/divya/projects/IndianANPR/data/processed/npds_leakage_safe/labels/train/V_P_I_2618_jpg.rf.6c6bc563374f86c14cb0035a9f5f4dcd.txt,0,1
npds_00524_V_P_I_1821_jpg.rf.e9361ae7178c11c13a395bda2e36c889,npds,/home/divya/projects/IndianANPR/data/processed/npds_leakage_safe/images/train/V_P_I_1821_jpg.rf.e9361ae7178c11c13a395bda2e36c889.jpg,/home/divya/projects/IndianANPR/data/processed/npds_leakage_safe/labels/train/V_P_I_1821_jpg.rf.e9361ae7178c11c13a395bda2e36c889.txt,0,1
npds_00525_V_P_I_878_jpg.rf.4fa0a67c48ad4fa7ab0ada460d7bbc11,npds,/home/divya/projects/IndianANPR/data/processed/npds_leakage_safe/images/train/V_P_I_878_jpg.rf.4fa0a67c48ad4fa7ab0ada460d7bbc11.jpg,/home/divya/projects/IndianANPR/data/processed/npds_leakage_safe/labels/train/V_P_I_878_jpg.rf.4fa0a67c48ad4fa7ab0ada460d7bbc11.txt,0,1
npds_00526_V_P_I_886_jpg.rf.71522fb0031d33f837a24a78ee283668,npds,/home/divya/projects/IndianANPR/data/processed/npds_leakage_safe/images/train/V_P_I_886_jpg.rf.71522fb0031d33f837a24a78ee283668.jpg,/home/divya/projects/IndianANPR/data/processed/npds_leakage_safe/labels/train/V_P_I_886_jpg.rf.71522fb0031d33f837a24a78ee283668.txt,0,1
npds_00527_V_P_I_657_jpg.rf.31a16f3187cec932a7ce911cfdf7ae6f,npds,/home/divya/projects/IndianANPR/data/processed/npds_leakage_safe/images/train/V_P_I_657_jpg.rf.31a16f3187cec932a7ce911cfdf7ae6f.jpg,/home/divya/projects/IndianANPR/data/processed/npds_leakage_safe/labels/train/V_P_I_657_jpg.rf.31a16f3187cec932a7ce911cfdf7ae6f.txt,0,1
npds_00528_V_P_I_1167_jpg.rf.a644e5ae0ab750dff98b79cadc5cd1fc,npds,/home/divya/projects/IndianANPR/data/processed/npds_leakage_safe/images/train/V_P_I_1167_jpg.rf.a644e5ae0ab750dff98b79cadc5cd1fc.jpg,/home/divya/projects/IndianANPR/data/processed/npds_leakage_safe/labels/train/V_P_I_1167_jpg.rf.a644e5ae0ab750dff98b79cadc5cd1fc.txt,0,2
npds_00529_V_P_I_1313_jpg.rf.e5fa78b659538367fe14efd34e4da1ef,npds,/home/divya/projects/IndianANPR/data/processed/npds_leakage_safe/images/train/V_P_I_1313_jpg.rf.e5fa78b659538367fe14efd34e4da1ef.jpg,/home/divya/projects/IndianANPR/data/processed/npds_leakage_safe/labels/train/V_P_I_1313_jpg.rf.e5fa78b659538367fe14efd34e4da1ef.txt,0,1
npds_00530_V_P_I_3083_jpg.rf.66871ddece858d1dd17efd443961e72a,npds,/home/divya/projects/IndianANPR/data/processed/npds_leakage_safe/images/train/V_P_I_3083_jpg.rf.66871ddece858d1dd17efd443961e72a.jpg,/home/divya/projects/IndianANPR/data/processed/npds_leakage_safe/labels/train/V_P_I_3083_jpg.rf.66871ddece858d1dd17efd443961e72a.txt,0,1
npds_00531_V_P_I_929_jpg.rf.ccfa669d9d11c6866ed1fe4b2a386659,npds,/home/divya/projects/IndianANPR/data/processed/npds_leakage_safe/images/train/V_P_I_929_jpg.rf.ccfa669d9d11c6866ed1fe4b2a386659.jpg,/home/divya/projects/IndianANPR/data/processed/npds_leakage_safe/labels/train/V_P_I_929_jpg.rf.ccfa669d9d11c6866ed1fe4b2a386659.txt,0,1
npds_00532_V_P_I_985_jpg.rf.56b91e62285a9932deedd161b8220afc,npds,/home/divya/projects/IndianANPR/data/processed/npds_leakage_safe/images/train/V_P_I_985_jpg.rf.56b91e62285a9932deedd161b8220afc.jpg,/home/divya/projects/IndianANPR/data/processed/npds_leakage_safe/labels/train/V_P_I_985_jpg.rf.56b91e62285a9932deedd161b8220afc.txt,0,1
npds_00533_V_P_I_191_jpg.rf.262797c479cd350cadc0154a1a996308,npds,/home/divya/projects/IndianANPR/data/processed/npds_leakage_safe/images/train/V_P_I_191_jpg.rf.262797c479cd350cadc0154a1a996308.jpg,/home/divya/projects/IndianANPR/data/processed/npds_leakage_safe/labels/train/V_P_I_191_jpg.rf.262797c479cd350cadc0154a1a996308.txt,0,1
npds_00534_V_P_I_1146_jpg.rf.51a7e3f02d44c7d0b05d73e6f9fb8d04,npds,/home/divya/projects/IndianANPR/data/processed/npds_leakage_safe/images/train/V_P_I_1146_jpg.rf.51a7e3f02d44c7d0b05d73e6f9fb8d04.jpg,/home/divya/projects/IndianANPR/data/processed/npds_leakage_safe/labels/train/V_P_I_1146_jpg.rf.51a7e3f02d44c7d0b05d73e6f9fb8d04.txt,0,1
npds_00535_V_P_I_1016_jpg.rf.1722e7b397c512dd96d1250c413d859c,npds,/home/divya/projects/IndianANPR/data/processed/npds_leakage_safe/images/train/V_P_I_1016_jpg.rf.1722e7b397c512dd96d1250c413d859c.jpg,/home/divya/projects/IndianANPR/data/processed/npds_leakage_safe/labels/train/V_P_I_1016_jpg.rf.1722e7b397c512dd96d1250c413d859c.txt,0,1
npds_00536_V_P_I_2128_jpg.rf.c0b80a028b0f11086d3f09dc385f5dac,npds,/home/divya/projects/IndianANPR/data/processed/npds_leakage_safe/images/train/V_P_I_2128_jpg.rf.c0b80a028b0f11086d3f09dc385f5dac.jpg,/home/divya/projects/IndianANPR/data/processed/npds_leakage_safe/labels/train/V_P_I_2128_jpg.rf.c0b80a028b0f11086d3f09dc385f5dac.txt,0,1
npds_00537_V_P_I_393_jpg.rf.515ba8ab3b4cf4657d7f15821a2dc561,npds,/home/divya/projects/IndianANPR/data/processed/npds_leakage_safe/images/train/V_P_I_393_jpg.rf.515ba8ab3b4cf4657d7f15821a2dc561.jpg,/home/divya/projects/IndianANPR/data/processed/npds_leakage_safe/labels/train/V_P_I_393_jpg.rf.515ba8ab3b4cf4657d7f15821a2dc561.txt,0,1
npds_00538_V_P_I_1442_jpg.rf.eeb78647baecc42cde5fbf58356c7c28,npds,/home/divya/projects/IndianANPR/data/processed/npds_leakage_safe/images/train/V_P_I_1442_jpg.rf.eeb78647baecc42cde5fbf58356c7c28.jpg,/home/divya/projects/IndianANPR/data/processed/npds_leakage_safe/labels/train/V_P_I_1442_jpg.rf.eeb78647baecc42cde5fbf58356c7c28.txt,0,1
npds_00539_V_P_I_3090_jpg.rf.49c6a52191018b5d1b6772368e67b3ce,npds,/home/divya/projects/IndianANPR/data/processed/npds_leakage_safe/images/train/V_P_I_3090_jpg.rf.49c6a52191018b5d1b6772368e67b3ce.jpg,/home/divya/projects/IndianANPR/data/processed/npds_leakage_safe/labels/train/V_P_I_3090_jpg.rf.49c6a52191018b5d1b6772368e67b3ce.txt,0,1
npds_00540_V_P_I_1863_jpg.rf.7c1d4d8a94523ff28668927e507f0ab3,npds,/home/divya/projects/IndianANPR/data/processed/npds_leakage_safe/images/train/V_P_I_1863_jpg.rf.7c1d4d8a94523ff28668927e507f0ab3.jpg,/home/divya/projects/IndianANPR/data/processed/npds_leakage_safe/labels/train/V_P_I_1863_jpg.rf.7c1d4d8a94523ff28668927e507f0ab3.txt,0,1
npds_00541_V_P_I_1534_jpg.rf.591015de7b05d55a50c5d31ca236073f,npds,/home/divya/projects/IndianANPR/data/processed/npds_leakage_safe/images/train/V_P_I_1534_jpg.rf.591015de7b05d55a50c5d31ca236073f.jpg,/home/divya/projects/IndianANPR/data/processed/npds_leakage_safe/labels/train/V_P_I_1534_jpg.rf.591015de7b05d55a50c5d31ca236073f.txt,0,1
npds_00542_V_P_I_3466_jpg.rf.5b4d9d65de6d6aa52b311be9b098999b,npds,/home/divya/projects/IndianANPR/data/processed/npds_leakage_safe/images/train/V_P_I_3466_jpg.rf.5b4d9d65de6d6aa52b311be9b098999b.jpg,/home/divya/projects/IndianANPR/data/processed/npds_leakage_safe/labels/train/V_P_I_3466_jpg.rf.5b4d9d65de6d6aa52b311be9b098999b.txt,0,1
npds_00543_V_P_I_2471_jpg.rf.567dfed3e94254a3af03ad1b38179817,npds,/home/divya/projects/IndianANPR/data/processed/npds_leakage_safe/images/train/V_P_I_2471_jpg.rf.567dfed3e94254a3af03ad1b38179817.jpg,/home/divya/projects/IndianANPR/data/processed/npds_leakage_safe/labels/train/V_P_I_2471_jpg.rf.567dfed3e94254a3af03ad1b38179817.txt,0,1
npds_00544_V_P_I_2831_jpg.rf.ab95018f1dc7c5ed2094cf34e20f23cd,npds,/home/divya/projects/IndianANPR/data/processed/npds_leakage_safe/images/train/V_P_I_2831_jpg.rf.ab95018f1dc7c5ed2094cf34e20f23cd.jpg,/home/divya/projects/IndianANPR/data/processed/npds_leakage_safe/labels/train/V_P_I_2831_jpg.rf.ab95018f1dc7c5ed2094cf34e20f23cd.txt,0,1
npds_00545_V_P_I_3344_jpg.rf.6343db05d9879806868cd61f1abf09ec,npds,/home/divya/projects/IndianANPR/data/processed/npds_leakage_safe/images/train/V_P_I_3344_jpg.rf.6343db05d9879806868cd61f1abf09ec.jpg,/home/divya/projects/IndianANPR/data/processed/npds_leakage_safe/labels/train/V_P_I_3344_jpg.rf.6343db05d9879806868cd61f1abf09ec.txt,0,3
npds_00546_V_P_I_2428_jpg.rf.01d2172751be3ab0bc102669ed2115fb,npds,/home/divya/projects/IndianANPR/data/processed/npds_leakage_safe/images/train/V_P_I_2428_jpg.rf.01d2172751be3ab0bc102669ed2115fb.jpg,/home/divya/projects/IndianANPR/data/processed/npds_leakage_safe/labels/train/V_P_I_2428_jpg.rf.01d2172751be3ab0bc102669ed2115fb.txt,0,1
npds_00547_V_P_I_2856_jpg.rf.370208977d24e8b6222c30a292246e2c,npds,/home/divya/projects/IndianANPR/data/processed/npds_leakage_safe/images/train/V_P_I_2856_jpg.rf.370208977d24e8b6222c30a292246e2c.jpg,/home/divya/projects/IndianANPR/data/processed/npds_leakage_safe/labels/train/V_P_I_2856_jpg.rf.370208977d24e8b6222c30a292246e2c.txt,0,1
npds_00548_V_P_I_1039_jpg.rf.624921c8fa4546cce53d40ef18195845,npds,/home/divya/projects/IndianANPR/data/processed/npds_leakage_safe/images/train/V_P_I_1039_jpg.rf.624921c8fa4546cce53d40ef18195845.jpg,/home/divya/projects/IndianANPR/data/processed/npds_leakage_safe/labels/train/V_P_I_1039_jpg.rf.624921c8fa4546cce53d40ef18195845.txt,0,1
npds_00549_V_P_I_950_jpg.rf.7cd55ddfcc3d06a47d1f90094e32b5ac,npds,/home/divya/projects/IndianANPR/data/processed/npds_leakage_safe/images/train/V_P_I_950_jpg.rf.7cd55ddfcc3d06a47d1f90094e32b5ac.jpg,/home/divya/projects/IndianANPR/data/processed/npds_leakage_safe/labels/train/V_P_I_950_jpg.rf.7cd55ddfcc3d06a47d1f90094e32b5ac.txt,0,1
npds_00550_V_P_I_1258_jpg.rf.e08da3fc326f72a64ed9c159db5cdeff,npds,/home/divya/projects/IndianANPR/data/processed/npds_leakage_safe/images/train/V_P_I_1258_jpg.rf.e08da3fc326f72a64ed9c159db5cdeff.jpg,/home/divya/projects/IndianANPR/data/processed/npds_leakage_safe/labels/train/V_P_I_1258_jpg.rf.e08da3fc326f72a64ed9c159db5cdeff.txt,0,1
npds_00551_V_P_I_797_jpg.rf.c51973ed07d2c18e43f814f2f13946e2,npds,/home/divya/projects/IndianANPR/data/processed/npds_leakage_safe/images/train/V_P_I_797_jpg.rf.c51973ed07d2c18e43f814f2f13946e2.jpg,/home/divya/projects/IndianANPR/data/processed/npds_leakage_safe/labels/train/V_P_I_797_jpg.rf.c51973ed07d2c18e43f814f2f13946e2.txt,0,1
npds_00552_V_P_I_3279_jpg.rf.fd0b7a2578bcaeffb4f5e1ce275b0354,npds,/home/divya/projects/IndianANPR/data/processed/npds_leakage_safe/images/train/V_P_I_3279_jpg.rf.fd0b7a2578bcaeffb4f5e1ce275b0354.jpg,/home/divya/projects/IndianANPR/data/processed/npds_leakage_safe/labels/train/V_P_I_3279_jpg.rf.fd0b7a2578bcaeffb4f5e1ce275b0354.txt,0,1
npds_00553_V_P_I_871_jpg.rf.69271124a49897c69f8eb0e7cb45b3fb,npds,/home/divya/projects/IndianANPR/data/processed/npds_leakage_safe/images/train/V_P_I_871_jpg.rf.69271124a49897c69f8eb0e7cb45b3fb.jpg,/home/divya/projects/IndianANPR/data/processed/npds_leakage_safe/labels/train/V_P_I_871_jpg.rf.69271124a49897c69f8eb0e7cb45b3fb.txt,0,1
npds_00554_V_P_I_1497_jpg.rf.6f8eeb675fce9edd178c382421963b6a,npds,/home/divya/projects/IndianANPR/data/processed/npds_leakage_safe/images/train/V_P_I_1497_jpg.rf.6f8eeb675fce9edd178c382421963b6a.jpg,/home/divya/projects/IndianANPR/data/processed/npds_leakage_safe/labels/train/V_P_I_1497_jpg.rf.6f8eeb675fce9edd178c382421963b6a.txt,0,1
npds_00555_V_P_I_2810_jpg.rf.841ce0a36ac86324dfe5cc002b5df2dc,npds,/home/divya/projects/IndianANPR/data/processed/npds_leakage_safe/images/train/V_P_I_2810_jpg.rf.841ce0a36ac86324dfe5cc002b5df2dc.jpg,/home/divya/projects/IndianANPR/data/processed/npds_leakage_safe/labels/train/V_P_I_2810_jpg.rf.841ce0a36ac86324dfe5cc002b5df2dc.txt,0,1
npds_00556_V_P_I_1119_jpg.rf.259ec7e4ee1c5e1bf750feb4cc873071,npds,/home/divya/projects/IndianANPR/data/processed/npds_leakage_safe/images/train/V_P_I_1119_jpg.rf.259ec7e4ee1c5e1bf750feb4cc873071.jpg,/home/divya/projects/IndianANPR/data/processed/npds_leakage_safe/labels/train/V_P_I_1119_jpg.rf.259ec7e4ee1c5e1bf750feb4cc873071.txt,0,1
npds_00557_V_P_I_618_jpg.rf.3353f74d8028131e0c1ac9fc4169d34e,npds,/home/divya/projects/IndianANPR/data/processed/npds_leakage_safe/images/train/V_P_I_618_jpg.rf.3353f74d8028131e0c1ac9fc4169d34e.jpg,/home/divya/projects/IndianANPR/data/processed/npds_leakage_safe/labels/train/V_P_I_618_jpg.rf.3353f74d8028131e0c1ac9fc4169d34e.txt,0,3
npds_00558_V_P_I_2239_jpg.rf.33f4928dbac158e6b3231f958850480f,npds,/home/divya/projects/IndianANPR/data/processed/npds_leakage_safe/images/train/V_P_I_2239_jpg.rf.33f4928dbac158e6b3231f958850480f.jpg,/home/divya/projects/IndianANPR/data/processed/npds_leakage_safe/labels/train/V_P_I_2239_jpg.rf.33f4928dbac158e6b3231f958850480f.txt,0,1
npds_00559_V_P_I_291_jpg.rf.ce11f6c567d0d1ae5de02f8c64cd4954,npds,/home/divya/projects/IndianANPR/data/processed/npds_leakage_safe/images/train/V_P_I_291_jpg.rf.ce11f6c567d0d1ae5de02f8c64cd4954.jpg,/home/divya/projects/IndianANPR/data/processed/npds_leakage_safe/labels/train/V_P_I_291_jpg.rf.ce11f6c567d0d1ae5de02f8c64cd4954.txt,0,1
npds_00560_V_P_I_2835_jpg.rf.6456278d2d2b0ccc0eec75d176a09bee,npds,/home/divya/projects/IndianANPR/data/processed/npds_leakage_safe/images/train/V_P_I_2835_jpg.rf.6456278d2d2b0ccc0eec75d176a09bee.jpg,/home/divya/projects/IndianANPR/data/processed/npds_leakage_safe/labels/train/V_P_I_2835_jpg.rf.6456278d2d2b0ccc0eec75d176a09bee.txt,0,1
npds_00561_V_P_I_1493_jpg.rf.1b5a41c1a4dedbe7b505cb629cb45cff,npds,/home/divya/projects/IndianANPR/data/processed/npds_leakage_safe/images/train/V_P_I_1493_jpg.rf.1b5a41c1a4dedbe7b505cb629cb45cff.jpg,/home/divya/projects/IndianANPR/data/processed/npds_leakage_safe/labels/train/V_P_I_1493_jpg.rf.1b5a41c1a4dedbe7b505cb629cb45cff.txt,0,1
npds_00562_V_P_I_2431_jpg.rf.2d209197f865d648bf0b8ad1d11a195c,npds,/home/divya/projects/IndianANPR/data/processed/npds_leakage_safe/images/train/V_P_I_2431_jpg.rf.2d209197f865d648bf0b8ad1d11a195c.jpg,/home/divya/projects/IndianANPR/data/processed/npds_leakage_safe/labels/train/V_P_I_2431_jpg.rf.2d209197f865d648bf0b8ad1d11a195c.txt,0,1
npds_00563_V_P_I_1431_jpg.rf.e866a209d18ca483a16cde9e89dcd2d6,npds,/home/divya/projects/IndianANPR/data/processed/npds_leakage_safe/images/train/V_P_I_1431_jpg.rf.e866a209d18ca483a16cde9e89dcd2d6.jpg,/home/divya/projects/IndianANPR/data/processed/npds_leakage_safe/labels/train/V_P_I_1431_jpg.rf.e866a209d18ca483a16cde9e89dcd2d6.txt,0,1
npds_00564_V_P_I_1137_jpg.rf.f3b62576bce5dd8e00e4bf50e372bc60,npds,/home/divya/projects/IndianANPR/data/processed/npds_leakage_safe/images/train/V_P_I_1137_jpg.rf.f3b62576bce5dd8e00e4bf50e372bc60.jpg,/home/divya/projects/IndianANPR/data/processed/npds_leakage_safe/labels/train/V_P_I_1137_jpg.rf.f3b62576bce5dd8e00e4bf50e372bc60.txt,0,1
npds_00565_V_P_I_2043_jpg.rf.94f0f551aab0dc88175a3a95ae82facc,npds,/home/divya/projects/IndianANPR/data/processed/npds_leakage_safe/images/train/V_P_I_2043_jpg.rf.94f0f551aab0dc88175a3a95ae82facc.jpg,/home/divya/projects/IndianANPR/data/processed/npds_leakage_safe/labels/train/V_P_I_2043_jpg.rf.94f0f551aab0dc88175a3a95ae82facc.txt,0,1
npds_00566_V_P_I_2225_jpg.rf.a89ef6644b43197919aba6183aaef9ee,npds,/home/divya/projects/IndianANPR/data/processed/npds_leakage_safe/images/train/V_P_I_2225_jpg.rf.a89ef6644b43197919aba6183aaef9ee.jpg,/home/divya/projects/IndianANPR/data/processed/npds_leakage_safe/labels/train/V_P_I_2225_jpg.rf.a89ef6644b43197919aba6183aaef9ee.txt,0,1
npds_00567_V_P_I_857_jpg.rf.2f434f14c29ad92667efd9b156000ca9,npds,/home/divya/projects/IndianANPR/data/processed/npds_leakage_safe/images/train/V_P_I_857_jpg.rf.2f434f14c29ad92667efd9b156000ca9.jpg,/home/divya/projects/IndianANPR/data/processed/npds_leakage_safe/labels/train/V_P_I_857_jpg.rf.2f434f14c29ad92667efd9b156000ca9.txt,0,1
npds_00568_V_P_I_489_jpg.rf.462ab071215dafdd5d45511355fec679,npds,/home/divya/projects/IndianANPR/data/processed/npds_leakage_safe/images/train/V_P_I_489_jpg.rf.462ab071215dafdd5d45511355fec679.jpg,/home/divya/projects/IndianANPR/data/processed/npds_leakage_safe/labels/train/V_P_I_489_jpg.rf.462ab071215dafdd5d45511355fec679.txt,0,1
npds_00569_V_P_I_714_jpg.rf.15c8187ba685e591ac48704f1e6c9985,npds,/home/divya/projects/IndianANPR/data/processed/npds_leakage_safe/images/train/V_P_I_714_jpg.rf.15c8187ba685e591ac48704f1e6c9985.jpg,/home/divya/projects/IndianANPR/data/processed/npds_leakage_safe/labels/train/V_P_I_714_jpg.rf.15c8187ba685e591ac48704f1e6c9985.txt,0,1
npds_00570_V_P_I_1131_jpg.rf.5827b24343e07762bb1bfc9a05e3510e,npds,/home/divya/projects/IndianANPR/data/processed/npds_leakage_safe/images/train/V_P_I_1131_jpg.rf.5827b24343e07762bb1bfc9a05e3510e.jpg,/home/divya/projects/IndianANPR/data/processed/npds_leakage_safe/labels/train/V_P_I_1131_jpg.rf.5827b24343e07762bb1bfc9a05e3510e.txt,0,1
npds_00571_V_P_I_857_jpg.rf.2f040b1c37c10bc6886933c7e615dc11,npds,/home/divya/projects/IndianANPR/data/processed/npds_leakage_safe/images/train/V_P_I_857_jpg.rf.2f040b1c37c10bc6886933c7e615dc11.jpg,/home/divya/projects/IndianANPR/data/processed/npds_leakage_safe/labels/train/V_P_I_857_jpg.rf.2f040b1c37c10bc6886933c7e615dc11.txt,0,1
npds_00572_V_P_I_2201_jpg.rf.6f3eac6d5d6428fa1b3fae384b737a55,npds,/home/divya/projects/IndianANPR/data/processed/npds_leakage_safe/images/train/V_P_I_2201_jpg.rf.6f3eac6d5d6428fa1b3fae384b737a55.jpg,/home/divya/projects/IndianANPR/data/processed/npds_leakage_safe/labels/train/V_P_I_2201_jpg.rf.6f3eac6d5d6428fa1b3fae384b737a55.txt,0,1
npds_00573_V_P_I_1689_jpg.rf.d06df56e2048f7feb1921b8fb639cbb5,npds,/home/divya/projects/IndianANPR/data/processed/npds_leakage_safe/images/train/V_P_I_1689_jpg.rf.d06df56e2048f7feb1921b8fb639cbb5.jpg,/home/divya/projects/IndianANPR/data/processed/npds_leakage_safe/labels/train/V_P_I_1689_jpg.rf.d06df56e2048f7feb1921b8fb639cbb5.txt,0,1
npds_00574_V_P_I_3249_jpg.rf.b314b669e3c552f80c4e6e31de739ce5,npds,/home/divya/projects/IndianANPR/data/processed/npds_leakage_safe/images/train/V_P_I_3249_jpg.rf.b314b669e3c552f80c4e6e31de739ce5.jpg,/home/divya/projects/IndianANPR/data/processed/npds_leakage_safe/labels/train/V_P_I_3249_jpg.rf.b314b669e3c552f80c4e6e31de739ce5.txt,0,1
npds_00575_V_P_I_1817_jpg.rf.7d0d93250c27e33ffa63dd6cf1f0c3c2,npds,/home/divya/projects/IndianANPR/data/processed/npds_leakage_safe/images/train/V_P_I_1817_jpg.rf.7d0d93250c27e33ffa63dd6cf1f0c3c2.jpg,/home/divya/projects/IndianANPR/data/processed/npds_leakage_safe/labels/train/V_P_I_1817_jpg.rf.7d0d93250c27e33ffa63dd6cf1f0c3c2.txt,0,1
npds_00576_V_P_I_318_jpg.rf.68708f3727fe95c181e2674702d5b311,npds,/home/divya/projects/IndianANPR/data/processed/npds_leakage_safe/images/train/V_P_I_318_jpg.rf.68708f3727fe95c181e2674702d5b311.jpg,/home/divya/projects/IndianANPR/data/processed/npds_leakage_safe/labels/train/V_P_I_318_jpg.rf.68708f3727fe95c181e2674702d5b311.txt,0,1
npds_00577_V_P_I_1345_jpg.rf.e8c20ecb58cc59936d218604665dea8e,npds,/home/divya/projects/IndianANPR/data/processed/npds_leakage_safe/images/train/V_P_I_1345_jpg.rf.e8c20ecb58cc59936d218604665dea8e.jpg,/home/divya/projects/IndianANPR/data/processed/npds_leakage_safe/labels/train/V_P_I_1345_jpg.rf.e8c20ecb58cc59936d218604665dea8e.txt,0,1
npds_00578_V_P_I_2186_jpg.rf.4f40706bb49649b933e88831ed2d3bfc,npds,/home/divya/projects/IndianANPR/data/processed/npds_leakage_safe/images/train/V_P_I_2186_jpg.rf.4f40706bb49649b933e88831ed2d3bfc.jpg,/home/divya/projects/IndianANPR/data/processed/npds_leakage_safe/labels/train/V_P_I_2186_jpg.rf.4f40706bb49649b933e88831ed2d3bfc.txt,0,1
npds_00579_V_P_I_430_jpg.rf.90ad8c5c0ae4d7cb403e34864cd46206,npds,/home/divya/projects/IndianANPR/data/processed/npds_leakage_safe/images/train/V_P_I_430_jpg.rf.90ad8c5c0ae4d7cb403e34864cd46206.jpg,/home/divya/projects/IndianANPR/data/processed/npds_leakage_safe/labels/train/V_P_I_430_jpg.rf.90ad8c5c0ae4d7cb403e34864cd46206.txt,0,1
npds_00580_V_P_I_2853_jpg.rf.34e9283bb883121bc8797c9c3f47f88c,npds,/home/divya/projects/IndianANPR/data/processed/npds_leakage_safe/images/train/V_P_I_2853_jpg.rf.34e9283bb883121bc8797c9c3f47f88c.jpg,/home/divya/projects/IndianANPR/data/processed/npds_leakage_safe/labels/train/V_P_I_2853_jpg.rf.34e9283bb883121bc8797c9c3f47f88c.txt,0,1
npds_00581_V_P_I_802_jpg.rf.4057d0b2bc30a3b53ccef52947ca266f,npds,/home/divya/projects/IndianANPR/data/processed/npds_leakage_safe/images/train/V_P_I_802_jpg.rf.4057d0b2bc30a3b53ccef52947ca266f.jpg,/home/divya/projects/IndianANPR/data/processed/npds_leakage_safe/labels/train/V_P_I_802_jpg.rf.4057d0b2bc30a3b53ccef52947ca266f.txt,0,1
npds_00582_V_P_I_767_jpg.rf.8730720556140bd699bd7ecf9c949577,npds,/home/divya/projects/IndianANPR/data/processed/npds_leakage_safe/images/train/V_P_I_767_jpg.rf.8730720556140bd699bd7ecf9c949577.jpg,/home/divya/projects/IndianANPR/data/processed/npds_leakage_safe/labels/train/V_P_I_767_jpg.rf.8730720556140bd699bd7ecf9c949577.txt,0,1
npds_00583_V_P_I_917_jpg.rf.6a2bd93ea25ca350029115921c406489,npds,/home/divya/projects/IndianANPR/data/processed/npds_leakage_safe/images/train/V_P_I_917_jpg.rf.6a2bd93ea25ca350029115921c406489.jpg,/home/divya/projects/IndianANPR/data/processed/npds_leakage_safe/labels/train/V_P_I_917_jpg.rf.6a2bd93ea25ca350029115921c406489.txt,0,1
npds_00584_V_P_I_3038_jpg.rf.d72ecda290786f95575ef89a4ff3baa9,npds,/home/divya/projects/IndianANPR/data/processed/npds_leakage_safe/images/train/V_P_I_3038_jpg.rf.d72ecda290786f95575ef89a4ff3baa9.jpg,/home/divya/projects/IndianANPR/data/processed/npds_leakage_safe/labels/train/V_P_I_3038_jpg.rf.d72ecda290786f95575ef89a4ff3baa9.txt,0,1
npds_00585_V_P_I_3501_jpg.rf.0f0d0a8d83da3640899182b2c618e55f,npds,/home/divya/projects/IndianANPR/data/processed/npds_leakage_safe/images/train/V_P_I_3501_jpg.rf.0f0d0a8d83da3640899182b2c618e55f.jpg,/home/divya/projects/IndianANPR/data/processed/npds_leakage_safe/labels/train/V_P_I_3501_jpg.rf.0f0d0a8d83da3640899182b2c618e55f.txt,0,1
npds_00586_V_P_I_1512_jpg.rf.273f69c6d8422948a364d4367b73ad0a,npds,/home/divya/projects/IndianANPR/data/processed/npds_leakage_safe/images/train/V_P_I_1512_jpg.rf.273f69c6d8422948a364d4367b73ad0a.jpg,/home/divya/projects/IndianANPR/data/processed/npds_leakage_safe/labels/train/V_P_I_1512_jpg.rf.273f69c6d8422948a364d4367b73ad0a.txt,0,1
npds_00587_V_P_I_1776_jpg.rf.d0448070097b3d564f7838e2917a43b3,npds,/home/divya/projects/IndianANPR/data/processed/npds_leakage_safe/images/train/V_P_I_1776_jpg.rf.d0448070097b3d564f7838e2917a43b3.jpg,/home/divya/projects/IndianANPR/data/processed/npds_leakage_safe/labels/train/V_P_I_1776_jpg.rf.d0448070097b3d564f7838e2917a43b3.txt,0,1
npds_00588_V_P_I_725_jpg.rf.c7ade1548833c01c4e835a25b158dffd,npds,/home/divya/projects/IndianANPR/data/processed/npds_leakage_safe/images/train/V_P_I_725_jpg.rf.c7ade1548833c01c4e835a25b158dffd.jpg,/home/divya/projects/IndianANPR/data/processed/npds_leakage_safe/labels/train/V_P_I_725_jpg.rf.c7ade1548833c01c4e835a25b158dffd.txt,0,1
npds_00589_V_P_I_1537_jpg.rf.ed7485bdccc479f5412c0d81e5b57cf4,npds,/home/divya/projects/IndianANPR/data/processed/npds_leakage_safe/images/train/V_P_I_1537_jpg.rf.ed7485bdccc479f5412c0d81e5b57cf4.jpg,/home/divya/projects/IndianANPR/data/processed/npds_leakage_safe/labels/train/V_P_I_1537_jpg.rf.ed7485bdccc479f5412c0d81e5b57cf4.txt,0,1
npds_00590_V_P_I_49_jpg.rf.7e2734c92a304138b9b2cd4ff5c44ce6,npds,/home/divya/projects/IndianANPR/data/processed/npds_leakage_safe/images/train/V_P_I_49_jpg.rf.7e2734c92a304138b9b2cd4ff5c44ce6.jpg,/home/divya/projects/IndianANPR/data/processed/npds_leakage_safe/labels/train/V_P_I_49_jpg.rf.7e2734c92a304138b9b2cd4ff5c44ce6.txt,0,1
npds_00591_V_P_I_540_jpg.rf.b0c895a709d85390a6c55d0358c784d4,npds,/home/divya/projects/IndianANPR/data/processed/npds_leakage_safe/images/train/V_P_I_540_jpg.rf.b0c895a709d85390a6c55d0358c784d4.jpg,/home/divya/projects/IndianANPR/data/processed/npds_leakage_safe/labels/train/V_P_I_540_jpg.rf.b0c895a709d85390a6c55d0358c784d4.txt,0,1
npds_00592_V_P_I_1583_jpg.rf.cc7d8ac458f5e09752376a63522dbf83,npds,/home/divya/projects/IndianANPR/data/processed/npds_leakage_safe/images/train/V_P_I_1583_jpg.rf.cc7d8ac458f5e09752376a63522dbf83.jpg,/home/divya/projects/IndianANPR/data/processed/npds_leakage_safe/labels/train/V_P_I_1583_jpg.rf.cc7d8ac458f5e09752376a63522dbf83.txt,0,1
npds_00593_V_P_I_790_jpg.rf.9ddcf00fd9f3cbebbcdb59e71334507f,npds,/home/divya/projects/IndianANPR/data/processed/npds_leakage_safe/images/train/V_P_I_790_jpg.rf.9ddcf00fd9f3cbebbcdb59e71334507f.jpg,/home/divya/projects/IndianANPR/data/processed/npds_leakage_safe/labels/train/V_P_I_790_jpg.rf.9ddcf00fd9f3cbebbcdb59e71334507f.txt,0,1
npds_00594_V_P_I_237_jpg.rf.8adda805f662a69f79d45216dc5ca918,npds,/home/divya/projects/IndianANPR/data/processed/npds_leakage_safe/images/train/V_P_I_237_jpg.rf.8adda805f662a69f79d45216dc5ca918.jpg,/home/divya/projects/IndianANPR/data/processed/npds_leakage_safe/labels/train/V_P_I_237_jpg.rf.8adda805f662a69f79d45216dc5ca918.txt,0,1
npds_00595_V_P_I_1080_jpg.rf.238ec0c20b4b4bf13a4e77b3cf20d209,npds,/home/divya/projects/IndianANPR/data/processed/npds_leakage_safe/images/train/V_P_I_1080_jpg.rf.238ec0c20b4b4bf13a4e77b3cf20d209.jpg,/home/divya/projects/IndianANPR/data/processed/npds_leakage_safe/labels/train/V_P_I_1080_jpg.rf.238ec0c20b4b4bf13a4e77b3cf20d209.txt,0,1
npds_00596_V_P_I_1591_jpg.rf.9c3294b1afe159b39df7966573e22acb,npds,/home/divya/projects/IndianANPR/data/processed/npds_leakage_safe/images/train/V_P_I_1591_jpg.rf.9c3294b1afe159b39df7966573e22acb.jpg,/home/divya/projects/IndianANPR/data/processed/npds_leakage_safe/labels/train/V_P_I_1591_jpg.rf.9c3294b1afe159b39df7966573e22acb.txt,0,1
npds_00597_V_P_I_3448_jpeg_jpg.rf.7e9f3e713b393a5e0cd3c19a8b8497c2,npds,/home/divya/projects/IndianANPR/data/processed/npds_leakage_safe/images/train/V_P_I_3448_jpeg_jpg.rf.7e9f3e713b393a5e0cd3c19a8b8497c2.jpg,/home/divya/projects/IndianANPR/data/processed/npds_leakage_safe/labels/train/V_P_I_3448_jpeg_jpg.rf.7e9f3e713b393a5e0cd3c19a8b8497c2.txt,0,2
npds_00598_V_P_I_2122_jpg.rf.c8d3880464b7f828407c04b4458bcd70,npds,/home/divya/projects/IndianANPR/data/processed/npds_leakage_safe/images/train/V_P_I_2122_jpg.rf.c8d3880464b7f828407c04b4458bcd70.jpg,/home/divya/projects/IndianANPR/data/processed/npds_leakage_safe/labels/train/V_P_I_2122_jpg.rf.c8d3880464b7f828407c04b4458bcd70.txt,0,1
npds_00599_V_P_I_437_jpg.rf.c17ad1559701437793f1d914be92907e,npds,/home/divya/projects/IndianANPR/data/processed/npds_leakage_safe/images/train/V_P_I_437_jpg.rf.c17ad1559701437793f1d914be92907e.jpg,/home/divya/projects/IndianANPR/data/processed/npds_leakage_safe/labels/train/V_P_I_437_jpg.rf.c17ad1559701437793f1d914be92907e.txt,0,1
npds_00600_V_P_I_2377_jpg.rf.aa88720d6c553995ac6a27edccb321ba,npds,/home/divya/projects/IndianANPR/data/processed/npds_leakage_safe/images/train/V_P_I_2377_jpg.rf.aa88720d6c553995ac6a27edccb321ba.jpg,/home/divya/projects/IndianANPR/data/processed/npds_leakage_safe/labels/train/V_P_I_2377_jpg.rf.aa88720d6c553995ac6a27edccb321ba.txt,0,1
npds_00601_V_P_I_506_jpg.rf.8e3f7b401538bff03a6c1e7554e50875,npds,/home/divya/projects/IndianANPR/data/processed/npds_leakage_safe/images/train/V_P_I_506_jpg.rf.8e3f7b401538bff03a6c1e7554e50875.jpg,/home/divya/projects/IndianANPR/data/processed/npds_leakage_safe/labels/train/V_P_I_506_jpg.rf.8e3f7b401538bff03a6c1e7554e50875.txt,0,1
npds_00602_V_P_I_3196_jpg.rf.6d533dda61fc6a4c39c8d25d30575439,npds,/home/divya/projects/IndianANPR/data/processed/npds_leakage_safe/images/train/V_P_I_3196_jpg.rf.6d533dda61fc6a4c39c8d25d30575439.jpg,/home/divya/projects/IndianANPR/data/processed/npds_leakage_safe/labels/train/V_P_I_3196_jpg.rf.6d533dda61fc6a4c39c8d25d30575439.txt,0,1
npds_00603_V_P_I_724_jpg.rf.854f3b656da2c9b10b07afb24e380193,npds,/home/divya/projects/IndianANPR/data/processed/npds_leakage_safe/images/train/V_P_I_724_jpg.rf.854f3b656da2c9b10b07afb24e380193.jpg,/home/divya/projects/IndianANPR/data/processed/npds_leakage_safe/labels/train/V_P_I_724_jpg.rf.854f3b656da2c9b10b07afb24e380193.txt,0,1
npds_00604_V_P_I_3440_jpeg_jpg.rf.65a62157f2d689a42d698cf07c482059,npds,/home/divya/projects/IndianANPR/data/processed/npds_leakage_safe/images/train/V_P_I_3440_jpeg_jpg.rf.65a62157f2d689a42d698cf07c482059.jpg,/home/divya/projects/IndianANPR/data/processed/npds_leakage_safe/labels/train/V_P_I_3440_jpeg_jpg.rf.65a62157f2d689a42d698cf07c482059.txt,0,1
npds_00605_V_P_I_878_jpg.rf.aa3a8013dab3957f7886f9fcc4a7c1a1,npds,/home/divya/projects/IndianANPR/data/processed/npds_leakage_safe/images/train/V_P_I_878_jpg.rf.aa3a8013dab3957f7886f9fcc4a7c1a1.jpg,/home/divya/projects/IndianANPR/data/processed/npds_leakage_safe/labels/train/V_P_I_878_jpg.rf.aa3a8013dab3957f7886f9fcc4a7c1a1.txt,0,1
npds_00606_V_P_I_1814_jpg.rf.d27c17a207d9750b54da1ec953df864d,npds,/home/divya/projects/IndianANPR/data/processed/npds_leakage_safe/images/train/V_P_I_1814_jpg.rf.d27c17a207d9750b54da1ec953df864d.jpg,/home/divya/projects/IndianANPR/data/processed/npds_leakage_safe/labels/train/V_P_I_1814_jpg.rf.d27c17a207d9750b54da1ec953df864d.txt,0,1
npds_00607_V_P_I_963_jpg.rf.10738ea608097f465664176fdd720506,npds,/home/divya/projects/IndianANPR/data/processed/npds_leakage_safe/images/train/V_P_I_963_jpg.rf.10738ea608097f465664176fdd720506.jpg,/home/divya/projects/IndianANPR/data/processed/npds_leakage_safe/labels/train/V_P_I_963_jpg.rf.10738ea608097f465664176fdd720506.txt,0,1
npds_00608_V_P_I_1526_jpg.rf.3600cf2c7f2084d124be1ae88557bda5,npds,/home/divya/projects/IndianANPR/data/processed/npds_leakage_safe/images/train/V_P_I_1526_jpg.rf.3600cf2c7f2084d124be1ae88557bda5.jpg,/home/divya/projects/IndianANPR/data/processed/npds_leakage_safe/labels/train/V_P_I_1526_jpg.rf.3600cf2c7f2084d124be1ae88557bda5.txt,0,1
npds_00609_V_P_I_45_jpg.rf.1318931770173e032cb6245ba0cf822e,npds,/home/divya/projects/IndianANPR/data/processed/npds_leakage_safe/images/train/V_P_I_45_jpg.rf.1318931770173e032cb6245ba0cf822e.jpg,/home/divya/projects/IndianANPR/data/processed/npds_leakage_safe/labels/train/V_P_I_45_jpg.rf.1318931770173e032cb6245ba0cf822e.txt,0,1
npds_00610_V_P_I_3325_jpg.rf.065aed271623a727a989ba2a7732687a,npds,/home/divya/projects/IndianANPR/data/processed/npds_leakage_safe/images/train/V_P_I_3325_jpg.rf.065aed271623a727a989ba2a7732687a.jpg,/home/divya/projects/IndianANPR/data/processed/npds_leakage_safe/labels/train/V_P_I_3325_jpg.rf.065aed271623a727a989ba2a7732687a.txt,0,1
npds_00611_V_P_I_1365_jpg.rf.4c04ffd37665af95fb1972f570f28d93,npds,/home/divya/projects/IndianANPR/data/processed/npds_leakage_safe/images/train/V_P_I_1365_jpg.rf.4c04ffd37665af95fb1972f570f28d93.jpg,/home/divya/projects/IndianANPR/data/processed/npds_leakage_safe/labels/train/V_P_I_1365_jpg.rf.4c04ffd37665af95fb1972f570f28d93.txt,0,1
npds_00612_V_P_I_2292_jpg.rf.c6d6674a2f9df0d45ef1b0d65b8a026d,npds,/home/divya/projects/IndianANPR/data/processed/npds_leakage_safe/images/train/V_P_I_2292_jpg.rf.c6d6674a2f9df0d45ef1b0d65b8a026d.jpg,/home/divya/projects/IndianANPR/data/processed/npds_leakage_safe/labels/train/V_P_I_2292_jpg.rf.c6d6674a2f9df0d45ef1b0d65b8a026d.txt,0,1
npds_00613_V_P_I_759_jpg.rf.bd51f5647cff7f41e10921f3cd52cc81,npds,/home/divya/projects/IndianANPR/data/processed/npds_leakage_safe/images/train/V_P_I_759_jpg.rf.bd51f5647cff7f41e10921f3cd52cc81.jpg,/home/divya/projects/IndianANPR/data/processed/npds_leakage_safe/labels/train/V_P_I_759_jpg.rf.bd51f5647cff7f41e10921f3cd52cc81.txt,0,1
npds_00614_V_P_I_1127_jpg.rf.e0ddef3d6c3bf44ec957800b78423bf3,npds,/home/divya/projects/IndianANPR/data/processed/npds_leakage_safe/images/train/V_P_I_1127_jpg.rf.e0ddef3d6c3bf44ec957800b78423bf3.jpg,/home/divya/projects/IndianANPR/data/processed/npds_leakage_safe/labels/train/V_P_I_1127_jpg.rf.e0ddef3d6c3bf44ec957800b78423bf3.txt,0,1
npds_00615_V_P_I_708_jpg.rf.c9f36baa59dc214ff2aa2904dc975b26,npds,/home/divya/projects/IndianANPR/data/processed/npds_leakage_safe/images/train/V_P_I_708_jpg.rf.c9f36baa59dc214ff2aa2904dc975b26.jpg,/home/divya/projects/IndianANPR/data/processed/npds_leakage_safe/labels/train/V_P_I_708_jpg.rf.c9f36baa59dc214ff2aa2904dc975b26.txt,0,1
npds_00616_V_P_I_2568_jpg.rf.4711bddc5cf4212652d0c97b271a670a,npds,/home/divya/projects/IndianANPR/data/processed/npds_leakage_safe/images/train/V_P_I_2568_jpg.rf.4711bddc5cf4212652d0c97b271a670a.jpg,/home/divya/projects/IndianANPR/data/processed/npds_leakage_safe/labels/train/V_P_I_2568_jpg.rf.4711bddc5cf4212652d0c97b271a670a.txt,0,1
npds_00617_V_P_I_1730_jpg.rf.c0e60e1e1b97e05549405475a943bc40,npds,/home/divya/projects/IndianANPR/data/processed/npds_leakage_safe/images/train/V_P_I_1730_jpg.rf.c0e60e1e1b97e05549405475a943bc40.jpg,/home/divya/projects/IndianANPR/data/processed/npds_leakage_safe/labels/train/V_P_I_1730_jpg.rf.c0e60e1e1b97e05549405475a943bc40.txt,0,1
npds_00618_V_P_I_1659_jpg.rf.0203544ef8250f3e97f144aeb8610c44,npds,/home/divya/projects/IndianANPR/data/processed/npds_leakage_safe/images/train/V_P_I_1659_jpg.rf.0203544ef8250f3e97f144aeb8610c44.jpg,/home/divya/projects/IndianANPR/data/processed/npds_leakage_safe/labels/train/V_P_I_1659_jpg.rf.0203544ef8250f3e97f144aeb8610c44.txt,0,1
npds_00619_V_P_I_562_jpg.rf.5525961ae687e875815d5c48ad40f341,npds,/home/divya/projects/IndianANPR/data/processed/npds_leakage_safe/images/train/V_P_I_562_jpg.rf.5525961ae687e875815d5c48ad40f341.jpg,/home/divya/projects/IndianANPR/data/processed/npds_leakage_safe/labels/train/V_P_I_562_jpg.rf.5525961ae687e875815d5c48ad40f341.txt,0,1
npds_00620_V_P_I_252_jpg.rf.5e250859bb5003050de6e091aabb2a10,npds,/home/divya/projects/IndianANPR/data/processed/npds_leakage_safe/images/train/V_P_I_252_jpg.rf.5e250859bb5003050de6e091aabb2a10.jpg,/home/divya/projects/IndianANPR/data/processed/npds_leakage_safe/labels/train/V_P_I_252_jpg.rf.5e250859bb5003050de6e091aabb2a10.txt,0,1
npds_00621_V_P_I_2173_jpg.rf.ad1d08e139f7d4c4b8f299f9492dbd9b,npds,/home/divya/projects/IndianANPR/data/processed/npds_leakage_safe/images/train/V_P_I_2173_jpg.rf.ad1d08e139f7d4c4b8f299f9492dbd9b.jpg,/home/divya/projects/IndianANPR/data/processed/npds_leakage_safe/labels/train/V_P_I_2173_jpg.rf.ad1d08e139f7d4c4b8f299f9492dbd9b.txt,0,2
npds_00622_V_P_I_2035_jpg.rf.439f32f03c927e147e966a30ece2f64f,npds,/home/divya/projects/IndianANPR/data/processed/npds_leakage_safe/images/train/V_P_I_2035_jpg.rf.439f32f03c927e147e966a30ece2f64f.jpg,/home/divya/projects/IndianANPR/data/processed/npds_leakage_safe/labels/train/V_P_I_2035_jpg.rf.439f32f03c927e147e966a30ece2f64f.txt,0,1
npds_00623_V_P_I_572_jpg.rf.679dbd679e3517a0c251864868540bf3,npds,/home/divya/projects/IndianANPR/data/processed/npds_leakage_safe/images/train/V_P_I_572_jpg.rf.679dbd679e3517a0c251864868540bf3.jpg,/home/divya/projects/IndianANPR/data/processed/npds_leakage_safe/labels/train/V_P_I_572_jpg.rf.679dbd679e3517a0c251864868540bf3.txt,0,1
npds_00624_V_P_I_484_jpg.rf.d99d13a7767ffd59c1ec927d6cb70403,npds,/home/divya/projects/IndianANPR/data/processed/npds_leakage_safe/images/train/V_P_I_484_jpg.rf.d99d13a7767ffd59c1ec927d6cb70403.jpg,/home/divya/projects/IndianANPR/data/processed/npds_leakage_safe/labels/train/V_P_I_484_jpg.rf.d99d13a7767ffd59c1ec927d6cb70403.txt,0,1
npds_00625_V_P_I_753_jpg.rf.e0f28822d94d93d534ec5690fd8c9a4e,npds,/home/divya/projects/IndianANPR/data/processed/npds_leakage_safe/images/train/V_P_I_753_jpg.rf.e0f28822d94d93d534ec5690fd8c9a4e.jpg,/home/divya/projects/IndianANPR/data/processed/npds_leakage_safe/labels/train/V_P_I_753_jpg.rf.e0f28822d94d93d534ec5690fd8c9a4e.txt,0,1
npds_00626_V_P_I_1747_jpg.rf.49a5e525c544128e54a6ecb93321aea4,npds,/home/divya/projects/IndianANPR/data/processed/npds_leakage_safe/images/train/V_P_I_1747_jpg.rf.49a5e525c544128e54a6ecb93321aea4.jpg,/home/divya/projects/IndianANPR/data/processed/npds_leakage_safe/labels/train/V_P_I_1747_jpg.rf.49a5e525c544128e54a6ecb93321aea4.txt,0,1
npds_00627_V_P_I_1731_jpg.rf.d8979094e82c5f242a6e64200d780f08,npds,/home/divya/projects/IndianANPR/data/processed/npds_leakage_safe/images/train/V_P_I_1731_jpg.rf.d8979094e82c5f242a6e64200d780f08.jpg,/home/divya/projects/IndianANPR/data/processed/npds_leakage_safe/labels/train/V_P_I_1731_jpg.rf.d8979094e82c5f242a6e64200d780f08.txt,0,1
npds_00628_V_P_I_1076_jpg.rf.7c288c07e12b5d294ab6176023352b45,npds,/home/divya/projects/IndianANPR/data/processed/npds_leakage_safe/images/train/V_P_I_1076_jpg.rf.7c288c07e12b5d294ab6176023352b45.jpg,/home/divya/projects/IndianANPR/data/processed/npds_leakage_safe/labels/train/V_P_I_1076_jpg.rf.7c288c07e12b5d294ab6176023352b45.txt,0,1
npds_00629_V_P_I_3167_jpg.rf.f6e9a15eff7d2c91a3f933d4f2ef9f5e,npds,/home/divya/projects/IndianANPR/data/processed/npds_leakage_safe/images/train/V_P_I_3167_jpg.rf.f6e9a15eff7d2c91a3f933d4f2ef9f5e.jpg,/home/divya/projects/IndianANPR/data/processed/npds_leakage_safe/labels/train/V_P_I_3167_jpg.rf.f6e9a15eff7d2c91a3f933d4f2ef9f5e.txt,0,1
npds_00630_V_P_I_1639_jpg.rf.976ea3263578eb1b24e8f652a09b91a3,npds,/home/divya/projects/IndianANPR/data/processed/npds_leakage_safe/images/train/V_P_I_1639_jpg.rf.976ea3263578eb1b24e8f652a09b91a3.jpg,/home/divya/projects/IndianANPR/data/processed/npds_leakage_safe/labels/train/V_P_I_1639_jpg.rf.976ea3263578eb1b24e8f652a09b91a3.txt,0,1
npds_00631_V_P_I_2338_jpg.rf.6ec7805504bbf64423a3635d133d34cc,npds,/home/divya/projects/IndianANPR/data/processed/npds_leakage_safe/images/train/V_P_I_2338_jpg.rf.6ec7805504bbf64423a3635d133d34cc.jpg,/home/divya/projects/IndianANPR/data/processed/npds_leakage_safe/labels/train/V_P_I_2338_jpg.rf.6ec7805504bbf64423a3635d133d34cc.txt,0,1
npds_00632_V_P_I_2112_jpg.rf.fbe3ce297f3b4016ab2b896d722f6b3f,npds,/home/divya/projects/IndianANPR/data/processed/npds_leakage_safe/images/train/V_P_I_2112_jpg.rf.fbe3ce297f3b4016ab2b896d722f6b3f.jpg,/home/divya/projects/IndianANPR/data/processed/npds_leakage_safe/labels/train/V_P_I_2112_jpg.rf.fbe3ce297f3b4016ab2b896d722f6b3f.txt,0,1
npds_00633_V_P_I_1927_jpg.rf.497beda6efc18c32a8daccbeb2578b86,npds,/home/divya/projects/IndianANPR/data/processed/npds_leakage_safe/images/train/V_P_I_1927_jpg.rf.497beda6efc18c32a8daccbeb2578b86.jpg,/home/divya/projects/IndianANPR/data/processed/npds_leakage_safe/labels/train/V_P_I_1927_jpg.rf.497beda6efc18c32a8daccbeb2578b86.txt,0,1
npds_00634_V_P_I_725_jpg.rf.3a28354709ae8d7b8e25df1490499cb9,npds,/home/divya/projects/IndianANPR/data/processed/npds_leakage_safe/images/train/V_P_I_725_jpg.rf.3a28354709ae8d7b8e25df1490499cb9.jpg,/home/divya/projects/IndianANPR/data/processed/npds_leakage_safe/labels/train/V_P_I_725_jpg.rf.3a28354709ae8d7b8e25df1490499cb9.txt,0,1
npds_00635_V_P_I_1235_jpg.rf.7692d539b16b1fd28a9d0cd11e0ff136,npds,/home/divya/projects/IndianANPR/data/processed/npds_leakage_safe/images/train/V_P_I_1235_jpg.rf.7692d539b16b1fd28a9d0cd11e0ff136.jpg,/home/divya/projects/IndianANPR/data/processed/npds_leakage_safe/labels/train/V_P_I_1235_jpg.rf.7692d539b16b1fd28a9d0cd11e0ff136.txt,0,1
npds_00636_V_P_I_3_jpg.rf.f1f625ed77391fbfda3e760baebbdeaf,npds,/home/divya/projects/IndianANPR/data/processed/npds_leakage_safe/images/train/V_P_I_3_jpg.rf.f1f625ed77391fbfda3e760baebbdeaf.jpg,/home/divya/projects/IndianANPR/data/processed/npds_leakage_safe/labels/train/V_P_I_3_jpg.rf.f1f625ed77391fbfda3e760baebbdeaf.txt,0,1
npds_00637_V_P_I_1929_jpg.rf.23def5c6aaf56611f0599c84d96b9480,npds,/home/divya/projects/IndianANPR/data/processed/npds_leakage_safe/images/train/V_P_I_1929_jpg.rf.23def5c6aaf56611f0599c84d96b9480.jpg,/home/divya/projects/IndianANPR/data/processed/npds_leakage_safe/labels/train/V_P_I_1929_jpg.rf.23def5c6aaf56611f0599c84d96b9480.txt,0,1
npds_00638_V_P_I_217_jpg.rf.b809699df3d7a0d00521edfd6eaa2ccf,npds,/home/divya/projects/IndianANPR/data/processed/npds_leakage_safe/images/train/V_P_I_217_jpg.rf.b809699df3d7a0d00521edfd6eaa2ccf.jpg,/home/divya/projects/IndianANPR/data/processed/npds_leakage_safe/labels/train/V_P_I_217_jpg.rf.b809699df3d7a0d00521edfd6eaa2ccf.txt,0,1
npds_00639_V_P_I_3105_jpg.rf.1ed5b5908758035f3857809b4b6624b9,npds,/home/divya/projects/IndianANPR/data/processed/npds_leakage_safe/images/train/V_P_I_3105_jpg.rf.1ed5b5908758035f3857809b4b6624b9.jpg,/home/divya/projects/IndianANPR/data/processed/npds_leakage_safe/labels/train/V_P_I_3105_jpg.rf.1ed5b5908758035f3857809b4b6624b9.txt,0,1
npds_00640_V_P_I_2697_jpg.rf.7aae4aee3e25eac9355e5503017164bd,npds,/home/divya/projects/IndianANPR/data/processed/npds_leakage_safe/images/train/V_P_I_2697_jpg.rf.7aae4aee3e25eac9355e5503017164bd.jpg,/home/divya/projects/IndianANPR/data/processed/npds_leakage_safe/labels/train/V_P_I_2697_jpg.rf.7aae4aee3e25eac9355e5503017164bd.txt,0,1
npds_00641_V_P_I_2340_jpg.rf.29208b5fbe895abd452c6bdee545dc02,npds,/home/divya/projects/IndianANPR/data/processed/npds_leakage_safe/images/train/V_P_I_2340_jpg.rf.29208b5fbe895abd452c6bdee545dc02.jpg,/home/divya/projects/IndianANPR/data/processed/npds_leakage_safe/labels/train/V_P_I_2340_jpg.rf.29208b5fbe895abd452c6bdee545dc02.txt,0,1
npds_00642_V_P_I_3236_jpg.rf.40fa10e8a117772c61d04d28e4889229,npds,/home/divya/projects/IndianANPR/data/processed/npds_leakage_safe/images/train/V_P_I_3236_jpg.rf.40fa10e8a117772c61d04d28e4889229.jpg,/home/divya/projects/IndianANPR/data/processed/npds_leakage_safe/labels/train/V_P_I_3236_jpg.rf.40fa10e8a117772c61d04d28e4889229.txt,0,1
npds_00643_V_P_I_650_jpg.rf.d6bf984a2f53a748906b7ca29aeee959,npds,/home/divya/projects/IndianANPR/data/processed/npds_leakage_safe/images/train/V_P_I_650_jpg.rf.d6bf984a2f53a748906b7ca29aeee959.jpg,/home/divya/projects/IndianANPR/data/processed/npds_leakage_safe/labels/train/V_P_I_650_jpg.rf.d6bf984a2f53a748906b7ca29aeee959.txt,0,1
npds_00644_V_P_I_986_jpg.rf.da64478683ab5a546ede58e4dc3ab1e8,npds,/home/divya/projects/IndianANPR/data/processed/npds_leakage_safe/images/train/V_P_I_986_jpg.rf.da64478683ab5a546ede58e4dc3ab1e8.jpg,/home/divya/projects/IndianANPR/data/processed/npds_leakage_safe/labels/train/V_P_I_986_jpg.rf.da64478683ab5a546ede58e4dc3ab1e8.txt,0,1
npds_00645_V_P_I_2120_jpg.rf.737ba2b64938098cf188d5f53dbbd85f,npds,/home/divya/projects/IndianANPR/data/processed/npds_leakage_safe/images/train/V_P_I_2120_jpg.rf.737ba2b64938098cf188d5f53dbbd85f.jpg,/home/divya/projects/IndianANPR/data/processed/npds_leakage_safe/labels/train/V_P_I_2120_jpg.rf.737ba2b64938098cf188d5f53dbbd85f.txt,0,1
npds_00646_V_P_I_1088_jpg.rf.7a52b8bc2483a93a01a58bf0b322bc8a,npds,/home/divya/projects/IndianANPR/data/processed/npds_leakage_safe/images/train/V_P_I_1088_jpg.rf.7a52b8bc2483a93a01a58bf0b322bc8a.jpg,/home/divya/projects/IndianANPR/data/processed/npds_leakage_safe/labels/train/V_P_I_1088_jpg.rf.7a52b8bc2483a93a01a58bf0b322bc8a.txt,0,1
npds_00647_V_P_I_1395_jpg.rf.de649167c90fed6bf9f09d998537517f,npds,/home/divya/projects/IndianANPR/data/processed/npds_leakage_safe/images/train/V_P_I_1395_jpg.rf.de649167c90fed6bf9f09d998537517f.jpg,/home/divya/projects/IndianANPR/data/processed/npds_leakage_safe/labels/train/V_P_I_1395_jpg.rf.de649167c90fed6bf9f09d998537517f.txt,0,1
npds_00648_V_P_I_779_jpg.rf.28a689b8b9531dd6d35cf2f710409d4b,npds,/home/divya/projects/IndianANPR/data/processed/npds_leakage_safe/images/train/V_P_I_779_jpg.rf.28a689b8b9531dd6d35cf2f710409d4b.jpg,/home/divya/projects/IndianANPR/data/processed/npds_leakage_safe/labels/train/V_P_I_779_jpg.rf.28a689b8b9531dd6d35cf2f710409d4b.txt,0,1
npds_00649_V_P_I_1862_jpg.rf.230d3ec4cc46adb7f8d4d08f0237c855,npds,/home/divya/projects/IndianANPR/data/processed/npds_leakage_safe/images/train/V_P_I_1862_jpg.rf.230d3ec4cc46adb7f8d4d08f0237c855.jpg,/home/divya/projects/IndianANPR/data/processed/npds_leakage_safe/labels/train/V_P_I_1862_jpg.rf.230d3ec4cc46adb7f8d4d08f0237c855.txt,0,1
npds_00650_V_P_I_158_jpg.rf.a5d2d738332645ae9c27832bbcc5f753,npds,/home/divya/projects/IndianANPR/data/processed/npds_leakage_safe/images/train/V_P_I_158_jpg.rf.a5d2d738332645ae9c27832bbcc5f753.jpg,/home/divya/projects/IndianANPR/data/processed/npds_leakage_safe/labels/train/V_P_I_158_jpg.rf.a5d2d738332645ae9c27832bbcc5f753.txt,0,1
npds_00651_V_P_I_2916_jpg.rf.e30cf2bfeb9d5bde0340b1bce4996a5f,npds,/home/divya/projects/IndianANPR/data/processed/npds_leakage_safe/images/train/V_P_I_2916_jpg.rf.e30cf2bfeb9d5bde0340b1bce4996a5f.jpg,/home/divya/projects/IndianANPR/data/processed/npds_leakage_safe/labels/train/V_P_I_2916_jpg.rf.e30cf2bfeb9d5bde0340b1bce4996a5f.txt,0,1
npds_00652_V_P_I_1875_jpg.rf.7d703c21ed1bd72b0af5bb003b366f9f,npds,/home/divya/projects/IndianANPR/data/processed/npds_leakage_safe/images/train/V_P_I_1875_jpg.rf.7d703c21ed1bd72b0af5bb003b366f9f.jpg,/home/divya/projects/IndianANPR/data/processed/npds_leakage_safe/labels/train/V_P_I_1875_jpg.rf.7d703c21ed1bd72b0af5bb003b366f9f.txt,0,1
npds_00653_V_P_I_1126_jpg.rf.f6520cae4f5ea95ad762db78e08f4877,npds,/home/divya/projects/IndianANPR/data/processed/npds_leakage_safe/images/train/V_P_I_1126_jpg.rf.f6520cae4f5ea95ad762db78e08f4877.jpg,/home/divya/projects/IndianANPR/data/processed/npds_leakage_safe/labels/train/V_P_I_1126_jpg.rf.f6520cae4f5ea95ad762db78e08f4877.txt,0,1
npds_00654_V_P_I_1366_jpg.rf.098fa369234cd252a60124b0150eab06,npds,/home/divya/projects/IndianANPR/data/processed/npds_leakage_safe/images/train/V_P_I_1366_jpg.rf.098fa369234cd252a60124b0150eab06.jpg,/home/divya/projects/IndianANPR/data/processed/npds_leakage_safe/labels/train/V_P_I_1366_jpg.rf.098fa369234cd252a60124b0150eab06.txt,0,1
npds_00655_V_P_I_2971_jpg.rf.720e2d254b41228699c2b2e3dcdcc04f,npds,/home/divya/projects/IndianANPR/data/processed/npds_leakage_safe/images/train/V_P_I_2971_jpg.rf.720e2d254b41228699c2b2e3dcdcc04f.jpg,/home/divya/projects/IndianANPR/data/processed/npds_leakage_safe/labels/train/V_P_I_2971_jpg.rf.720e2d254b41228699c2b2e3dcdcc04f.txt,0,1
npds_00656_V_P_I_2444_jpg.rf.326ca00215891adc9ccf9397c85ad6b6,npds,/home/divya/projects/IndianANPR/data/processed/npds_leakage_safe/images/train/V_P_I_2444_jpg.rf.326ca00215891adc9ccf9397c85ad6b6.jpg,/home/divya/projects/IndianANPR/data/processed/npds_leakage_safe/labels/train/V_P_I_2444_jpg.rf.326ca00215891adc9ccf9397c85ad6b6.txt,0,1
npds_00657_V_P_I_2165_jpg.rf.9cab16d7ab34e947883a159046ca2dbf,npds,/home/divya/projects/IndianANPR/data/processed/npds_leakage_safe/images/train/V_P_I_2165_jpg.rf.9cab16d7ab34e947883a159046ca2dbf.jpg,/home/divya/projects/IndianANPR/data/processed/npds_leakage_safe/labels/train/V_P_I_2165_jpg.rf.9cab16d7ab34e947883a159046ca2dbf.txt,0,1
npds_00658_V_P_I_3416_jpg.rf.d574281bbedc1f1e27674210fd638b7f,npds,/home/divya/projects/IndianANPR/data/processed/npds_leakage_safe/images/train/V_P_I_3416_jpg.rf.d574281bbedc1f1e27674210fd638b7f.jpg,/home/divya/projects/IndianANPR/data/processed/npds_leakage_safe/labels/train/V_P_I_3416_jpg.rf.d574281bbedc1f1e27674210fd638b7f.txt,0,1
npds_00659_V_P_I_457_jpg.rf.33145eaf86415230b184bcf72f6d60d3,npds,/home/divya/projects/IndianANPR/data/processed/npds_leakage_safe/images/train/V_P_I_457_jpg.rf.33145eaf86415230b184bcf72f6d60d3.jpg,/home/divya/projects/IndianANPR/data/processed/npds_leakage_safe/labels/train/V_P_I_457_jpg.rf.33145eaf86415230b184bcf72f6d60d3.txt,0,1
npds_00660_V_P_I_2071_jpg.rf.3b6a43ce24cd5361693e62edee85184d,npds,/home/divya/projects/IndianANPR/data/processed/npds_leakage_safe/images/train/V_P_I_2071_jpg.rf.3b6a43ce24cd5361693e62edee85184d.jpg,/home/divya/projects/IndianANPR/data/processed/npds_leakage_safe/labels/train/V_P_I_2071_jpg.rf.3b6a43ce24cd5361693e62edee85184d.txt,0,1
npds_00661_V_P_I_2448_jpg.rf.ea95352034f5f9aa7b22afdd95cf7f0b,npds,/home/divya/projects/IndianANPR/data/processed/npds_leakage_safe/images/train/V_P_I_2448_jpg.rf.ea95352034f5f9aa7b22afdd95cf7f0b.jpg,/home/divya/projects/IndianANPR/data/processed/npds_leakage_safe/labels/train/V_P_I_2448_jpg.rf.ea95352034f5f9aa7b22afdd95cf7f0b.txt,0,2
npds_00662_V_P_I_2998_jpg.rf.c44bad2b586ef03ea82864ce8ffe51d1,npds,/home/divya/projects/IndianANPR/data/processed/npds_leakage_safe/images/train/V_P_I_2998_jpg.rf.c44bad2b586ef03ea82864ce8ffe51d1.jpg,/home/divya/projects/IndianANPR/data/processed/npds_leakage_safe/labels/train/V_P_I_2998_jpg.rf.c44bad2b586ef03ea82864ce8ffe51d1.txt,0,1
npds_00663_V_P_I_2702_jpg.rf.9bd8b1923d5cdf9ac88f9f2e70b89c31,npds,/home/divya/projects/IndianANPR/data/processed/npds_leakage_safe/images/train/V_P_I_2702_jpg.rf.9bd8b1923d5cdf9ac88f9f2e70b89c31.jpg,/home/divya/projects/IndianANPR/data/processed/npds_leakage_safe/labels/train/V_P_I_2702_jpg.rf.9bd8b1923d5cdf9ac88f9f2e70b89c31.txt,0,1
npds_00664_V_P_I_1396_jpg.rf.7eb6dc4555d9903fcc632a7ecf15e424,npds,/home/divya/projects/IndianANPR/data/processed/npds_leakage_safe/images/train/V_P_I_1396_jpg.rf.7eb6dc4555d9903fcc632a7ecf15e424.jpg,/home/divya/projects/IndianANPR/data/processed/npds_leakage_safe/labels/train/V_P_I_1396_jpg.rf.7eb6dc4555d9903fcc632a7ecf15e424.txt,0,1
npds_00665_V_P_I_2300_jpg.rf.0f5028a790fee6878e8be25a5ab30725,npds,/home/divya/projects/IndianANPR/data/processed/npds_leakage_safe/images/train/V_P_I_2300_jpg.rf.0f5028a790fee6878e8be25a5ab30725.jpg,/home/divya/projects/IndianANPR/data/processed/npds_leakage_safe/labels/train/V_P_I_2300_jpg.rf.0f5028a790fee6878e8be25a5ab30725.txt,0,1
npds_00666_V_P_I_858_jpg.rf.dc19b8e080e65b530f1e06c3ed09955a,npds,/home/divya/projects/IndianANPR/data/processed/npds_leakage_safe/images/train/V_P_I_858_jpg.rf.dc19b8e080e65b530f1e06c3ed09955a.jpg,/home/divya/projects/IndianANPR/data/processed/npds_leakage_safe/labels/train/V_P_I_858_jpg.rf.dc19b8e080e65b530f1e06c3ed09955a.txt,0,1
npds_00667_V_P_I_2904_jpg.rf.06c4ac34b60fdc966f9c924fc35aab8b,npds,/home/divya/projects/IndianANPR/data/processed/npds_leakage_safe/images/train/V_P_I_2904_jpg.rf.06c4ac34b60fdc966f9c924fc35aab8b.jpg,/home/divya/projects/IndianANPR/data/processed/npds_leakage_safe/labels/train/V_P_I_2904_jpg.rf.06c4ac34b60fdc966f9c924fc35aab8b.txt,0,1
npds_00668_V_P_I_1631_jpg.rf.a2e6ad42b50c01036decb3cff96181d0,npds,/home/divya/projects/IndianANPR/data/processed/npds_leakage_safe/images/train/V_P_I_1631_jpg.rf.a2e6ad42b50c01036decb3cff96181d0.jpg,/home/divya/projects/IndianANPR/data/processed/npds_leakage_safe/labels/train/V_P_I_1631_jpg.rf.a2e6ad42b50c01036decb3cff96181d0.txt,0,1
npds_00669_V_P_I_1839_jpg.rf.39a8886c75e1e046a3ab41ff8c4ba083,npds,/home/divya/projects/IndianANPR/data/processed/npds_leakage_safe/images/train/V_P_I_1839_jpg.rf.39a8886c75e1e046a3ab41ff8c4ba083.jpg,/home/divya/projects/IndianANPR/data/processed/npds_leakage_safe/labels/train/V_P_I_1839_jpg.rf.39a8886c75e1e046a3ab41ff8c4ba083.txt,0,1
npds_00670_V_P_I_1148_jpg.rf.018d4d322aae5de335da46a35863936a,npds,/home/divya/projects/IndianANPR/data/processed/npds_leakage_safe/images/train/V_P_I_1148_jpg.rf.018d4d322aae5de335da46a35863936a.jpg,/home/divya/projects/IndianANPR/data/processed/npds_leakage_safe/labels/train/V_P_I_1148_jpg.rf.018d4d322aae5de335da46a35863936a.txt,0,1
npds_00671_V_P_I_3355_jpg.rf.47481f61f054244be39827d4afecfb3a,npds,/home/divya/projects/IndianANPR/data/processed/npds_leakage_safe/images/train/V_P_I_3355_jpg.rf.47481f61f054244be39827d4afecfb3a.jpg,/home/divya/projects/IndianANPR/data/processed/npds_leakage_safe/labels/train/V_P_I_3355_jpg.rf.47481f61f054244be39827d4afecfb3a.txt,0,1
npds_00672_V_P_I_2448_jpg.rf.8288792c25935e3d1c819c1a7fb4124a,npds,/home/divya/projects/IndianANPR/data/processed/npds_leakage_safe/images/train/V_P_I_2448_jpg.rf.8288792c25935e3d1c819c1a7fb4124a.jpg,/home/divya/projects/IndianANPR/data/processed/npds_leakage_safe/labels/train/V_P_I_2448_jpg.rf.8288792c25935e3d1c819c1a7fb4124a.txt,0,2
npds_00673_V_P_I_1006_jpg.rf.6df2b1f3c53ee52ba8305047de3f4062,npds,/home/divya/projects/IndianANPR/data/processed/npds_leakage_safe/images/train/V_P_I_1006_jpg.rf.6df2b1f3c53ee52ba8305047de3f4062.jpg,/home/divya/projects/IndianANPR/data/processed/npds_leakage_safe/labels/train/V_P_I_1006_jpg.rf.6df2b1f3c53ee52ba8305047de3f4062.txt,0,4
npds_00674_V_P_I_2728_jpg.rf.6d975a64e4adf1060018e114ea1126d5,npds,/home/divya/projects/IndianANPR/data/processed/npds_leakage_safe/images/train/V_P_I_2728_jpg.rf.6d975a64e4adf1060018e114ea1126d5.jpg,/home/divya/projects/IndianANPR/data/processed/npds_leakage_safe/labels/train/V_P_I_2728_jpg.rf.6d975a64e4adf1060018e114ea1126d5.txt,0,1
npds_00675_V_P_I_521_jpg.rf.4a7fbeb9c783205350b6537f29b0800d,npds,/home/divya/projects/IndianANPR/data/processed/npds_leakage_safe/images/train/V_P_I_521_jpg.rf.4a7fbeb9c783205350b6537f29b0800d.jpg,/home/divya/projects/IndianANPR/data/processed/npds_leakage_safe/labels/train/V_P_I_521_jpg.rf.4a7fbeb9c783205350b6537f29b0800d.txt,0,1
npds_00676_V_P_I_2791_jpg.rf.6150acb0d5dcef1b1c124480a703332c,npds,/home/divya/projects/IndianANPR/data/processed/npds_leakage_safe/images/train/V_P_I_2791_jpg.rf.6150acb0d5dcef1b1c124480a703332c.jpg,/home/divya/projects/IndianANPR/data/processed/npds_leakage_safe/labels/train/V_P_I_2791_jpg.rf.6150acb0d5dcef1b1c124480a703332c.txt,0,1
npds_00677_V_P_I_3265_jpg.rf.e12990fe76921be3d507acbf4b552210,npds,/home/divya/projects/IndianANPR/data/processed/npds_leakage_safe/images/train/V_P_I_3265_jpg.rf.e12990fe76921be3d507acbf4b552210.jpg,/home/divya/projects/IndianANPR/data/processed/npds_leakage_safe/labels/train/V_P_I_3265_jpg.rf.e12990fe76921be3d507acbf4b552210.txt,0,2
npds_00678_V_P_I_3386_jpg.rf.5736cad8050031d4863a890d0bc72350,npds,/home/divya/projects/IndianANPR/data/processed/npds_leakage_safe/images/train/V_P_I_3386_jpg.rf.5736cad8050031d4863a890d0bc72350.jpg,/home/divya/projects/IndianANPR/data/processed/npds_leakage_safe/labels/train/V_P_I_3386_jpg.rf.5736cad8050031d4863a890d0bc72350.txt,0,2
npds_00679_V_P_I_3469_jpeg_jpg.rf.45df57c2d2c73176a7bc7ab64c5ee974,npds,/home/divya/projects/IndianANPR/data/processed/npds_leakage_safe/images/train/V_P_I_3469_jpeg_jpg.rf.45df57c2d2c73176a7bc7ab64c5ee974.jpg,/home/divya/projects/IndianANPR/data/processed/npds_leakage_safe/labels/train/V_P_I_3469_jpeg_jpg.rf.45df57c2d2c73176a7bc7ab64c5ee974.txt,0,1
npds_00680_V_P_I_3449_jpeg_jpg.rf.e88b900eab793709f7e16328373bf961,npds,/home/divya/projects/IndianANPR/data/processed/npds_leakage_safe/images/train/V_P_I_3449_jpeg_jpg.rf.e88b900eab793709f7e16328373bf961.jpg,/home/divya/projects/IndianANPR/data/processed/npds_leakage_safe/labels/train/V_P_I_3449_jpeg_jpg.rf.e88b900eab793709f7e16328373bf961.txt,0,1
npds_00681_V_P_I_3198_jpg.rf.1a7ad13e0c161abb6879384addeb2546,npds,/home/divya/projects/IndianANPR/data/processed/npds_leakage_safe/images/train/V_P_I_3198_jpg.rf.1a7ad13e0c161abb6879384addeb2546.jpg,/home/divya/projects/IndianANPR/data/processed/npds_leakage_safe/labels/train/V_P_I_3198_jpg.rf.1a7ad13e0c161abb6879384addeb2546.txt,0,1
npds_00682_V_P_I_1651_jpg.rf.9fd6c8a4189cb4faea7c4d3df8f37e1d,npds,/home/divya/projects/IndianANPR/data/processed/npds_leakage_safe/images/train/V_P_I_1651_jpg.rf.9fd6c8a4189cb4faea7c4d3df8f37e1d.jpg,/home/divya/projects/IndianANPR/data/processed/npds_leakage_safe/labels/train/V_P_I_1651_jpg.rf.9fd6c8a4189cb4faea7c4d3df8f37e1d.txt,0,1
npds_00683_V_P_I_2223_jpg.rf.f8a2bde4b294146201710638e18a3c93,npds,/home/divya/projects/IndianANPR/data/processed/npds_leakage_safe/images/train/V_P_I_2223_jpg.rf.f8a2bde4b294146201710638e18a3c93.jpg,/home/divya/projects/IndianANPR/data/processed/npds_leakage_safe/labels/train/V_P_I_2223_jpg.rf.f8a2bde4b294146201710638e18a3c93.txt,0,1
npds_00684_V_P_I_2437_jpg.rf.99ae1c8fd2b36fed61f7a9132e2f7590,npds,/home/divya/projects/IndianANPR/data/processed/npds_leakage_safe/images/train/V_P_I_2437_jpg.rf.99ae1c8fd2b36fed61f7a9132e2f7590.jpg,/home/divya/projects/IndianANPR/data/processed/npds_leakage_safe/labels/train/V_P_I_2437_jpg.rf.99ae1c8fd2b36fed61f7a9132e2f7590.txt,0,1
npds_00685_V_P_I_1237_jpg.rf.d4a0b590bfac9549c165306ca8bada77,npds,/home/divya/projects/IndianANPR/data/processed/npds_leakage_safe/images/train/V_P_I_1237_jpg.rf.d4a0b590bfac9549c165306ca8bada77.jpg,/home/divya/projects/IndianANPR/data/processed/npds_leakage_safe/labels/train/V_P_I_1237_jpg.rf.d4a0b590bfac9549c165306ca8bada77.txt,0,1
npds_00686_V_P_I_3181_jpg.rf.980616385d51696c2d02e34703dab14a,npds,/home/divya/projects/IndianANPR/data/processed/npds_leakage_safe/images/train/V_P_I_3181_jpg.rf.980616385d51696c2d02e34703dab14a.jpg,/home/divya/projects/IndianANPR/data/processed/npds_leakage_safe/labels/train/V_P_I_3181_jpg.rf.980616385d51696c2d02e34703dab14a.txt,0,1
npds_00687_V_P_I_2117_jpg.rf.6c363ef77e31faa5cf97d601ad4dc24c,npds,/home/divya/projects/IndianANPR/data/processed/npds_leakage_safe/images/train/V_P_I_2117_jpg.rf.6c363ef77e31faa5cf97d601ad4dc24c.jpg,/home/divya/projects/IndianANPR/data/processed/npds_leakage_safe/labels/train/V_P_I_2117_jpg.rf.6c363ef77e31faa5cf97d601ad4dc24c.txt,0,2
npds_00688_V_P_I_3045_jpg.rf.a9553f1b3c69725303986a6ddb4bb0fa,npds,/home/divya/projects/IndianANPR/data/processed/npds_leakage_safe/images/train/V_P_I_3045_jpg.rf.a9553f1b3c69725303986a6ddb4bb0fa.jpg,/home/divya/projects/IndianANPR/data/processed/npds_leakage_safe/labels/train/V_P_I_3045_jpg.rf.a9553f1b3c69725303986a6ddb4bb0fa.txt,0,1
npds_00689_V_P_I_2071_jpg.rf.71f4ee7655a2e60ca41d6c1ad22826d3,npds,/home/divya/projects/IndianANPR/data/processed/npds_leakage_safe/images/train/V_P_I_2071_jpg.rf.71f4ee7655a2e60ca41d6c1ad22826d3.jpg,/home/divya/projects/IndianANPR/data/processed/npds_leakage_safe/labels/train/V_P_I_2071_jpg.rf.71f4ee7655a2e60ca41d6c1ad22826d3.txt,0,1
npds_00690_V_P_I_896_jpg.rf.23e553d2152989bbce6e3f5f2bfc0629,npds,/home/divya/projects/IndianANPR/data/processed/npds_leakage_safe/images/train/V_P_I_896_jpg.rf.23e553d2152989bbce6e3f5f2bfc0629.jpg,/home/divya/projects/IndianANPR/data/processed/npds_leakage_safe/labels/train/V_P_I_896_jpg.rf.23e553d2152989bbce6e3f5f2bfc0629.txt,0,1
npds_00691_V_P_I_664_jpg.rf.6568a5b038eebbf32459d4acc397e600,npds,/home/divya/projects/IndianANPR/data/processed/npds_leakage_safe/images/train/V_P_I_664_jpg.rf.6568a5b038eebbf32459d4acc397e600.jpg,/home/divya/projects/IndianANPR/data/processed/npds_leakage_safe/labels/train/V_P_I_664_jpg.rf.6568a5b038eebbf32459d4acc397e600.txt,0,1
npds_00692_V_P_I_1423_jpg.rf.c20710b0febbedc7eed2a7769b7ddd63,npds,/home/divya/projects/IndianANPR/data/processed/npds_leakage_safe/images/train/V_P_I_1423_jpg.rf.c20710b0febbedc7eed2a7769b7ddd63.jpg,/home/divya/projects/IndianANPR/data/processed/npds_leakage_safe/labels/train/V_P_I_1423_jpg.rf.c20710b0febbedc7eed2a7769b7ddd63.txt,0,1
npds_00693_V_P_I_3386_jpg.rf.e590aaf0c1af11e4548a4075d07d9160,npds,/home/divya/projects/IndianANPR/data/processed/npds_leakage_safe/images/train/V_P_I_3386_jpg.rf.e590aaf0c1af11e4548a4075d07d9160.jpg,/home/divya/projects/IndianANPR/data/processed/npds_leakage_safe/labels/train/V_P_I_3386_jpg.rf.e590aaf0c1af11e4548a4075d07d9160.txt,0,2
npds_00694_V_P_I_2014_jpg.rf.4f3b8d27abe281b1d317dee3685fb4b9,npds,/home/divya/projects/IndianANPR/data/processed/npds_leakage_safe/images/train/V_P_I_2014_jpg.rf.4f3b8d27abe281b1d317dee3685fb4b9.jpg,/home/divya/projects/IndianANPR/data/processed/npds_leakage_safe/labels/train/V_P_I_2014_jpg.rf.4f3b8d27abe281b1d317dee3685fb4b9.txt,0,1
npds_00695_V_P_I_2691_jpg.rf.467204dbe00ab3ef6123e2b3eb116e27,npds,/home/divya/projects/IndianANPR/data/processed/npds_leakage_safe/images/train/V_P_I_2691_jpg.rf.467204dbe00ab3ef6123e2b3eb116e27.jpg,/home/divya/projects/IndianANPR/data/processed/npds_leakage_safe/labels/train/V_P_I_2691_jpg.rf.467204dbe00ab3ef6123e2b3eb116e27.txt,0,1
npds_00696_V_P_I_2047_jpg.rf.1214f61363db70bd5084fc5f0c46c5ed,npds,/home/divya/projects/IndianANPR/data/processed/npds_leakage_safe/images/train/V_P_I_2047_jpg.rf.1214f61363db70bd5084fc5f0c46c5ed.jpg,/home/divya/projects/IndianANPR/data/processed/npds_leakage_safe/labels/train/V_P_I_2047_jpg.rf.1214f61363db70bd5084fc5f0c46c5ed.txt,0,1
npds_00697_V_P_I_318_jpg.rf.32e420b5b4508f492a36339f42a90bfc,npds,/home/divya/projects/IndianANPR/data/processed/npds_leakage_safe/images/train/V_P_I_318_jpg.rf.32e420b5b4508f492a36339f42a90bfc.jpg,/home/divya/projects/IndianANPR/data/processed/npds_leakage_safe/labels/train/V_P_I_318_jpg.rf.32e420b5b4508f492a36339f42a90bfc.txt,0,1
npds_00698_V_P_I_2369_jpg.rf.8162926ab6eeb1840cdb45c1a85f0b40,npds,/home/divya/projects/IndianANPR/data/processed/npds_leakage_safe/images/train/V_P_I_2369_jpg.rf.8162926ab6eeb1840cdb45c1a85f0b40.jpg,/home/divya/projects/IndianANPR/data/processed/npds_leakage_safe/labels/train/V_P_I_2369_jpg.rf.8162926ab6eeb1840cdb45c1a85f0b40.txt,0,1
npds_00699_V_P_I_2108_jpg.rf.94f3d0d62c76ea7e49016fa83c858b3f,npds,/home/divya/projects/IndianANPR/data/processed/npds_leakage_safe/images/train/V_P_I_2108_jpg.rf.94f3d0d62c76ea7e49016fa83c858b3f.jpg,/home/divya/projects/IndianANPR/data/processed/npds_leakage_safe/labels/train/V_P_I_2108_jpg.rf.94f3d0d62c76ea7e49016fa83c858b3f.txt,0,1
npds_00700_V_P_I_234_jpg.rf.00fa8f5abf0c02cb44224be17f318777,npds,/home/divya/projects/IndianANPR/data/processed/npds_leakage_safe/images/train/V_P_I_234_jpg.rf.00fa8f5abf0c02cb44224be17f318777.jpg,/home/divya/projects/IndianANPR/data/processed/npds_leakage_safe/labels/train/V_P_I_234_jpg.rf.00fa8f5abf0c02cb44224be17f318777.txt,0,1
npds_00701_V_P_I_3311_jpg.rf.a0be000cc40203f46fe4ebba94cc9548,npds,/home/divya/projects/IndianANPR/data/processed/npds_leakage_safe/images/train/V_P_I_3311_jpg.rf.a0be000cc40203f46fe4ebba94cc9548.jpg,/home/divya/projects/IndianANPR/data/processed/npds_leakage_safe/labels/train/V_P_I_3311_jpg.rf.a0be000cc40203f46fe4ebba94cc9548.txt,0,1
npds_00702_V_P_I_1992_jpg.rf.389af1177dc7ede68eb0da7b38da715c,npds,/home/divya/projects/IndianANPR/data/processed/npds_leakage_safe/images/train/V_P_I_1992_jpg.rf.389af1177dc7ede68eb0da7b38da715c.jpg,/home/divya/projects/IndianANPR/data/processed/npds_leakage_safe/labels/train/V_P_I_1992_jpg.rf.389af1177dc7ede68eb0da7b38da715c.txt,0,1
npds_00703_V_P_I_283_jpg.rf.fcd79786487a5f98457acf8d6b9574b8,npds,/home/divya/projects/IndianANPR/data/processed/npds_leakage_safe/images/train/V_P_I_283_jpg.rf.fcd79786487a5f98457acf8d6b9574b8.jpg,/home/divya/projects/IndianANPR/data/processed/npds_leakage_safe/labels/train/V_P_I_283_jpg.rf.fcd79786487a5f98457acf8d6b9574b8.txt,0,1
npds_00704_V_P_I_1430_jpg.rf.f763af22613509ea6f425b00e656ceea,npds,/home/divya/projects/IndianANPR/data/processed/npds_leakage_safe/images/train/V_P_I_1430_jpg.rf.f763af22613509ea6f425b00e656ceea.jpg,/home/divya/projects/IndianANPR/data/processed/npds_leakage_safe/labels/train/V_P_I_1430_jpg.rf.f763af22613509ea6f425b00e656ceea.txt,0,1
npds_00705_V_P_I_1636_jpg.rf.ffa9b56e3351d792ca147995722f8fbd,npds,/home/divya/projects/IndianANPR/data/processed/npds_leakage_safe/images/train/V_P_I_1636_jpg.rf.ffa9b56e3351d792ca147995722f8fbd.jpg,/home/divya/projects/IndianANPR/data/processed/npds_leakage_safe/labels/train/V_P_I_1636_jpg.rf.ffa9b56e3351d792ca147995722f8fbd.txt,0,1
npds_00706_V_P_I_2405_jpg.rf.4a5d4999e612fdc425e6533f6462d85f,npds,/home/divya/projects/IndianANPR/data/processed/npds_leakage_safe/images/train/V_P_I_2405_jpg.rf.4a5d4999e612fdc425e6533f6462d85f.jpg,/home/divya/projects/IndianANPR/data/processed/npds_leakage_safe/labels/train/V_P_I_2405_jpg.rf.4a5d4999e612fdc425e6533f6462d85f.txt,0,1
npds_00707_V_P_I_3185_jpg.rf.2f101307d318380c64555511aec2a3d7,npds,/home/divya/projects/IndianANPR/data/processed/npds_leakage_safe/images/train/V_P_I_3185_jpg.rf.2f101307d318380c64555511aec2a3d7.jpg,/home/divya/projects/IndianANPR/data/processed/npds_leakage_safe/labels/train/V_P_I_3185_jpg.rf.2f101307d318380c64555511aec2a3d7.txt,0,1
npds_00708_V_P_I_2276_jpg.rf.7fb5b000de11c4407a382f3fef16fd0c,npds,/home/divya/projects/IndianANPR/data/processed/npds_leakage_safe/images/train/V_P_I_2276_jpg.rf.7fb5b000de11c4407a382f3fef16fd0c.jpg,/home/divya/projects/IndianANPR/data/processed/npds_leakage_safe/labels/train/V_P_I_2276_jpg.rf.7fb5b000de11c4407a382f3fef16fd0c.txt,0,1
npds_00709_V_P_I_3221_jpg.rf.f882684800944d686aa64e59e55a7e18,npds,/home/divya/projects/IndianANPR/data/processed/npds_leakage_safe/images/train/V_P_I_3221_jpg.rf.f882684800944d686aa64e59e55a7e18.jpg,/home/divya/projects/IndianANPR/data/processed/npds_leakage_safe/labels/train/V_P_I_3221_jpg.rf.f882684800944d686aa64e59e55a7e18.txt,0,1
npds_00710_V_P_I_3498_jpg.rf.cba6370730c3392832dc7fd627d83af5,npds,/home/divya/projects/IndianANPR/data/processed/npds_leakage_safe/images/train/V_P_I_3498_jpg.rf.cba6370730c3392832dc7fd627d83af5.jpg,/home/divya/projects/IndianANPR/data/processed/npds_leakage_safe/labels/train/V_P_I_3498_jpg.rf.cba6370730c3392832dc7fd627d83af5.txt,0,1
npds_00711_V_P_I_1573_jpg.rf.b5baa0bbdebbe95ba7768be4880ae668,npds,/home/divya/projects/IndianANPR/data/processed/npds_leakage_safe/images/train/V_P_I_1573_jpg.rf.b5baa0bbdebbe95ba7768be4880ae668.jpg,/home/divya/projects/IndianANPR/data/processed/npds_leakage_safe/labels/train/V_P_I_1573_jpg.rf.b5baa0bbdebbe95ba7768be4880ae668.txt,0,1
npds_00712_V_P_I_3020_jpg.rf.9f47174c9fd50039806f352d843a1956,npds,/home/divya/projects/IndianANPR/data/processed/npds_leakage_safe/images/train/V_P_I_3020_jpg.rf.9f47174c9fd50039806f352d843a1956.jpg,/home/divya/projects/IndianANPR/data/processed/npds_leakage_safe/labels/train/V_P_I_3020_jpg.rf.9f47174c9fd50039806f352d843a1956.txt,0,1
npds_00713_V_P_I_2883_jpg.rf.4454d18e5114721b58780bbd792c4fc0,npds,/home/divya/projects/IndianANPR/data/processed/npds_leakage_safe/images/train/V_P_I_2883_jpg.rf.4454d18e5114721b58780bbd792c4fc0.jpg,/home/divya/projects/IndianANPR/data/processed/npds_leakage_safe/labels/train/V_P_I_2883_jpg.rf.4454d18e5114721b58780bbd792c4fc0.txt,0,1
npds_00714_V_P_I_2017_jpg.rf.90f5a91c710f41d27b822ee148b8570f,npds,/home/divya/projects/IndianANPR/data/processed/npds_leakage_safe/images/train/V_P_I_2017_jpg.rf.90f5a91c710f41d27b822ee148b8570f.jpg,/home/divya/projects/IndianANPR/data/processed/npds_leakage_safe/labels/train/V_P_I_2017_jpg.rf.90f5a91c710f41d27b822ee148b8570f.txt,0,1
npds_00715_V_P_I_2360_jpg.rf.67dbd130c69e08cdb0c60bf69706f444,npds,/home/divya/projects/IndianANPR/data/processed/npds_leakage_safe/images/train/V_P_I_2360_jpg.rf.67dbd130c69e08cdb0c60bf69706f444.jpg,/home/divya/projects/IndianANPR/data/processed/npds_leakage_safe/labels/train/V_P_I_2360_jpg.rf.67dbd130c69e08cdb0c60bf69706f444.txt,0,1
npds_00716_V_P_I_2818_jpg.rf.3b93c0847caf18e382b06f5da2795a7e,npds,/home/divya/projects/IndianANPR/data/processed/npds_leakage_safe/images/train/V_P_I_2818_jpg.rf.3b93c0847caf18e382b06f5da2795a7e.jpg,/home/divya/projects/IndianANPR/data/processed/npds_leakage_safe/labels/train/V_P_I_2818_jpg.rf.3b93c0847caf18e382b06f5da2795a7e.txt,0,1
npds_00717_V_P_I_615_jpg.rf.dd88354729070cbadfe394b4745ace0a,npds,/home/divya/projects/IndianANPR/data/processed/npds_leakage_safe/images/train/V_P_I_615_jpg.rf.dd88354729070cbadfe394b4745ace0a.jpg,/home/divya/projects/IndianANPR/data/processed/npds_leakage_safe/labels/train/V_P_I_615_jpg.rf.dd88354729070cbadfe394b4745ace0a.txt,0,1
npds_00718_V_P_I_1000_jpg.rf.ee112d83ee319c4c4cefff5b01299e0c,npds,/home/divya/projects/IndianANPR/data/processed/npds_leakage_safe/images/train/V_P_I_1000_jpg.rf.ee112d83ee319c4c4cefff5b01299e0c.jpg,/home/divya/projects/IndianANPR/data/processed/npds_leakage_safe/labels/train/V_P_I_1000_jpg.rf.ee112d83ee319c4c4cefff5b01299e0c.txt,0,1
npds_00719_V_P_I_202_jpg.rf.c8eecb4f9b5ae128bd14fe7939da0e5e,npds,/home/divya/projects/IndianANPR/data/processed/npds_leakage_safe/images/train/V_P_I_202_jpg.rf.c8eecb4f9b5ae128bd14fe7939da0e5e.jpg,/home/divya/projects/IndianANPR/data/processed/npds_leakage_safe/labels/train/V_P_I_202_jpg.rf.c8eecb4f9b5ae128bd14fe7939da0e5e.txt,0,1
npds_00720_V_P_I_1965_jpg.rf.e9ee4c73582489db5f3474bb17d23bcc,npds,/home/divya/projects/IndianANPR/data/processed/npds_leakage_safe/images/train/V_P_I_1965_jpg.rf.e9ee4c73582489db5f3474bb17d23bcc.jpg,/home/divya/projects/IndianANPR/data/processed/npds_leakage_safe/labels/train/V_P_I_1965_jpg.rf.e9ee4c73582489db5f3474bb17d23bcc.txt,0,1
npds_00721_V_P_I_168_jpg.rf.162a0b95419b19d80e645a765503ba1f,npds,/home/divya/projects/IndianANPR/data/processed/npds_leakage_safe/images/train/V_P_I_168_jpg.rf.162a0b95419b19d80e645a765503ba1f.jpg,/home/divya/projects/IndianANPR/data/processed/npds_leakage_safe/labels/train/V_P_I_168_jpg.rf.162a0b95419b19d80e645a765503ba1f.txt,0,1
npds_00722_V_P_I_2431_jpg.rf.f3c10957d86d2d363e4a105605163046,npds,/home/divya/projects/IndianANPR/data/processed/npds_leakage_safe/images/train/V_P_I_2431_jpg.rf.f3c10957d86d2d363e4a105605163046.jpg,/home/divya/projects/IndianANPR/data/processed/npds_leakage_safe/labels/train/V_P_I_2431_jpg.rf.f3c10957d86d2d363e4a105605163046.txt,0,1
npds_00723_V_P_I_455_jpg.rf.a28c07bdb6e2a0bdc0532d7e8271ad9a,npds,/home/divya/projects/IndianANPR/data/processed/npds_leakage_safe/images/train/V_P_I_455_jpg.rf.a28c07bdb6e2a0bdc0532d7e8271ad9a.jpg,/home/divya/projects/IndianANPR/data/processed/npds_leakage_safe/labels/train/V_P_I_455_jpg.rf.a28c07bdb6e2a0bdc0532d7e8271ad9a.txt,0,1
npds_00724_V_P_I_2915_jpg.rf.86b836fbc18fa6c0d05ec20a9b385dba,npds,/home/divya/projects/IndianANPR/data/processed/npds_leakage_safe/images/train/V_P_I_2915_jpg.rf.86b836fbc18fa6c0d05ec20a9b385dba.jpg,/home/divya/projects/IndianANPR/data/processed/npds_leakage_safe/labels/train/V_P_I_2915_jpg.rf.86b836fbc18fa6c0d05ec20a9b385dba.txt,0,1
npds_00725_V_P_I_2999_jpg.rf.a1662902258262fda38bbb1a3d6dfd76,npds,/home/divya/projects/IndianANPR/data/processed/npds_leakage_safe/images/train/V_P_I_2999_jpg.rf.a1662902258262fda38bbb1a3d6dfd76.jpg,/home/divya/projects/IndianANPR/data/processed/npds_leakage_safe/labels/train/V_P_I_2999_jpg.rf.a1662902258262fda38bbb1a3d6dfd76.txt,0,1
npds_00726_V_P_I_3154_jpg.rf.41e2a86b96294eba1c602571f28e5c1d,npds,/home/divya/projects/IndianANPR/data/processed/npds_leakage_safe/images/train/V_P_I_3154_jpg.rf.41e2a86b96294eba1c602571f28e5c1d.jpg,/home/divya/projects/IndianANPR/data/processed/npds_leakage_safe/labels/train/V_P_I_3154_jpg.rf.41e2a86b96294eba1c602571f28e5c1d.txt,0,1
npds_00727_V_P_I_2098_jpg.rf.1da519adf57b87b8e595f35864ef8cef,npds,/home/divya/projects/IndianANPR/data/processed/npds_leakage_safe/images/train/V_P_I_2098_jpg.rf.1da519adf57b87b8e595f35864ef8cef.jpg,/home/divya/projects/IndianANPR/data/processed/npds_leakage_safe/labels/train/V_P_I_2098_jpg.rf.1da519adf57b87b8e595f35864ef8cef.txt,0,2
npds_00728_V_P_I_2548_jpg.rf.3712bf6ea8cdbc10f4f5e6ea8f35cd41,npds,/home/divya/projects/IndianANPR/data/processed/npds_leakage_safe/images/train/V_P_I_2548_jpg.rf.3712bf6ea8cdbc10f4f5e6ea8f35cd41.jpg,/home/divya/projects/IndianANPR/data/processed/npds_leakage_safe/labels/train/V_P_I_2548_jpg.rf.3712bf6ea8cdbc10f4f5e6ea8f35cd41.txt,0,1
npds_00729_V_P_I_2471_jpg.rf.445bd4b024bbd3ba7170a28c1287201d,npds,/home/divya/projects/IndianANPR/data/processed/npds_leakage_safe/images/train/V_P_I_2471_jpg.rf.445bd4b024bbd3ba7170a28c1287201d.jpg,/home/divya/projects/IndianANPR/data/processed/npds_leakage_safe/labels/train/V_P_I_2471_jpg.rf.445bd4b024bbd3ba7170a28c1287201d.txt,0,1
npds_00730_V_P_I_2474_jpg.rf.77e9bc0e0bcc77738888fa0d1a3c7111,npds,/home/divya/projects/IndianANPR/data/processed/npds_leakage_safe/images/train/V_P_I_2474_jpg.rf.77e9bc0e0bcc77738888fa0d1a3c7111.jpg,/home/divya/projects/IndianANPR/data/processed/npds_leakage_safe/labels/train/V_P_I_2474_jpg.rf.77e9bc0e0bcc77738888fa0d1a3c7111.txt,0,1
npds_00731_V_P_I_3215_jpg.rf.3623946148e14ec89e786ed7b96322e1,npds,/home/divya/projects/IndianANPR/data/processed/npds_leakage_safe/images/train/V_P_I_3215_jpg.rf.3623946148e14ec89e786ed7b96322e1.jpg,/home/divya/projects/IndianANPR/data/processed/npds_leakage_safe/labels/train/V_P_I_3215_jpg.rf.3623946148e14ec89e786ed7b96322e1.txt,0,1
npds_00732_V_P_I_1698_jpg.rf.e14b6f19c9e16e3aa17d2ad949a40025,npds,/home/divya/projects/IndianANPR/data/processed/npds_leakage_safe/images/train/V_P_I_1698_jpg.rf.e14b6f19c9e16e3aa17d2ad949a40025.jpg,/home/divya/projects/IndianANPR/data/processed/npds_leakage_safe/labels/train/V_P_I_1698_jpg.rf.e14b6f19c9e16e3aa17d2ad949a40025.txt,0,1
npds_00733_V_P_I_2702_jpg.rf.468754ccc1e13ac564c3b4cc672d30bf,npds,/home/divya/projects/IndianANPR/data/processed/npds_leakage_safe/images/train/V_P_I_2702_jpg.rf.468754ccc1e13ac564c3b4cc672d30bf.jpg,/home/divya/projects/IndianANPR/data/processed/npds_leakage_safe/labels/train/V_P_I_2702_jpg.rf.468754ccc1e13ac564c3b4cc672d30bf.txt,0,1
npds_00734_V_P_I_2577_jpg.rf.7c1124fef94870eaaac0456a06d32eb7,npds,/home/divya/projects/IndianANPR/data/processed/npds_leakage_safe/images/train/V_P_I_2577_jpg.rf.7c1124fef94870eaaac0456a06d32eb7.jpg,/home/divya/projects/IndianANPR/data/processed/npds_leakage_safe/labels/train/V_P_I_2577_jpg.rf.7c1124fef94870eaaac0456a06d32eb7.txt,0,1
npds_00735_V_P_I_477_jpg.rf.d85bbbf46aa5899142fb9bc42e732772,npds,/home/divya/projects/IndianANPR/data/processed/npds_leakage_safe/images/train/V_P_I_477_jpg.rf.d85bbbf46aa5899142fb9bc42e732772.jpg,/home/divya/projects/IndianANPR/data/processed/npds_leakage_safe/labels/train/V_P_I_477_jpg.rf.d85bbbf46aa5899142fb9bc42e732772.txt,0,1
npds_00736_V_P_I_489_jpg.rf.36a63f0247df6405d4bd92f9712bf10b,npds,/home/divya/projects/IndianANPR/data/processed/npds_leakage_safe/images/train/V_P_I_489_jpg.rf.36a63f0247df6405d4bd92f9712bf10b.jpg,/home/divya/projects/IndianANPR/data/processed/npds_leakage_safe/labels/train/V_P_I_489_jpg.rf.36a63f0247df6405d4bd92f9712bf10b.txt,0,1
npds_00737_V_P_I_3446_jpeg_jpg.rf.190caca4616f989764726c0dc5d24f41,npds,/home/divya/projects/IndianANPR/data/processed/npds_leakage_safe/images/train/V_P_I_3446_jpeg_jpg.rf.190caca4616f989764726c0dc5d24f41.jpg,/home/divya/projects/IndianANPR/data/processed/npds_leakage_safe/labels/train/V_P_I_3446_jpeg_jpg.rf.190caca4616f989764726c0dc5d24f41.txt,0,1
npds_00738_V_P_I_155_jpg.rf.f91babc63c93964eb0e4c8cfe767a4b1,npds,/home/divya/projects/IndianANPR/data/processed/npds_leakage_safe/images/train/V_P_I_155_jpg.rf.f91babc63c93964eb0e4c8cfe767a4b1.jpg,/home/divya/projects/IndianANPR/data/processed/npds_leakage_safe/labels/train/V_P_I_155_jpg.rf.f91babc63c93964eb0e4c8cfe767a4b1.txt,0,1
npds_00739_V_P_I_3165_jpg.rf.1ad7f826636edb6f2fbf54ff6af05503,npds,/home/divya/projects/IndianANPR/data/processed/npds_leakage_safe/images/train/V_P_I_3165_jpg.rf.1ad7f826636edb6f2fbf54ff6af05503.jpg,/home/divya/projects/IndianANPR/data/processed/npds_leakage_safe/labels/train/V_P_I_3165_jpg.rf.1ad7f826636edb6f2fbf54ff6af05503.txt,0,1
npds_00740_V_P_I_1292_jpg.rf.0ab6c61a629d61aaa08a7e8639d81d09,npds,/home/divya/projects/IndianANPR/data/processed/npds_leakage_safe/images/train/V_P_I_1292_jpg.rf.0ab6c61a629d61aaa08a7e8639d81d09.jpg,/home/divya/projects/IndianANPR/data/processed/npds_leakage_safe/labels/train/V_P_I_1292_jpg.rf.0ab6c61a629d61aaa08a7e8639d81d09.txt,0,1
npds_00741_V_P_I_1954_jpg.rf.0526d22dcaa94d688f2b32176727dc49,npds,/home/divya/projects/IndianANPR/data/processed/npds_leakage_safe/images/train/V_P_I_1954_jpg.rf.0526d22dcaa94d688f2b32176727dc49.jpg,/home/divya/projects/IndianANPR/data/processed/npds_leakage_safe/labels/train/V_P_I_1954_jpg.rf.0526d22dcaa94d688f2b32176727dc49.txt,0,1
npds_00742_V_P_I_2718_jpg.rf.d2d01c3466415a0579fa4c2476ab7fc7,npds,/home/divya/projects/IndianANPR/data/processed/npds_leakage_safe/images/train/V_P_I_2718_jpg.rf.d2d01c3466415a0579fa4c2476ab7fc7.jpg,/home/divya/projects/IndianANPR/data/processed/npds_leakage_safe/labels/train/V_P_I_2718_jpg.rf.d2d01c3466415a0579fa4c2476ab7fc7.txt,0,1
npds_00743_V_P_I_3181_jpg.rf.13d0936244e3e33e178343bdb8476937,npds,/home/divya/projects/IndianANPR/data/processed/npds_leakage_safe/images/train/V_P_I_3181_jpg.rf.13d0936244e3e33e178343bdb8476937.jpg,/home/divya/projects/IndianANPR/data/processed/npds_leakage_safe/labels/train/V_P_I_3181_jpg.rf.13d0936244e3e33e178343bdb8476937.txt,0,1
npds_00744_V_P_I_307_jpg.rf.5292c2d20df9862ef3e03da1ee7485c7,npds,/home/divya/projects/IndianANPR/data/processed/npds_leakage_safe/images/train/V_P_I_307_jpg.rf.5292c2d20df9862ef3e03da1ee7485c7.jpg,/home/divya/projects/IndianANPR/data/processed/npds_leakage_safe/labels/train/V_P_I_307_jpg.rf.5292c2d20df9862ef3e03da1ee7485c7.txt,0,1
npds_00745_V_P_I_3030_jpg.rf.7fe42dd7a03c754b2a9b4d6b118c45a4,npds,/home/divya/projects/IndianANPR/data/processed/npds_leakage_safe/images/train/V_P_I_3030_jpg.rf.7fe42dd7a03c754b2a9b4d6b118c45a4.jpg,/home/divya/projects/IndianANPR/data/processed/npds_leakage_safe/labels/train/V_P_I_3030_jpg.rf.7fe42dd7a03c754b2a9b4d6b118c45a4.txt,0,1
npds_00746_V_P_I_2131_jpg.rf.8dd805ab28211e1cea81240595889399,npds,/home/divya/projects/IndianANPR/data/processed/npds_leakage_safe/images/train/V_P_I_2131_jpg.rf.8dd805ab28211e1cea81240595889399.jpg,/home/divya/projects/IndianANPR/data/processed/npds_leakage_safe/labels/train/V_P_I_2131_jpg.rf.8dd805ab28211e1cea81240595889399.txt,0,1
npds_00747_V_P_I_1317_jpg.rf.467618ec887016780de91c36d1358fcf,npds,/home/divya/projects/IndianANPR/data/processed/npds_leakage_safe/images/train/V_P_I_1317_jpg.rf.467618ec887016780de91c36d1358fcf.jpg,/home/divya/projects/IndianANPR/data/processed/npds_leakage_safe/labels/train/V_P_I_1317_jpg.rf.467618ec887016780de91c36d1358fcf.txt,0,1
npds_00748_V_P_I_566_jpg.rf.0bfa7f2e779f1fdbecb44fb2438b4cae,npds,/home/divya/projects/IndianANPR/data/processed/npds_leakage_safe/images/train/V_P_I_566_jpg.rf.0bfa7f2e779f1fdbecb44fb2438b4cae.jpg,/home/divya/projects/IndianANPR/data/processed/npds_leakage_safe/labels/train/V_P_I_566_jpg.rf.0bfa7f2e779f1fdbecb44fb2438b4cae.txt,0,1
npds_00749_V_P_I_3508_jpg.rf.784a31b2a5426fe7822923d78d958cef,npds,/home/divya/projects/IndianANPR/data/processed/npds_leakage_safe/images/train/V_P_I_3508_jpg.rf.784a31b2a5426fe7822923d78d958cef.jpg,/home/divya/projects/IndianANPR/data/processed/npds_leakage_safe/labels/train/V_P_I_3508_jpg.rf.784a31b2a5426fe7822923d78d958cef.txt,0,1
npds_00750_V_P_I_1771_jpg.rf.f586952fcbf4e0d6b0a99870b6e65492,npds,/home/divya/projects/IndianANPR/data/processed/npds_leakage_safe/images/train/V_P_I_1771_jpg.rf.f586952fcbf4e0d6b0a99870b6e65492.jpg,/home/divya/projects/IndianANPR/data/processed/npds_leakage_safe/labels/train/V_P_I_1771_jpg.rf.f586952fcbf4e0d6b0a99870b6e65492.txt,0,1
npds_00751_V_P_I_3204_jpg.rf.087dcec28236524928327876aaaa58eb,npds,/home/divya/projects/IndianANPR/data/processed/npds_leakage_safe/images/train/V_P_I_3204_jpg.rf.087dcec28236524928327876aaaa58eb.jpg,/home/divya/projects/IndianANPR/data/processed/npds_leakage_safe/labels/train/V_P_I_3204_jpg.rf.087dcec28236524928327876aaaa58eb.txt,0,1
npds_00752_V_P_I_2051_jpg.rf.2fc861881579c901ae38cdc1d1004146,npds,/home/divya/projects/IndianANPR/data/processed/npds_leakage_safe/images/train/V_P_I_2051_jpg.rf.2fc861881579c901ae38cdc1d1004146.jpg,/home/divya/projects/IndianANPR/data/processed/npds_leakage_safe/labels/train/V_P_I_2051_jpg.rf.2fc861881579c901ae38cdc1d1004146.txt,0,2
npds_00753_V_P_I_1738_jpg.rf.e40437d611d61d52dbe0bedddb94b20d,npds,/home/divya/projects/IndianANPR/data/processed/npds_leakage_safe/images/train/V_P_I_1738_jpg.rf.e40437d611d61d52dbe0bedddb94b20d.jpg,/home/divya/projects/IndianANPR/data/processed/npds_leakage_safe/labels/train/V_P_I_1738_jpg.rf.e40437d611d61d52dbe0bedddb94b20d.txt,0,1
npds_00754_V_P_I_521_jpg.rf.5eb9237dad22f159dcf1d81135f7c4bc,npds,/home/divya/projects/IndianANPR/data/processed/npds_leakage_safe/images/train/V_P_I_521_jpg.rf.5eb9237dad22f159dcf1d81135f7c4bc.jpg,/home/divya/projects/IndianANPR/data/processed/npds_leakage_safe/labels/train/V_P_I_521_jpg.rf.5eb9237dad22f159dcf1d81135f7c4bc.txt,0,1
npds_00755_V_P_I_1657_jpg.rf.4059a80785bf47f624a43e37046fea4f,npds,/home/divya/projects/IndianANPR/data/processed/npds_leakage_safe/images/train/V_P_I_1657_jpg.rf.4059a80785bf47f624a43e37046fea4f.jpg,/home/divya/projects/IndianANPR/data/processed/npds_leakage_safe/labels/train/V_P_I_1657_jpg.rf.4059a80785bf47f624a43e37046fea4f.txt,0,1
npds_00756_V_P_I_1490_jpg.rf.2ef9102c1d0ee5c45d19a017cf0b23c8,npds,/home/divya/projects/IndianANPR/data/processed/npds_leakage_safe/images/train/V_P_I_1490_jpg.rf.2ef9102c1d0ee5c45d19a017cf0b23c8.jpg,/home/divya/projects/IndianANPR/data/processed/npds_leakage_safe/labels/train/V_P_I_1490_jpg.rf.2ef9102c1d0ee5c45d19a017cf0b23c8.txt,0,1
npds_00757_V_P_I_107_jpg.rf.6f9c9565f1dfe568a66ae1c386271445,npds,/home/divya/projects/IndianANPR/data/processed/npds_leakage_safe/images/train/V_P_I_107_jpg.rf.6f9c9565f1dfe568a66ae1c386271445.jpg,/home/divya/projects/IndianANPR/data/processed/npds_leakage_safe/labels/train/V_P_I_107_jpg.rf.6f9c9565f1dfe568a66ae1c386271445.txt,0,1
npds_00758_V_P_I_1152_jpg.rf.7db8a6155a906e31facfd26001f9e0a7,npds,/home/divya/projects/IndianANPR/data/processed/npds_leakage_safe/images/train/V_P_I_1152_jpg.rf.7db8a6155a906e31facfd26001f9e0a7.jpg,/home/divya/projects/IndianANPR/data/processed/npds_leakage_safe/labels/train/V_P_I_1152_jpg.rf.7db8a6155a906e31facfd26001f9e0a7.txt,0,1
npds_00759_V_P_I_1803_jpg.rf.8c70cc2746a1bf6594010189fa06b02f,npds,/home/divya/projects/IndianANPR/data/processed/npds_leakage_safe/images/train/V_P_I_1803_jpg.rf.8c70cc2746a1bf6594010189fa06b02f.jpg,/home/divya/projects/IndianANPR/data/processed/npds_leakage_safe/labels/train/V_P_I_1803_jpg.rf.8c70cc2746a1bf6594010189fa06b02f.txt,0,1
npds_00760_V_P_I_2581_jpg.rf.a8730a26069e8ea465965c76ecf29bd1,npds,/home/divya/projects/IndianANPR/data/processed/npds_leakage_safe/images/train/V_P_I_2581_jpg.rf.a8730a26069e8ea465965c76ecf29bd1.jpg,/home/divya/projects/IndianANPR/data/processed/npds_leakage_safe/labels/train/V_P_I_2581_jpg.rf.a8730a26069e8ea465965c76ecf29bd1.txt,0,1
npds_00761_V_P_I_3008_jpg.rf.655f605cd20fabe5bb0ed306e36b9d6a,npds,/home/divya/projects/IndianANPR/data/processed/npds_leakage_safe/images/train/V_P_I_3008_jpg.rf.655f605cd20fabe5bb0ed306e36b9d6a.jpg,/home/divya/projects/IndianANPR/data/processed/npds_leakage_safe/labels/train/V_P_I_3008_jpg.rf.655f605cd20fabe5bb0ed306e36b9d6a.txt,0,1
npds_00762_V_P_I_674_jpg.rf.0c3f5df12f66f1c8792af4ac931727e5,npds,/home/divya/projects/IndianANPR/data/processed/npds_leakage_safe/images/train/V_P_I_674_jpg.rf.0c3f5df12f66f1c8792af4ac931727e5.jpg,/home/divya/projects/IndianANPR/data/processed/npds_leakage_safe/labels/train/V_P_I_674_jpg.rf.0c3f5df12f66f1c8792af4ac931727e5.txt,0,1
npds_00763_V_P_I_387_jpg.rf.cb12ede862fe90fb5af5de7aba2b16a0,npds,/home/divya/projects/IndianANPR/data/processed/npds_leakage_safe/images/train/V_P_I_387_jpg.rf.cb12ede862fe90fb5af5de7aba2b16a0.jpg,/home/divya/projects/IndianANPR/data/processed/npds_leakage_safe/labels/train/V_P_I_387_jpg.rf.cb12ede862fe90fb5af5de7aba2b16a0.txt,0,1
npds_00764_V_P_I_1249_jpg.rf.4b4c5d0090852180f6041a212f792dbc,npds,/home/divya/projects/IndianANPR/data/processed/npds_leakage_safe/images/train/V_P_I_1249_jpg.rf.4b4c5d0090852180f6041a212f792dbc.jpg,/home/divya/projects/IndianANPR/data/processed/npds_leakage_safe/labels/train/V_P_I_1249_jpg.rf.4b4c5d0090852180f6041a212f792dbc.txt,0,1
npds_00765_V_P_I_2515_jpg.rf.caf9ef313e2948fa6d190239eee461a6,npds,/home/divya/projects/IndianANPR/data/processed/npds_leakage_safe/images/train/V_P_I_2515_jpg.rf.caf9ef313e2948fa6d190239eee461a6.jpg,/home/divya/projects/IndianANPR/data/processed/npds_leakage_safe/labels/train/V_P_I_2515_jpg.rf.caf9ef313e2948fa6d190239eee461a6.txt,0,1
npds_00766_V_P_I_2384_jpg.rf.2e3bd1bb1ed2ddb3929092d3835a59af,npds,/home/divya/projects/IndianANPR/data/processed/npds_leakage_safe/images/train/V_P_I_2384_jpg.rf.2e3bd1bb1ed2ddb3929092d3835a59af.jpg,/home/divya/projects/IndianANPR/data/processed/npds_leakage_safe/labels/train/V_P_I_2384_jpg.rf.2e3bd1bb1ed2ddb3929092d3835a59af.txt,0,1
npds_00767_V_P_I_806_jpg.rf.c8fe97faca3dd4dc9f8fbb56a8f0345c,npds,/home/divya/projects/IndianANPR/data/processed/npds_leakage_safe/images/train/V_P_I_806_jpg.rf.c8fe97faca3dd4dc9f8fbb56a8f0345c.jpg,/home/divya/projects/IndianANPR/data/processed/npds_leakage_safe/labels/train/V_P_I_806_jpg.rf.c8fe97faca3dd4dc9f8fbb56a8f0345c.txt,0,1
npds_00768_V_P_I_3068_jpg.rf.4c437fcbfadddcea82c53b30af98293e,npds,/home/divya/projects/IndianANPR/data/processed/npds_leakage_safe/images/train/V_P_I_3068_jpg.rf.4c437fcbfadddcea82c53b30af98293e.jpg,/home/divya/projects/IndianANPR/data/processed/npds_leakage_safe/labels/train/V_P_I_3068_jpg.rf.4c437fcbfadddcea82c53b30af98293e.txt,0,1
npds_00769_V_P_I_2900_jpg.rf.8878fc335954b7a34b7b991231bc0cc4,npds,/home/divya/projects/IndianANPR/data/processed/npds_leakage_safe/images/train/V_P_I_2900_jpg.rf.8878fc335954b7a34b7b991231bc0cc4.jpg,/home/divya/projects/IndianANPR/data/processed/npds_leakage_safe/labels/train/V_P_I_2900_jpg.rf.8878fc335954b7a34b7b991231bc0cc4.txt,0,1
npds_00770_V_P_I_1642_jpg.rf.634f20d1c5e9c9998b94421524614d36,npds,/home/divya/projects/IndianANPR/data/processed/npds_leakage_safe/images/train/V_P_I_1642_jpg.rf.634f20d1c5e9c9998b94421524614d36.jpg,/home/divya/projects/IndianANPR/data/processed/npds_leakage_safe/labels/train/V_P_I_1642_jpg.rf.634f20d1c5e9c9998b94421524614d36.txt,0,1
npds_00771_V_P_I_3381_jpg.rf.9e57051b11294c2ac9e0979c5b9fedfe,npds,/home/divya/projects/IndianANPR/data/processed/npds_leakage_safe/images/train/V_P_I_3381_jpg.rf.9e57051b11294c2ac9e0979c5b9fedfe.jpg,/home/divya/projects/IndianANPR/data/processed/npds_leakage_safe/labels/train/V_P_I_3381_jpg.rf.9e57051b11294c2ac9e0979c5b9fedfe.txt,0,1
npds_00772_V_P_I_3309_jpg.rf.e1d95a22b88e97b03751704cf562614a,npds,/home/divya/projects/IndianANPR/data/processed/npds_leakage_safe/images/train/V_P_I_3309_jpg.rf.e1d95a22b88e97b03751704cf562614a.jpg,/home/divya/projects/IndianANPR/data/processed/npds_leakage_safe/labels/train/V_P_I_3309_jpg.rf.e1d95a22b88e97b03751704cf562614a.txt,0,1
npds_00773_V_P_I_2297_jpg.rf.c2643d176875e4531f0f110240fd289e,npds,/home/divya/projects/IndianANPR/data/processed/npds_leakage_safe/images/train/V_P_I_2297_jpg.rf.c2643d176875e4531f0f110240fd289e.jpg,/home/divya/projects/IndianANPR/data/processed/npds_leakage_safe/labels/train/V_P_I_2297_jpg.rf.c2643d176875e4531f0f110240fd289e.txt,0,1
npds_00774_V_P_I_2644_jpg.rf.2d9b0eeec8781d878c340114319e9956,npds,/home/divya/projects/IndianANPR/data/processed/npds_leakage_safe/images/train/V_P_I_2644_jpg.rf.2d9b0eeec8781d878c340114319e9956.jpg,/home/divya/projects/IndianANPR/data/processed/npds_leakage_safe/labels/train/V_P_I_2644_jpg.rf.2d9b0eeec8781d878c340114319e9956.txt,0,1
npds_00775_V_P_I_2340_jpg.rf.1d1a2b87866db8b979576d339e82ad15,npds,/home/divya/projects/IndianANPR/data/processed/npds_leakage_safe/images/train/V_P_I_2340_jpg.rf.1d1a2b87866db8b979576d339e82ad15.jpg,/home/divya/projects/IndianANPR/data/processed/npds_leakage_safe/labels/train/V_P_I_2340_jpg.rf.1d1a2b87866db8b979576d339e82ad15.txt,0,1
npds_00776_V_P_I_179_jpg.rf.26043110950b6c457d3294d111cbdacc,npds,/home/divya/projects/IndianANPR/data/processed/npds_leakage_safe/images/train/V_P_I_179_jpg.rf.26043110950b6c457d3294d111cbdacc.jpg,/home/divya/projects/IndianANPR/data/processed/npds_leakage_safe/labels/train/V_P_I_179_jpg.rf.26043110950b6c457d3294d111cbdacc.txt,0,1
npds_00777_V_P_I_1490_jpg.rf.b6c36b04b2644a91c5c91d8a5070c40e,npds,/home/divya/projects/IndianANPR/data/processed/npds_leakage_safe/images/train/V_P_I_1490_jpg.rf.b6c36b04b2644a91c5c91d8a5070c40e.jpg,/home/divya/projects/IndianANPR/data/processed/npds_leakage_safe/labels/train/V_P_I_1490_jpg.rf.b6c36b04b2644a91c5c91d8a5070c40e.txt,0,1
npds_00778_V_P_I_3158_jpg.rf.afdbf5c05f2ec4f72ee75116607945ca,npds,/home/divya/projects/IndianANPR/data/processed/npds_leakage_safe/images/train/V_P_I_3158_jpg.rf.afdbf5c05f2ec4f72ee75116607945ca.jpg,/home/divya/projects/IndianANPR/data/processed/npds_leakage_safe/labels/train/V_P_I_3158_jpg.rf.afdbf5c05f2ec4f72ee75116607945ca.txt,0,1
npds_00779_V_P_I_3268_jpg.rf.6d221f79ec87bb921260e2734ea82050,npds,/home/divya/projects/IndianANPR/data/processed/npds_leakage_safe/images/train/V_P_I_3268_jpg.rf.6d221f79ec87bb921260e2734ea82050.jpg,/home/divya/projects/IndianANPR/data/processed/npds_leakage_safe/labels/train/V_P_I_3268_jpg.rf.6d221f79ec87bb921260e2734ea82050.txt,0,1
npds_00780_V_P_I_1023_jpg.rf.23555118ad25c0d7b447f09fde61570f,npds,/home/divya/projects/IndianANPR/data/processed/npds_leakage_safe/images/train/V_P_I_1023_jpg.rf.23555118ad25c0d7b447f09fde61570f.jpg,/home/divya/projects/IndianANPR/data/processed/npds_leakage_safe/labels/train/V_P_I_1023_jpg.rf.23555118ad25c0d7b447f09fde61570f.txt,0,1
npds_00781_V_P_I_831_jpg.rf.d06638462cbab7818527a5a20df18eed,npds,/home/divya/projects/IndianANPR/data/processed/npds_leakage_safe/images/train/V_P_I_831_jpg.rf.d06638462cbab7818527a5a20df18eed.jpg,/home/divya/projects/IndianANPR/data/processed/npds_leakage_safe/labels/train/V_P_I_831_jpg.rf.d06638462cbab7818527a5a20df18eed.txt,0,1
npds_00782_V_P_I_3507_jpg.rf.d1b4a098c2326afd472f2c0376fa40cd,npds,/home/divya/projects/IndianANPR/data/processed/npds_leakage_safe/images/train/V_P_I_3507_jpg.rf.d1b4a098c2326afd472f2c0376fa40cd.jpg,/home/divya/projects/IndianANPR/data/processed/npds_leakage_safe/labels/train/V_P_I_3507_jpg.rf.d1b4a098c2326afd472f2c0376fa40cd.txt,0,1
npds_00783_V_P_I_713_jpg.rf.05f4c83d1ad47abf934a12b6f6bf6811,npds,/home/divya/projects/IndianANPR/data/processed/npds_leakage_safe/images/train/V_P_I_713_jpg.rf.05f4c83d1ad47abf934a12b6f6bf6811.jpg,/home/divya/projects/IndianANPR/data/processed/npds_leakage_safe/labels/train/V_P_I_713_jpg.rf.05f4c83d1ad47abf934a12b6f6bf6811.txt,0,1
npds_00784_V_P_I_390_jpg.rf.2842af07010a5b958c943d46a25b1020,npds,/home/divya/projects/IndianANPR/data/processed/npds_leakage_safe/images/train/V_P_I_390_jpg.rf.2842af07010a5b958c943d46a25b1020.jpg,/home/divya/projects/IndianANPR/data/processed/npds_leakage_safe/labels/train/V_P_I_390_jpg.rf.2842af07010a5b958c943d46a25b1020.txt,0,1
npds_00785_V_P_I_985_jpg.rf.39c28461911cb48714c5ddbbe1583170,npds,/home/divya/projects/IndianANPR/data/processed/npds_leakage_safe/images/train/V_P_I_985_jpg.rf.39c28461911cb48714c5ddbbe1583170.jpg,/home/divya/projects/IndianANPR/data/processed/npds_leakage_safe/labels/train/V_P_I_985_jpg.rf.39c28461911cb48714c5ddbbe1583170.txt,0,1
npds_00786_V_P_I_1362_jpg.rf.377d392cc267069c6c63439c85217b2c,npds,/home/divya/projects/IndianANPR/data/processed/npds_leakage_safe/images/train/V_P_I_1362_jpg.rf.377d392cc267069c6c63439c85217b2c.jpg,/home/divya/projects/IndianANPR/data/processed/npds_leakage_safe/labels/train/V_P_I_1362_jpg.rf.377d392cc267069c6c63439c85217b2c.txt,0,1
npds_00787_V_P_I_423_jpg.rf.edf4dffaa9bf4eec5dfec6127995bffe,npds,/home/divya/projects/IndianANPR/data/processed/npds_leakage_safe/images/train/V_P_I_423_jpg.rf.edf4dffaa9bf4eec5dfec6127995bffe.jpg,/home/divya/projects/IndianANPR/data/processed/npds_leakage_safe/labels/train/V_P_I_423_jpg.rf.edf4dffaa9bf4eec5dfec6127995bffe.txt,0,1
npds_00788_V_P_I_2421_jpg.rf.ccbff09b54c352571b32a9436a2c6ad5,npds,/home/divya/projects/IndianANPR/data/processed/npds_leakage_safe/images/train/V_P_I_2421_jpg.rf.ccbff09b54c352571b32a9436a2c6ad5.jpg,/home/divya/projects/IndianANPR/data/processed/npds_leakage_safe/labels/train/V_P_I_2421_jpg.rf.ccbff09b54c352571b32a9436a2c6ad5.txt,0,1
npds_00789_V_P_I_1716_jpg.rf.afadf521d0025c5bb093ff800ce035e7,npds,/home/divya/projects/IndianANPR/data/processed/npds_leakage_safe/images/train/V_P_I_1716_jpg.rf.afadf521d0025c5bb093ff800ce035e7.jpg,/home/divya/projects/IndianANPR/data/processed/npds_leakage_safe/labels/train/V_P_I_1716_jpg.rf.afadf521d0025c5bb093ff800ce035e7.txt,0,1
npds_00790_V_P_I_157_jpg.rf.b4da0c923c8f466c93b5c862633c919b,npds,/home/divya/projects/IndianANPR/data/processed/npds_leakage_safe/images/train/V_P_I_157_jpg.rf.b4da0c923c8f466c93b5c862633c919b.jpg,/home/divya/projects/IndianANPR/data/processed/npds_leakage_safe/labels/train/V_P_I_157_jpg.rf.b4da0c923c8f466c93b5c862633c919b.txt,0,1
npds_00791_V_P_I_514_jpg.rf.b875c3cdba30ec6a26a407f5628f069d,npds,/home/divya/projects/IndianANPR/data/processed/npds_leakage_safe/images/train/V_P_I_514_jpg.rf.b875c3cdba30ec6a26a407f5628f069d.jpg,/home/divya/projects/IndianANPR/data/processed/npds_leakage_safe/labels/train/V_P_I_514_jpg.rf.b875c3cdba30ec6a26a407f5628f069d.txt,0,1
npds_00792_V_P_I_3304_jpg.rf.ad431e993115e42928d7e1750824b3a5,npds,/home/divya/projects/IndianANPR/data/processed/npds_leakage_safe/images/train/V_P_I_3304_jpg.rf.ad431e993115e42928d7e1750824b3a5.jpg,/home/divya/projects/IndianANPR/data/processed/npds_leakage_safe/labels/train/V_P_I_3304_jpg.rf.ad431e993115e42928d7e1750824b3a5.txt,0,1
npds_00793_V_P_I_2724_jpg.rf.5c38c49e7aa97083ef45102cefa98ba1,npds,/home/divya/projects/IndianANPR/data/processed/npds_leakage_safe/images/train/V_P_I_2724_jpg.rf.5c38c49e7aa97083ef45102cefa98ba1.jpg,/home/divya/projects/IndianANPR/data/processed/npds_leakage_safe/labels/train/V_P_I_2724_jpg.rf.5c38c49e7aa97083ef45102cefa98ba1.txt,0,1
npds_00794_V_P_I_2544_jpg.rf.c12b4d036c33911ae34831a7e53cad30,npds,/home/divya/projects/IndianANPR/data/processed/npds_leakage_safe/images/train/V_P_I_2544_jpg.rf.c12b4d036c33911ae34831a7e53cad30.jpg,/home/divya/projects/IndianANPR/data/processed/npds_leakage_safe/labels/train/V_P_I_2544_jpg.rf.c12b4d036c33911ae34831a7e53cad30.txt,0,1
npds_00795_V_P_I_1163_jpg.rf.ffd20bb06a27a06d94e730c3b6685ac0,npds,/home/divya/projects/IndianANPR/data/processed/npds_leakage_safe/images/train/V_P_I_1163_jpg.rf.ffd20bb06a27a06d94e730c3b6685ac0.jpg,/home/divya/projects/IndianANPR/data/processed/npds_leakage_safe/labels/train/V_P_I_1163_jpg.rf.ffd20bb06a27a06d94e730c3b6685ac0.txt,0,1
npds_00796_V_P_I_2847_jpg.rf.560089ab05e3600c99d09948f32a21f3,npds,/home/divya/projects/IndianANPR/data/processed/npds_leakage_safe/images/train/V_P_I_2847_jpg.rf.560089ab05e3600c99d09948f32a21f3.jpg,/home/divya/projects/IndianANPR/data/processed/npds_leakage_safe/labels/train/V_P_I_2847_jpg.rf.560089ab05e3600c99d09948f32a21f3.txt,0,1
npds_00797_V_P_I_1817_jpg.rf.28fa965d0278381918de87399a444210,npds,/home/divya/projects/IndianANPR/data/processed/npds_leakage_safe/images/train/V_P_I_1817_jpg.rf.28fa965d0278381918de87399a444210.jpg,/home/divya/projects/IndianANPR/data/processed/npds_leakage_safe/labels/train/V_P_I_1817_jpg.rf.28fa965d0278381918de87399a444210.txt,0,1
npds_00798_V_P_I_664_jpg.rf.afbe8f49a2343419083376ef1dd23e6d,npds,/home/divya/projects/IndianANPR/data/processed/npds_leakage_safe/images/train/V_P_I_664_jpg.rf.afbe8f49a2343419083376ef1dd23e6d.jpg,/home/divya/projects/IndianANPR/data/processed/npds_leakage_safe/labels/train/V_P_I_664_jpg.rf.afbe8f49a2343419083376ef1dd23e6d.txt,0,1
npds_00799_V_P_I_1412_jpg.rf.cb41a57e98f9383b03bf47d2327a34ed,npds,/home/divya/projects/IndianANPR/data/processed/npds_leakage_safe/images/train/V_P_I_1412_jpg.rf.cb41a57e98f9383b03bf47d2327a34ed.jpg,/home/divya/projects/IndianANPR/data/processed/npds_leakage_safe/labels/train/V_P_I_1412_jpg.rf.cb41a57e98f9383b03bf47d2327a34ed.txt,0,1
npds_00800_V_P_I_2518_jpg.rf.8fd882ed61dc2f9a9161dc96f9da2fc5,npds,/home/divya/projects/IndianANPR/data/processed/npds_leakage_safe/images/train/V_P_I_2518_jpg.rf.8fd882ed61dc2f9a9161dc96f9da2fc5.jpg,/home/divya/projects/IndianANPR/data/processed/npds_leakage_safe/labels/train/V_P_I_2518_jpg.rf.8fd882ed61dc2f9a9161dc96f9da2fc5.txt,0,1
npds_00801_V_P_I_1447_jpg.rf.fa14927f92273e2803078517654cf9c8,npds,/home/divya/projects/IndianANPR/data/processed/npds_leakage_safe/images/train/V_P_I_1447_jpg.rf.fa14927f92273e2803078517654cf9c8.jpg,/home/divya/projects/IndianANPR/data/processed/npds_leakage_safe/labels/train/V_P_I_1447_jpg.rf.fa14927f92273e2803078517654cf9c8.txt,0,1
npds_00802_V_P_I_503_jpg.rf.910d35fca62e9bfe0a36294c0704ceca,npds,/home/divya/projects/IndianANPR/data/processed/npds_leakage_safe/images/train/V_P_I_503_jpg.rf.910d35fca62e9bfe0a36294c0704ceca.jpg,/home/divya/projects/IndianANPR/data/processed/npds_leakage_safe/labels/train/V_P_I_503_jpg.rf.910d35fca62e9bfe0a36294c0704ceca.txt,0,1
npds_00803_V_P_I_2547_jpg.rf.7f1902f8626b8e6ae8e5d192b0239629,npds,/home/divya/projects/IndianANPR/data/processed/npds_leakage_safe/images/train/V_P_I_2547_jpg.rf.7f1902f8626b8e6ae8e5d192b0239629.jpg,/home/divya/projects/IndianANPR/data/processed/npds_leakage_safe/labels/train/V_P_I_2547_jpg.rf.7f1902f8626b8e6ae8e5d192b0239629.txt,0,1
npds_00804_V_P_I_3190_jpg.rf.e4369f22a59080bf6964f1ad6c038ff5,npds,/home/divya/projects/IndianANPR/data/processed/npds_leakage_safe/images/train/V_P_I_3190_jpg.rf.e4369f22a59080bf6964f1ad6c038ff5.jpg,/home/divya/projects/IndianANPR/data/processed/npds_leakage_safe/labels/train/V_P_I_3190_jpg.rf.e4369f22a59080bf6964f1ad6c038ff5.txt,0,1
npds_00805_V_P_I_2769_jpg.rf.18bead636da63eb180bfe833299545fb,npds,/home/divya/projects/IndianANPR/data/processed/npds_leakage_safe/images/train/V_P_I_2769_jpg.rf.18bead636da63eb180bfe833299545fb.jpg,/home/divya/projects/IndianANPR/data/processed/npds_leakage_safe/labels/train/V_P_I_2769_jpg.rf.18bead636da63eb180bfe833299545fb.txt,0,1
npds_00806_V_P_I_2850_jpg.rf.68b78e04ddb9f0c2e36b7326acc6a2ae,npds,/home/divya/projects/IndianANPR/data/processed/npds_leakage_safe/images/train/V_P_I_2850_jpg.rf.68b78e04ddb9f0c2e36b7326acc6a2ae.jpg,/home/divya/projects/IndianANPR/data/processed/npds_leakage_safe/labels/train/V_P_I_2850_jpg.rf.68b78e04ddb9f0c2e36b7326acc6a2ae.txt,0,1
npds_00807_V_P_I_2968_jpg.rf.4753783680dd763aeb4106187118cab4,npds,/home/divya/projects/IndianANPR/data/processed/npds_leakage_safe/images/train/V_P_I_2968_jpg.rf.4753783680dd763aeb4106187118cab4.jpg,/home/divya/projects/IndianANPR/data/processed/npds_leakage_safe/labels/train/V_P_I_2968_jpg.rf.4753783680dd763aeb4106187118cab4.txt,0,1
npds_00808_V_P_I_2079_jpg.rf.c7bf2c7c2ab11d5b8a80f0fa3e24e2ae,npds,/home/divya/projects/IndianANPR/data/processed/npds_leakage_safe/images/train/V_P_I_2079_jpg.rf.c7bf2c7c2ab11d5b8a80f0fa3e24e2ae.jpg,/home/divya/projects/IndianANPR/data/processed/npds_leakage_safe/labels/train/V_P_I_2079_jpg.rf.c7bf2c7c2ab11d5b8a80f0fa3e24e2ae.txt,0,1
npds_00809_V_P_I_943_jpg.rf.1181c56f434a0422257306d493c4596d,npds,/home/divya/projects/IndianANPR/data/processed/npds_leakage_safe/images/train/V_P_I_943_jpg.rf.1181c56f434a0422257306d493c4596d.jpg,/home/divya/projects/IndianANPR/data/processed/npds_leakage_safe/labels/train/V_P_I_943_jpg.rf.1181c56f434a0422257306d493c4596d.txt,0,1
npds_00810_V_P_I_829_jpg.rf.54e342725959f830ee05da24b62ff748,npds,/home/divya/projects/IndianANPR/data/processed/npds_leakage_safe/images/train/V_P_I_829_jpg.rf.54e342725959f830ee05da24b62ff748.jpg,/home/divya/projects/IndianANPR/data/processed/npds_leakage_safe/labels/train/V_P_I_829_jpg.rf.54e342725959f830ee05da24b62ff748.txt,0,1
npds_00811_V_P_I_2476_jpg.rf.2be466b9376364b5ffa6e851903e76b1,npds,/home/divya/projects/IndianANPR/data/processed/npds_leakage_safe/images/train/V_P_I_2476_jpg.rf.2be466b9376364b5ffa6e851903e76b1.jpg,/home/divya/projects/IndianANPR/data/processed/npds_leakage_safe/labels/train/V_P_I_2476_jpg.rf.2be466b9376364b5ffa6e851903e76b1.txt,0,1
npds_00812_V_P_I_3013_jpg.rf.527ea09639f4137908ede0f7b55d7629,npds,/home/divya/projects/IndianANPR/data/processed/npds_leakage_safe/images/train/V_P_I_3013_jpg.rf.527ea09639f4137908ede0f7b55d7629.jpg,/home/divya/projects/IndianANPR/data/processed/npds_leakage_safe/labels/train/V_P_I_3013_jpg.rf.527ea09639f4137908ede0f7b55d7629.txt,0,1
npds_00813_V_P_I_556_jpg.rf.c30806d0d03641c07ee43f01ada20181,npds,/home/divya/projects/IndianANPR/data/processed/npds_leakage_safe/images/train/V_P_I_556_jpg.rf.c30806d0d03641c07ee43f01ada20181.jpg,/home/divya/projects/IndianANPR/data/processed/npds_leakage_safe/labels/train/V_P_I_556_jpg.rf.c30806d0d03641c07ee43f01ada20181.txt,0,1
npds_00814_V_P_I_3386_jpg.rf.066658851d07da2bf28a6beeb88e05ba,npds,/home/divya/projects/IndianANPR/data/processed/npds_leakage_safe/images/train/V_P_I_3386_jpg.rf.066658851d07da2bf28a6beeb88e05ba.jpg,/home/divya/projects/IndianANPR/data/processed/npds_leakage_safe/labels/train/V_P_I_3386_jpg.rf.066658851d07da2bf28a6beeb88e05ba.txt,0,2
npds_00815_V_P_I_82_jpg.rf.ce9004e83e37fb04a1f5b08c71110eaf,npds,/home/divya/projects/IndianANPR/data/processed/npds_leakage_safe/images/train/V_P_I_82_jpg.rf.ce9004e83e37fb04a1f5b08c71110eaf.jpg,/home/divya/projects/IndianANPR/data/processed/npds_leakage_safe/labels/train/V_P_I_82_jpg.rf.ce9004e83e37fb04a1f5b08c71110eaf.txt,0,1
npds_00816_V_P_I_2686_jpg.rf.221418f375f325520044f845d20790be,npds,/home/divya/projects/IndianANPR/data/processed/npds_leakage_safe/images/train/V_P_I_2686_jpg.rf.221418f375f325520044f845d20790be.jpg,/home/divya/projects/IndianANPR/data/processed/npds_leakage_safe/labels/train/V_P_I_2686_jpg.rf.221418f375f325520044f845d20790be.txt,0,1
npds_00817_V_P_I_2425_jpg.rf.b1457b4fe4a68028a12c3fa33d320ad6,npds,/home/divya/projects/IndianANPR/data/processed/npds_leakage_safe/images/train/V_P_I_2425_jpg.rf.b1457b4fe4a68028a12c3fa33d320ad6.jpg,/home/divya/projects/IndianANPR/data/processed/npds_leakage_safe/labels/train/V_P_I_2425_jpg.rf.b1457b4fe4a68028a12c3fa33d320ad6.txt,0,1
npds_00818_V_P_I_605_jpg.rf.a0cfb7dc89c8fb1e599b406951501ffa,npds,/home/divya/projects/IndianANPR/data/processed/npds_leakage_safe/images/train/V_P_I_605_jpg.rf.a0cfb7dc89c8fb1e599b406951501ffa.jpg,/home/divya/projects/IndianANPR/data/processed/npds_leakage_safe/labels/train/V_P_I_605_jpg.rf.a0cfb7dc89c8fb1e599b406951501ffa.txt,0,2
npds_00819_V_P_I_2817_jpg.rf.f4c5a5c40a643c9153105faa0e50d1f7,npds,/home/divya/projects/IndianANPR/data/processed/npds_leakage_safe/images/train/V_P_I_2817_jpg.rf.f4c5a5c40a643c9153105faa0e50d1f7.jpg,/home/divya/projects/IndianANPR/data/processed/npds_leakage_safe/labels/train/V_P_I_2817_jpg.rf.f4c5a5c40a643c9153105faa0e50d1f7.txt,0,1
npds_00820_V_P_I_2487_jpg.rf.b6e285fc8afe0792e1965862553ab7c8,npds,/home/divya/projects/IndianANPR/data/processed/npds_leakage_safe/images/train/V_P_I_2487_jpg.rf.b6e285fc8afe0792e1965862553ab7c8.jpg,/home/divya/projects/IndianANPR/data/processed/npds_leakage_safe/labels/train/V_P_I_2487_jpg.rf.b6e285fc8afe0792e1965862553ab7c8.txt,0,1
npds_00821_V_P_I_1525_jpg.rf.e25e5f1d533d78292306698490c163c9,npds,/home/divya/projects/IndianANPR/data/processed/npds_leakage_safe/images/train/V_P_I_1525_jpg.rf.e25e5f1d533d78292306698490c163c9.jpg,/home/divya/projects/IndianANPR/data/processed/npds_leakage_safe/labels/train/V_P_I_1525_jpg.rf.e25e5f1d533d78292306698490c163c9.txt,0,1
npds_00822_V_P_I_347_jpg.rf.bea1f52ef588bc2e013e5073100002a1,npds,/home/divya/projects/IndianANPR/data/processed/npds_leakage_safe/images/train/V_P_I_347_jpg.rf.bea1f52ef588bc2e013e5073100002a1.jpg,/home/divya/projects/IndianANPR/data/processed/npds_leakage_safe/labels/train/V_P_I_347_jpg.rf.bea1f52ef588bc2e013e5073100002a1.txt,0,2
npds_00823_V_P_I_717_jpg.rf.49db0e5ce0a8498acdf4efaaa095daa2,npds,/home/divya/projects/IndianANPR/data/processed/npds_leakage_safe/images/train/V_P_I_717_jpg.rf.49db0e5ce0a8498acdf4efaaa095daa2.jpg,/home/divya/projects/IndianANPR/data/processed/npds_leakage_safe/labels/train/V_P_I_717_jpg.rf.49db0e5ce0a8498acdf4efaaa095daa2.txt,0,1
npds_00824_V_P_I_2580_jpg.rf.4f2de5e347ad3727748507454b3b6afa,npds,/home/divya/projects/IndianANPR/data/processed/npds_leakage_safe/images/train/V_P_I_2580_jpg.rf.4f2de5e347ad3727748507454b3b6afa.jpg,/home/divya/projects/IndianANPR/data/processed/npds_leakage_safe/labels/train/V_P_I_2580_jpg.rf.4f2de5e347ad3727748507454b3b6afa.txt,0,1
npds_00825_V_P_I_2497_jpg.rf.b820c885fd8bb16d0bda1ee1e645edbb,npds,/home/divya/projects/IndianANPR/data/processed/npds_leakage_safe/images/train/V_P_I_2497_jpg.rf.b820c885fd8bb16d0bda1ee1e645edbb.jpg,/home/divya/projects/IndianANPR/data/processed/npds_leakage_safe/labels/train/V_P_I_2497_jpg.rf.b820c885fd8bb16d0bda1ee1e645edbb.txt,0,1
npds_00826_V_P_I_1858_jpg.rf.aacb6f25fdd7179c43f37a8354196905,npds,/home/divya/projects/IndianANPR/data/processed/npds_leakage_safe/images/train/V_P_I_1858_jpg.rf.aacb6f25fdd7179c43f37a8354196905.jpg,/home/divya/projects/IndianANPR/data/processed/npds_leakage_safe/labels/train/V_P_I_1858_jpg.rf.aacb6f25fdd7179c43f37a8354196905.txt,0,1
npds_00827_V_P_I_3510_jpg.rf.7c026a5991ccb25e82d6ad0cc48335db,npds,/home/divya/projects/IndianANPR/data/processed/npds_leakage_safe/images/train/V_P_I_3510_jpg.rf.7c026a5991ccb25e82d6ad0cc48335db.jpg,/home/divya/projects/IndianANPR/data/processed/npds_leakage_safe/labels/train/V_P_I_3510_jpg.rf.7c026a5991ccb25e82d6ad0cc48335db.txt,0,1
npds_00828_V_P_I_1812_jpg.rf.a03b0e290a95198cf8c6042c5d27b98e,npds,/home/divya/projects/IndianANPR/data/processed/npds_leakage_safe/images/train/V_P_I_1812_jpg.rf.a03b0e290a95198cf8c6042c5d27b98e.jpg,/home/divya/projects/IndianANPR/data/processed/npds_leakage_safe/labels/train/V_P_I_1812_jpg.rf.a03b0e290a95198cf8c6042c5d27b98e.txt,0,1
npds_00829_V_P_I_633_jpg.rf.fc6b99cded8fa796e6bea4ae23fd781e,npds,/home/divya/projects/IndianANPR/data/processed/npds_leakage_safe/images/train/V_P_I_633_jpg.rf.fc6b99cded8fa796e6bea4ae23fd781e.jpg,/home/divya/projects/IndianANPR/data/processed/npds_leakage_safe/labels/train/V_P_I_633_jpg.rf.fc6b99cded8fa796e6bea4ae23fd781e.txt,0,1
npds_00830_V_P_I_3091_jpg.rf.6e98cc6c4a2a793ddbc947d0441cda78,npds,/home/divya/projects/IndianANPR/data/processed/npds_leakage_safe/images/train/V_P_I_3091_jpg.rf.6e98cc6c4a2a793ddbc947d0441cda78.jpg,/home/divya/projects/IndianANPR/data/processed/npds_leakage_safe/labels/train/V_P_I_3091_jpg.rf.6e98cc6c4a2a793ddbc947d0441cda78.txt,0,1
npds_00831_V_P_I_1920_jpg.rf.65c6381ae3a69d67e99c14a4d1b8469b,npds,/home/divya/projects/IndianANPR/data/processed/npds_leakage_safe/images/train/V_P_I_1920_jpg.rf.65c6381ae3a69d67e99c14a4d1b8469b.jpg,/home/divya/projects/IndianANPR/data/processed/npds_leakage_safe/labels/train/V_P_I_1920_jpg.rf.65c6381ae3a69d67e99c14a4d1b8469b.txt,0,1
npds_00832_V_P_I_946_jpg.rf.d990f3098d1bb15a6e1ae742c6f80b6e,npds,/home/divya/projects/IndianANPR/data/processed/npds_leakage_safe/images/train/V_P_I_946_jpg.rf.d990f3098d1bb15a6e1ae742c6f80b6e.jpg,/home/divya/projects/IndianANPR/data/processed/npds_leakage_safe/labels/train/V_P_I_946_jpg.rf.d990f3098d1bb15a6e1ae742c6f80b6e.txt,0,1
npds_00833_V_P_I_421_jpg.rf.5494857c7359fd19395f531b0cf9b88e,npds,/home/divya/projects/IndianANPR/data/processed/npds_leakage_safe/images/train/V_P_I_421_jpg.rf.5494857c7359fd19395f531b0cf9b88e.jpg,/home/divya/projects/IndianANPR/data/processed/npds_leakage_safe/labels/train/V_P_I_421_jpg.rf.5494857c7359fd19395f531b0cf9b88e.txt,0,1
npds_00834_V_P_I_2732_jpg.rf.d3e98af04c24173c8d9cc98617185b7d,npds,/home/divya/projects/IndianANPR/data/processed/npds_leakage_safe/images/train/V_P_I_2732_jpg.rf.d3e98af04c24173c8d9cc98617185b7d.jpg,/home/divya/projects/IndianANPR/data/processed/npds_leakage_safe/labels/train/V_P_I_2732_jpg.rf.d3e98af04c24173c8d9cc98617185b7d.txt,0,1
npds_00835_V_P_I_2607_jpg.rf.70677c24c529377d499da27e78602fb0,npds,/home/divya/projects/IndianANPR/data/processed/npds_leakage_safe/images/train/V_P_I_2607_jpg.rf.70677c24c529377d499da27e78602fb0.jpg,/home/divya/projects/IndianANPR/data/processed/npds_leakage_safe/labels/train/V_P_I_2607_jpg.rf.70677c24c529377d499da27e78602fb0.txt,0,1
npds_00836_V_P_I_3057_jpg.rf.6098f9228fa69257fca9cabdef3303b1,npds,/home/divya/projects/IndianANPR/data/processed/npds_leakage_safe/images/train/V_P_I_3057_jpg.rf.6098f9228fa69257fca9cabdef3303b1.jpg,/home/divya/projects/IndianANPR/data/processed/npds_leakage_safe/labels/train/V_P_I_3057_jpg.rf.6098f9228fa69257fca9cabdef3303b1.txt,0,1
npds_00837_V_P_I_1783_jpg.rf.e774f49f9b62e19540d7e9486e52d093,npds,/home/divya/projects/IndianANPR/data/processed/npds_leakage_safe/images/train/V_P_I_1783_jpg.rf.e774f49f9b62e19540d7e9486e52d093.jpg,/home/divya/projects/IndianANPR/data/processed/npds_leakage_safe/labels/train/V_P_I_1783_jpg.rf.e774f49f9b62e19540d7e9486e52d093.txt,0,1
npds_00838_V_P_I_1914_jpg.rf.388df03dc4db3c7b097df468bbea8048,npds,/home/divya/projects/IndianANPR/data/processed/npds_leakage_safe/images/train/V_P_I_1914_jpg.rf.388df03dc4db3c7b097df468bbea8048.jpg,/home/divya/projects/IndianANPR/data/processed/npds_leakage_safe/labels/train/V_P_I_1914_jpg.rf.388df03dc4db3c7b097df468bbea8048.txt,0,1
npds_00839_V_P_I_2466_jpg.rf.3888f4f694e76ad1d1ba0c3971255b9e,npds,/home/divya/projects/IndianANPR/data/processed/npds_leakage_safe/images/train/V_P_I_2466_jpg.rf.3888f4f694e76ad1d1ba0c3971255b9e.jpg,/home/divya/projects/IndianANPR/data/processed/npds_leakage_safe/labels/train/V_P_I_2466_jpg.rf.3888f4f694e76ad1d1ba0c3971255b9e.txt,0,1
npds_00840_V_P_I_1269_jpg.rf.f6cbf416c851c52fa95da138c83a6df5,npds,/home/divya/projects/IndianANPR/data/processed/npds_leakage_safe/images/train/V_P_I_1269_jpg.rf.f6cbf416c851c52fa95da138c83a6df5.jpg,/home/divya/projects/IndianANPR/data/processed/npds_leakage_safe/labels/train/V_P_I_1269_jpg.rf.f6cbf416c851c52fa95da138c83a6df5.txt,0,1
npds_00841_V_P_I_3367_jpg.rf.efa4595435f28509bfeb17b42c5c7ce0,npds,/home/divya/projects/IndianANPR/data/processed/npds_leakage_safe/images/train/V_P_I_3367_jpg.rf.efa4595435f28509bfeb17b42c5c7ce0.jpg,/home/divya/projects/IndianANPR/data/processed/npds_leakage_safe/labels/train/V_P_I_3367_jpg.rf.efa4595435f28509bfeb17b42c5c7ce0.txt,0,1
npds_00842_V_P_I_1963_jpg.rf.986a3bf2c2bf3fe8d8c8302b1f2d2846,npds,/home/divya/projects/IndianANPR/data/processed/npds_leakage_safe/images/train/V_P_I_1963_jpg.rf.986a3bf2c2bf3fe8d8c8302b1f2d2846.jpg,/home/divya/projects/IndianANPR/data/processed/npds_leakage_safe/labels/train/V_P_I_1963_jpg.rf.986a3bf2c2bf3fe8d8c8302b1f2d2846.txt,0,1
npds_00843_V_P_I_1771_jpg.rf.2f82c7caff03509e9e2e7d80dd3cd3c5,npds,/home/divya/projects/IndianANPR/data/processed/npds_leakage_safe/images/train/V_P_I_1771_jpg.rf.2f82c7caff03509e9e2e7d80dd3cd3c5.jpg,/home/divya/projects/IndianANPR/data/processed/npds_leakage_safe/labels/train/V_P_I_1771_jpg.rf.2f82c7caff03509e9e2e7d80dd3cd3c5.txt,0,1
npds_00844_V_P_I_189_jpg.rf.2773878c747ac33890a37a0165b6aa8f,npds,/home/divya/projects/IndianANPR/data/processed/npds_leakage_safe/images/train/V_P_I_189_jpg.rf.2773878c747ac33890a37a0165b6aa8f.jpg,/home/divya/projects/IndianANPR/data/processed/npds_leakage_safe/labels/train/V_P_I_189_jpg.rf.2773878c747ac33890a37a0165b6aa8f.txt,0,1
npds_00845_V_P_I_2134_jpg.rf.156a147756def1ebf1944a4597520338,npds,/home/divya/projects/IndianANPR/data/processed/npds_leakage_safe/images/train/V_P_I_2134_jpg.rf.156a147756def1ebf1944a4597520338.jpg,/home/divya/projects/IndianANPR/data/processed/npds_leakage_safe/labels/train/V_P_I_2134_jpg.rf.156a147756def1ebf1944a4597520338.txt,0,1
npds_00846_V_P_I_2084_jpg.rf.99e771726d0aa181c9d0599e1168ac8e,npds,/home/divya/projects/IndianANPR/data/processed/npds_leakage_safe/images/train/V_P_I_2084_jpg.rf.99e771726d0aa181c9d0599e1168ac8e.jpg,/home/divya/projects/IndianANPR/data/processed/npds_leakage_safe/labels/train/V_P_I_2084_jpg.rf.99e771726d0aa181c9d0599e1168ac8e.txt,0,1
npds_00847_V_P_I_2799_jpg.rf.58bfa32154ecd587d1c15d3052c02fa4,npds,/home/divya/projects/IndianANPR/data/processed/npds_leakage_safe/images/train/V_P_I_2799_jpg.rf.58bfa32154ecd587d1c15d3052c02fa4.jpg,/home/divya/projects/IndianANPR/data/processed/npds_leakage_safe/labels/train/V_P_I_2799_jpg.rf.58bfa32154ecd587d1c15d3052c02fa4.txt,0,1
npds_00848_V_P_I_1281_jpg.rf.6299fb7e1a2f94e93d5e6b3c39e80c87,npds,/home/divya/projects/IndianANPR/data/processed/npds_leakage_safe/images/train/V_P_I_1281_jpg.rf.6299fb7e1a2f94e93d5e6b3c39e80c87.jpg,/home/divya/projects/IndianANPR/data/processed/npds_leakage_safe/labels/train/V_P_I_1281_jpg.rf.6299fb7e1a2f94e93d5e6b3c39e80c87.txt,0,1
npds_00849_V_P_I_1462_jpg.rf.03d515121986eb7f05f01c788b50be60,npds,/home/divya/projects/IndianANPR/data/processed/npds_leakage_safe/images/train/V_P_I_1462_jpg.rf.03d515121986eb7f05f01c788b50be60.jpg,/home/divya/projects/IndianANPR/data/processed/npds_leakage_safe/labels/train/V_P_I_1462_jpg.rf.03d515121986eb7f05f01c788b50be60.txt,0,1
npds_00850_V_P_I_1500_jpg.rf.045122ad9adcbdd601b721a3f1a78ef2,npds,/home/divya/projects/IndianANPR/data/processed/npds_leakage_safe/images/train/V_P_I_1500_jpg.rf.045122ad9adcbdd601b721a3f1a78ef2.jpg,/home/divya/projects/IndianANPR/data/processed/npds_leakage_safe/labels/train/V_P_I_1500_jpg.rf.045122ad9adcbdd601b721a3f1a78ef2.txt,0,1
npds_00851_V_P_I_1761_jpg.rf.b563a407081b797a21987e37b9ee847f,npds,/home/divya/projects/IndianANPR/data/processed/npds_leakage_safe/images/train/V_P_I_1761_jpg.rf.b563a407081b797a21987e37b9ee847f.jpg,/home/divya/projects/IndianANPR/data/processed/npds_leakage_safe/labels/train/V_P_I_1761_jpg.rf.b563a407081b797a21987e37b9ee847f.txt,0,1
npds_00852_V_P_I_2293_jpg.rf.e5e6ea3063d13e7b893b25df954770ac,npds,/home/divya/projects/IndianANPR/data/processed/npds_leakage_safe/images/train/V_P_I_2293_jpg.rf.e5e6ea3063d13e7b893b25df954770ac.jpg,/home/divya/projects/IndianANPR/data/processed/npds_leakage_safe/labels/train/V_P_I_2293_jpg.rf.e5e6ea3063d13e7b893b25df954770ac.txt,0,1
npds_00853_V_P_I_3292_jpg.rf.f6eaf20c46233b46e447b2a6055dc159,npds,/home/divya/projects/IndianANPR/data/processed/npds_leakage_safe/images/train/V_P_I_3292_jpg.rf.f6eaf20c46233b46e447b2a6055dc159.jpg,/home/divya/projects/IndianANPR/data/processed/npds_leakage_safe/labels/train/V_P_I_3292_jpg.rf.f6eaf20c46233b46e447b2a6055dc159.txt,0,1
npds_00854_V_P_I_1506_jpg.rf.1cb881966d2b1b1dd7064e20b6760f24,npds,/home/divya/projects/IndianANPR/data/processed/npds_leakage_safe/images/train/V_P_I_1506_jpg.rf.1cb881966d2b1b1dd7064e20b6760f24.jpg,/home/divya/projects/IndianANPR/data/processed/npds_leakage_safe/labels/train/V_P_I_1506_jpg.rf.1cb881966d2b1b1dd7064e20b6760f24.txt,0,1
npds_00855_V_P_I_3345_jpg.rf.c63aa60d1aaebc145df8010bde61aca5,npds,/home/divya/projects/IndianANPR/data/processed/npds_leakage_safe/images/train/V_P_I_3345_jpg.rf.c63aa60d1aaebc145df8010bde61aca5.jpg,/home/divya/projects/IndianANPR/data/processed/npds_leakage_safe/labels/train/V_P_I_3345_jpg.rf.c63aa60d1aaebc145df8010bde61aca5.txt,0,2
npds_00856_V_P_I_1699_jpg.rf.5de0befdaf29010e7c5c5de29283f33e,npds,/home/divya/projects/IndianANPR/data/processed/npds_leakage_safe/images/train/V_P_I_1699_jpg.rf.5de0befdaf29010e7c5c5de29283f33e.jpg,/home/divya/projects/IndianANPR/data/processed/npds_leakage_safe/labels/train/V_P_I_1699_jpg.rf.5de0befdaf29010e7c5c5de29283f33e.txt,0,1
npds_00857_V_P_I_120_jpg.rf.41bb9ecf12ad32256f1cd95c2e335fb0,npds,/home/divya/projects/IndianANPR/data/processed/npds_leakage_safe/images/train/V_P_I_120_jpg.rf.41bb9ecf12ad32256f1cd95c2e335fb0.jpg,/home/divya/projects/IndianANPR/data/processed/npds_leakage_safe/labels/train/V_P_I_120_jpg.rf.41bb9ecf12ad32256f1cd95c2e335fb0.txt,0,1
npds_00858_V_P_I_2385_jpg.rf.9e736f869ce0c9cb1b29d1617636904c,npds,/home/divya/projects/IndianANPR/data/processed/npds_leakage_safe/images/train/V_P_I_2385_jpg.rf.9e736f869ce0c9cb1b29d1617636904c.jpg,/home/divya/projects/IndianANPR/data/processed/npds_leakage_safe/labels/train/V_P_I_2385_jpg.rf.9e736f869ce0c9cb1b29d1617636904c.txt,0,1
npds_00859_V_P_I_2367_jpg.rf.c60b9dbc14eb44811302394260e6f937,npds,/home/divya/projects/IndianANPR/data/processed/npds_leakage_safe/images/train/V_P_I_2367_jpg.rf.c60b9dbc14eb44811302394260e6f937.jpg,/home/divya/projects/IndianANPR/data/processed/npds_leakage_safe/labels/train/V_P_I_2367_jpg.rf.c60b9dbc14eb44811302394260e6f937.txt,0,1
npds_00860_V_P_I_2119_jpg.rf.fb7f27f7c50c14bfb641d083d0bb9927,npds,/home/divya/projects/IndianANPR/data/processed/npds_leakage_safe/images/train/V_P_I_2119_jpg.rf.fb7f27f7c50c14bfb641d083d0bb9927.jpg,/home/divya/projects/IndianANPR/data/processed/npds_leakage_safe/labels/train/V_P_I_2119_jpg.rf.fb7f27f7c50c14bfb641d083d0bb9927.txt,0,1
npds_00861_V_P_I_2803_jpg.rf.c7b38fab6f359cb71f19bce14a7b3159,npds,/home/divya/projects/IndianANPR/data/processed/npds_leakage_safe/images/train/V_P_I_2803_jpg.rf.c7b38fab6f359cb71f19bce14a7b3159.jpg,/home/divya/projects/IndianANPR/data/processed/npds_leakage_safe/labels/train/V_P_I_2803_jpg.rf.c7b38fab6f359cb71f19bce14a7b3159.txt,0,1
npds_00862_V_P_I_2554_jpg.rf.56d1ed365e9629657bef1990f5f8452b,npds,/home/divya/projects/IndianANPR/data/processed/npds_leakage_safe/images/train/V_P_I_2554_jpg.rf.56d1ed365e9629657bef1990f5f8452b.jpg,/home/divya/projects/IndianANPR/data/processed/npds_leakage_safe/labels/train/V_P_I_2554_jpg.rf.56d1ed365e9629657bef1990f5f8452b.txt,0,1
npds_00863_V_P_I_238_jpg.rf.96e8a1b3c2222b11a539e15e1137ee89,npds,/home/divya/projects/IndianANPR/data/processed/npds_leakage_safe/images/train/V_P_I_238_jpg.rf.96e8a1b3c2222b11a539e15e1137ee89.jpg,/home/divya/projects/IndianANPR/data/processed/npds_leakage_safe/labels/train/V_P_I_238_jpg.rf.96e8a1b3c2222b11a539e15e1137ee89.txt,0,1
npds_00864_V_P_I_1205_jpg.rf.1e7fc6a8b80441068a9abc054835c16a,npds,/home/divya/projects/IndianANPR/data/processed/npds_leakage_safe/images/train/V_P_I_1205_jpg.rf.1e7fc6a8b80441068a9abc054835c16a.jpg,/home/divya/projects/IndianANPR/data/processed/npds_leakage_safe/labels/train/V_P_I_1205_jpg.rf.1e7fc6a8b80441068a9abc054835c16a.txt,0,1
npds_00865_V_P_I_1680_jpg.rf.d5d58b9643b41c27ddb1f943823a9e7d,npds,/home/divya/projects/IndianANPR/data/processed/npds_leakage_safe/images/train/V_P_I_1680_jpg.rf.d5d58b9643b41c27ddb1f943823a9e7d.jpg,/home/divya/projects/IndianANPR/data/processed/npds_leakage_safe/labels/train/V_P_I_1680_jpg.rf.d5d58b9643b41c27ddb1f943823a9e7d.txt,0,2
npds_00866_V_P_I_612_jpg.rf.f8c89d27e0014a851ffe8f62e6dc1a0a,npds,/home/divya/projects/IndianANPR/data/processed/npds_leakage_safe/images/train/V_P_I_612_jpg.rf.f8c89d27e0014a851ffe8f62e6dc1a0a.jpg,/home/divya/projects/IndianANPR/data/processed/npds_leakage_safe/labels/train/V_P_I_612_jpg.rf.f8c89d27e0014a851ffe8f62e6dc1a0a.txt,0,1
npds_00867_V_P_I_2403_jpg.rf.faf12e727f3bfb763db1bbee87643586,npds,/home/divya/projects/IndianANPR/data/processed/npds_leakage_safe/images/train/V_P_I_2403_jpg.rf.faf12e727f3bfb763db1bbee87643586.jpg,/home/divya/projects/IndianANPR/data/processed/npds_leakage_safe/labels/train/V_P_I_2403_jpg.rf.faf12e727f3bfb763db1bbee87643586.txt,0,1
npds_00868_V_P_I_2315_jpg.rf.9cebdcb0b6bbfa793f236ddf570a1fea,npds,/home/divya/projects/IndianANPR/data/processed/npds_leakage_safe/images/train/V_P_I_2315_jpg.rf.9cebdcb0b6bbfa793f236ddf570a1fea.jpg,/home/divya/projects/IndianANPR/data/processed/npds_leakage_safe/labels/train/V_P_I_2315_jpg.rf.9cebdcb0b6bbfa793f236ddf570a1fea.txt,0,1
npds_00869_V_P_I_38_jpg.rf.e56e06fe60d3589a4d45492da58ad88d,npds,/home/divya/projects/IndianANPR/data/processed/npds_leakage_safe/images/train/V_P_I_38_jpg.rf.e56e06fe60d3589a4d45492da58ad88d.jpg,/home/divya/projects/IndianANPR/data/processed/npds_leakage_safe/labels/train/V_P_I_38_jpg.rf.e56e06fe60d3589a4d45492da58ad88d.txt,0,1
npds_00870_V_P_I_2927_jpg.rf.1e1e3e3afe706f3fe301b7f5d51b4ca3,npds,/home/divya/projects/IndianANPR/data/processed/npds_leakage_safe/images/train/V_P_I_2927_jpg.rf.1e1e3e3afe706f3fe301b7f5d51b4ca3.jpg,/home/divya/projects/IndianANPR/data/processed/npds_leakage_safe/labels/train/V_P_I_2927_jpg.rf.1e1e3e3afe706f3fe301b7f5d51b4ca3.txt,0,1
npds_00871_V_P_I_3304_jpg.rf.102aeee61b74b7e745d33d92bb0ed767,npds,/home/divya/projects/IndianANPR/data/processed/npds_leakage_safe/images/train/V_P_I_3304_jpg.rf.102aeee61b74b7e745d33d92bb0ed767.jpg,/home/divya/projects/IndianANPR/data/processed/npds_leakage_safe/labels/train/V_P_I_3304_jpg.rf.102aeee61b74b7e745d33d92bb0ed767.txt,0,1
npds_00872_V_P_I_1066_jpg.rf.4490aecd5578f5cfaa782e325b6cbd35,npds,/home/divya/projects/IndianANPR/data/processed/npds_leakage_safe/images/train/V_P_I_1066_jpg.rf.4490aecd5578f5cfaa782e325b6cbd35.jpg,/home/divya/projects/IndianANPR/data/processed/npds_leakage_safe/labels/train/V_P_I_1066_jpg.rf.4490aecd5578f5cfaa782e325b6cbd35.txt,0,1
npds_00873_V_P_I_701_jpg.rf.e544c9bb627b70e95a454f754738fdc6,npds,/home/divya/projects/IndianANPR/data/processed/npds_leakage_safe/images/train/V_P_I_701_jpg.rf.e544c9bb627b70e95a454f754738fdc6.jpg,/home/divya/projects/IndianANPR/data/processed/npds_leakage_safe/labels/train/V_P_I_701_jpg.rf.e544c9bb627b70e95a454f754738fdc6.txt,0,1
npds_00874_V_P_I_788_jpg.rf.3cb04b2667d81dbcd304c792c6ea62b7,npds,/home/divya/projects/IndianANPR/data/processed/npds_leakage_safe/images/train/V_P_I_788_jpg.rf.3cb04b2667d81dbcd304c792c6ea62b7.jpg,/home/divya/projects/IndianANPR/data/processed/npds_leakage_safe/labels/train/V_P_I_788_jpg.rf.3cb04b2667d81dbcd304c792c6ea62b7.txt,0,3
npds_00875_V_P_I_376_jpg.rf.d4de1636a2d333bdfa29a00b7a5dd0f7,npds,/home/divya/projects/IndianANPR/data/processed/npds_leakage_safe/images/train/V_P_I_376_jpg.rf.d4de1636a2d333bdfa29a00b7a5dd0f7.jpg,/home/divya/projects/IndianANPR/data/processed/npds_leakage_safe/labels/train/V_P_I_376_jpg.rf.d4de1636a2d333bdfa29a00b7a5dd0f7.txt,0,1
npds_00876_V_P_I_2900_jpg.rf.b50dd23bfc31bb3954d4d1e7e9d9c916,npds,/home/divya/projects/IndianANPR/data/processed/npds_leakage_safe/images/train/V_P_I_2900_jpg.rf.b50dd23bfc31bb3954d4d1e7e9d9c916.jpg,/home/divya/projects/IndianANPR/data/processed/npds_leakage_safe/labels/train/V_P_I_2900_jpg.rf.b50dd23bfc31bb3954d4d1e7e9d9c916.txt,0,1
npds_00877_V_P_I_2284_jpg.rf.8360ce2e113a75d7110dc7235c5d55e5,npds,/home/divya/projects/IndianANPR/data/processed/npds_leakage_safe/images/train/V_P_I_2284_jpg.rf.8360ce2e113a75d7110dc7235c5d55e5.jpg,/home/divya/projects/IndianANPR/data/processed/npds_leakage_safe/labels/train/V_P_I_2284_jpg.rf.8360ce2e113a75d7110dc7235c5d55e5.txt,0,1
npds_00878_V_P_I_2588_jpg.rf.60fd6bea94cd0c14224beb508499ffb3,npds,/home/divya/projects/IndianANPR/data/processed/npds_leakage_safe/images/train/V_P_I_2588_jpg.rf.60fd6bea94cd0c14224beb508499ffb3.jpg,/home/divya/projects/IndianANPR/data/processed/npds_leakage_safe/labels/train/V_P_I_2588_jpg.rf.60fd6bea94cd0c14224beb508499ffb3.txt,0,1
npds_00879_V_P_I_1023_jpg.rf.e1032897a30fa506d4f508507e405967,npds,/home/divya/projects/IndianANPR/data/processed/npds_leakage_safe/images/train/V_P_I_1023_jpg.rf.e1032897a30fa506d4f508507e405967.jpg,/home/divya/projects/IndianANPR/data/processed/npds_leakage_safe/labels/train/V_P_I_1023_jpg.rf.e1032897a30fa506d4f508507e405967.txt,0,1
npds_00880_V_P_I_2180_jpg.rf.6bbd6bef626510da1ed8bf34b2e715e6,npds,/home/divya/projects/IndianANPR/data/processed/npds_leakage_safe/images/train/V_P_I_2180_jpg.rf.6bbd6bef626510da1ed8bf34b2e715e6.jpg,/home/divya/projects/IndianANPR/data/processed/npds_leakage_safe/labels/train/V_P_I_2180_jpg.rf.6bbd6bef626510da1ed8bf34b2e715e6.txt,0,1
npds_00881_V_P_I_2002_jpg.rf.65d2e09e53062288e1d4917164010b50,npds,/home/divya/projects/IndianANPR/data/processed/npds_leakage_safe/images/train/V_P_I_2002_jpg.rf.65d2e09e53062288e1d4917164010b50.jpg,/home/divya/projects/IndianANPR/data/processed/npds_leakage_safe/labels/train/V_P_I_2002_jpg.rf.65d2e09e53062288e1d4917164010b50.txt,0,1
npds_00882_V_P_I_3515_jpg.rf.62f0e03e760fab4d706304ca90492bf2,npds,/home/divya/projects/IndianANPR/data/processed/npds_leakage_safe/images/train/V_P_I_3515_jpg.rf.62f0e03e760fab4d706304ca90492bf2.jpg,/home/divya/projects/IndianANPR/data/processed/npds_leakage_safe/labels/train/V_P_I_3515_jpg.rf.62f0e03e760fab4d706304ca90492bf2.txt,0,1
npds_00883_V_P_I_2316_jpg.rf.3e142024ec965159c30a8964d40df94b,npds,/home/divya/projects/IndianANPR/data/processed/npds_leakage_safe/images/train/V_P_I_2316_jpg.rf.3e142024ec965159c30a8964d40df94b.jpg,/home/divya/projects/IndianANPR/data/processed/npds_leakage_safe/labels/train/V_P_I_2316_jpg.rf.3e142024ec965159c30a8964d40df94b.txt,0,1
npds_00884_V_P_I_691_jpg.rf.2ca06e1c8706070d224e30f7c8337659,npds,/home/divya/projects/IndianANPR/data/processed/npds_leakage_safe/images/train/V_P_I_691_jpg.rf.2ca06e1c8706070d224e30f7c8337659.jpg,/home/divya/projects/IndianANPR/data/processed/npds_leakage_safe/labels/train/V_P_I_691_jpg.rf.2ca06e1c8706070d224e30f7c8337659.txt,0,1
npds_00885_V_P_I_620_jpg.rf.3e90631f40ae479e278d5ef8adf56f87,npds,/home/divya/projects/IndianANPR/data/processed/npds_leakage_safe/images/train/V_P_I_620_jpg.rf.3e90631f40ae479e278d5ef8adf56f87.jpg,/home/divya/projects/IndianANPR/data/processed/npds_leakage_safe/labels/train/V_P_I_620_jpg.rf.3e90631f40ae479e278d5ef8adf56f87.txt,0,1
npds_00886_V_P_I_2400_jpg.rf.cd47b72f9f7812e22f300e13aa242824,npds,/home/divya/projects/IndianANPR/data/processed/npds_leakage_safe/images/train/V_P_I_2400_jpg.rf.cd47b72f9f7812e22f300e13aa242824.jpg,/home/divya/projects/IndianANPR/data/processed/npds_leakage_safe/labels/train/V_P_I_2400_jpg.rf.cd47b72f9f7812e22f300e13aa242824.txt,0,1
npds_00887_V_P_I_2791_jpg.rf.227b868f8aeda0a9682cee137c996d18,npds,/home/divya/projects/IndianANPR/data/processed/npds_leakage_safe/images/train/V_P_I_2791_jpg.rf.227b868f8aeda0a9682cee137c996d18.jpg,/home/divya/projects/IndianANPR/data/processed/npds_leakage_safe/labels/train/V_P_I_2791_jpg.rf.227b868f8aeda0a9682cee137c996d18.txt,0,1
npds_00888_V_P_I_3497_jpg.rf.68701080cc096ba26f7086fab511ad11,npds,/home/divya/projects/IndianANPR/data/processed/npds_leakage_safe/images/train/V_P_I_3497_jpg.rf.68701080cc096ba26f7086fab511ad11.jpg,/home/divya/projects/IndianANPR/data/processed/npds_leakage_safe/labels/train/V_P_I_3497_jpg.rf.68701080cc096ba26f7086fab511ad11.txt,0,1
npds_00889_V_P_I_3438_jpeg_jpg.rf.e48456437875a349287bb7145a672716,npds,/home/divya/projects/IndianANPR/data/processed/npds_leakage_safe/images/train/V_P_I_3438_jpeg_jpg.rf.e48456437875a349287bb7145a672716.jpg,/home/divya/projects/IndianANPR/data/processed/npds_leakage_safe/labels/train/V_P_I_3438_jpeg_jpg.rf.e48456437875a349287bb7145a672716.txt,0,1
npds_00890_V_P_I_2811_jpg.rf.d723bb83a6c46996ae41b05c0e776714,npds,/home/divya/projects/IndianANPR/data/processed/npds_leakage_safe/images/train/V_P_I_2811_jpg.rf.d723bb83a6c46996ae41b05c0e776714.jpg,/home/divya/projects/IndianANPR/data/processed/npds_leakage_safe/labels/train/V_P_I_2811_jpg.rf.d723bb83a6c46996ae41b05c0e776714.txt,0,1
npds_00891_V_P_I_878_jpg.rf.d502b918253efa3a53eb05c78bebe7b7,npds,/home/divya/projects/IndianANPR/data/processed/npds_leakage_safe/images/train/V_P_I_878_jpg.rf.d502b918253efa3a53eb05c78bebe7b7.jpg,/home/divya/projects/IndianANPR/data/processed/npds_leakage_safe/labels/train/V_P_I_878_jpg.rf.d502b918253efa3a53eb05c78bebe7b7.txt,0,1
npds_00892_V_P_I_2989_jpg.rf.97f18f92c6164aa7f2a542595297edc0,npds,/home/divya/projects/IndianANPR/data/processed/npds_leakage_safe/images/train/V_P_I_2989_jpg.rf.97f18f92c6164aa7f2a542595297edc0.jpg,/home/divya/projects/IndianANPR/data/processed/npds_leakage_safe/labels/train/V_P_I_2989_jpg.rf.97f18f92c6164aa7f2a542595297edc0.txt,0,1
npds_00893_V_P_I_171_jpg.rf.b4261b3b8566884cd952f6f8d772fc5f,npds,/home/divya/projects/IndianANPR/data/processed/npds_leakage_safe/images/train/V_P_I_171_jpg.rf.b4261b3b8566884cd952f6f8d772fc5f.jpg,/home/divya/projects/IndianANPR/data/processed/npds_leakage_safe/labels/train/V_P_I_171_jpg.rf.b4261b3b8566884cd952f6f8d772fc5f.txt,0,1
npds_00894_V_P_I_2617_jpg.rf.5e28245f8ebb330ab32b2bab93d7ef8d,npds,/home/divya/projects/IndianANPR/data/processed/npds_leakage_safe/images/train/V_P_I_2617_jpg.rf.5e28245f8ebb330ab32b2bab93d7ef8d.jpg,/home/divya/projects/IndianANPR/data/processed/npds_leakage_safe/labels/train/V_P_I_2617_jpg.rf.5e28245f8ebb330ab32b2bab93d7ef8d.txt,0,1
npds_00895_V_P_I_1718_jpg.rf.1250b97dc2c3522543c81cb58bd9ba72,npds,/home/divya/projects/IndianANPR/data/processed/npds_leakage_safe/images/train/V_P_I_1718_jpg.rf.1250b97dc2c3522543c81cb58bd9ba72.jpg,/home/divya/projects/IndianANPR/data/processed/npds_leakage_safe/labels/train/V_P_I_1718_jpg.rf.1250b97dc2c3522543c81cb58bd9ba72.txt,0,1
npds_00896_V_P_I_1904_jpg.rf.e9e823544e81fcf0931dced6a7da0849,npds,/home/divya/projects/IndianANPR/data/processed/npds_leakage_safe/images/train/V_P_I_1904_jpg.rf.e9e823544e81fcf0931dced6a7da0849.jpg,/home/divya/projects/IndianANPR/data/processed/npds_leakage_safe/labels/train/V_P_I_1904_jpg.rf.e9e823544e81fcf0931dced6a7da0849.txt,0,1
npds_00897_V_P_I_2447_jpg.rf.cf659da653c2c962359edfc450f6195c,npds,/home/divya/projects/IndianANPR/data/processed/npds_leakage_safe/images/train/V_P_I_2447_jpg.rf.cf659da653c2c962359edfc450f6195c.jpg,/home/divya/projects/IndianANPR/data/processed/npds_leakage_safe/labels/train/V_P_I_2447_jpg.rf.cf659da653c2c962359edfc450f6195c.txt,0,1
npds_00898_V_P_I_952_jpg.rf.1c07ed462ff156abe7d974a634d663f0,npds,/home/divya/projects/IndianANPR/data/processed/npds_leakage_safe/images/train/V_P_I_952_jpg.rf.1c07ed462ff156abe7d974a634d663f0.jpg,/home/divya/projects/IndianANPR/data/processed/npds_leakage_safe/labels/train/V_P_I_952_jpg.rf.1c07ed462ff156abe7d974a634d663f0.txt,0,1
npds_00899_V_P_I_1095_jpg.rf.255af6571d851faca881f1be7ea54505,npds,/home/divya/projects/IndianANPR/data/processed/npds_leakage_safe/images/train/V_P_I_1095_jpg.rf.255af6571d851faca881f1be7ea54505.jpg,/home/divya/projects/IndianANPR/data/processed/npds_leakage_safe/labels/train/V_P_I_1095_jpg.rf.255af6571d851faca881f1be7ea54505.txt,0,1
npds_00900_V_P_I_2313_jpg.rf.595ad1c5bcc62220c3deac829d840e3a,npds,/home/divya/projects/IndianANPR/data/processed/npds_leakage_safe/images/train/V_P_I_2313_jpg.rf.595ad1c5bcc62220c3deac829d840e3a.jpg,/home/divya/projects/IndianANPR/data/processed/npds_leakage_safe/labels/train/V_P_I_2313_jpg.rf.595ad1c5bcc62220c3deac829d840e3a.txt,0,1
npds_00901_V_P_I_2134_jpg.rf.aab42bed7fc2a09f1a9874ee67775076,npds,/home/divya/projects/IndianANPR/data/processed/npds_leakage_safe/images/train/V_P_I_2134_jpg.rf.aab42bed7fc2a09f1a9874ee67775076.jpg,/home/divya/projects/IndianANPR/data/processed/npds_leakage_safe/labels/train/V_P_I_2134_jpg.rf.aab42bed7fc2a09f1a9874ee67775076.txt,0,1
npds_00902_V_P_I_3193_jpg.rf.bcb7424b795f1fbf5da7f2d4ff91602a,npds,/home/divya/projects/IndianANPR/data/processed/npds_leakage_safe/images/train/V_P_I_3193_jpg.rf.bcb7424b795f1fbf5da7f2d4ff91602a.jpg,/home/divya/projects/IndianANPR/data/processed/npds_leakage_safe/labels/train/V_P_I_3193_jpg.rf.bcb7424b795f1fbf5da7f2d4ff91602a.txt,0,1
npds_00903_V_P_I_3231_jpg.rf.0e93068773607f2bf35f642ace00c24d,npds,/home/divya/projects/IndianANPR/data/processed/npds_leakage_safe/images/train/V_P_I_3231_jpg.rf.0e93068773607f2bf35f642ace00c24d.jpg,/home/divya/projects/IndianANPR/data/processed/npds_leakage_safe/labels/train/V_P_I_3231_jpg.rf.0e93068773607f2bf35f642ace00c24d.txt,0,1
npds_00904_V_P_I_494_jpg.rf.85a35adf76241ac091cc9f3b6446b3be,npds,/home/divya/projects/IndianANPR/data/processed/npds_leakage_safe/images/train/V_P_I_494_jpg.rf.85a35adf76241ac091cc9f3b6446b3be.jpg,/home/divya/projects/IndianANPR/data/processed/npds_leakage_safe/labels/train/V_P_I_494_jpg.rf.85a35adf76241ac091cc9f3b6446b3be.txt,0,1
npds_00905_V_P_I_2355_jpg.rf.396d447f889a60485031cec6a477a69b,npds,/home/divya/projects/IndianANPR/data/processed/npds_leakage_safe/images/train/V_P_I_2355_jpg.rf.396d447f889a60485031cec6a477a69b.jpg,/home/divya/projects/IndianANPR/data/processed/npds_leakage_safe/labels/train/V_P_I_2355_jpg.rf.396d447f889a60485031cec6a477a69b.txt,0,1
npds_00906_V_P_I_3401_jpg.rf.83f4422a885a51f128041c84c86c204c,npds,/home/divya/projects/IndianANPR/data/processed/npds_leakage_safe/images/train/V_P_I_3401_jpg.rf.83f4422a885a51f128041c84c86c204c.jpg,/home/divya/projects/IndianANPR/data/processed/npds_leakage_safe/labels/train/V_P_I_3401_jpg.rf.83f4422a885a51f128041c84c86c204c.txt,0,1
npds_00907_V_P_I_1545_jpg.rf.743c2ec6f52aa1a0cd48a4611298d1ff,npds,/home/divya/projects/IndianANPR/data/processed/npds_leakage_safe/images/train/V_P_I_1545_jpg.rf.743c2ec6f52aa1a0cd48a4611298d1ff.jpg,/home/divya/projects/IndianANPR/data/processed/npds_leakage_safe/labels/train/V_P_I_1545_jpg.rf.743c2ec6f52aa1a0cd48a4611298d1ff.txt,0,1
npds_00908_V_P_I_637_jpg.rf.f532d0374d029fbfcec7788bd8d61ea2,npds,/home/divya/projects/IndianANPR/data/processed/npds_leakage_safe/images/train/V_P_I_637_jpg.rf.f532d0374d029fbfcec7788bd8d61ea2.jpg,/home/divya/projects/IndianANPR/data/processed/npds_leakage_safe/labels/train/V_P_I_637_jpg.rf.f532d0374d029fbfcec7788bd8d61ea2.txt,0,1
npds_00909_V_P_I_2558_jpg.rf.fe6cf712879869bd52919ec0cf7df9ba,npds,/home/divya/projects/IndianANPR/data/processed/npds_leakage_safe/images/train/V_P_I_2558_jpg.rf.fe6cf712879869bd52919ec0cf7df9ba.jpg,/home/divya/projects/IndianANPR/data/processed/npds_leakage_safe/labels/train/V_P_I_2558_jpg.rf.fe6cf712879869bd52919ec0cf7df9ba.txt,0,1
npds_00910_V_P_I_1432_jpg.rf.05e7926df9dd97571ad8394b02de1867,npds,/home/divya/projects/IndianANPR/data/processed/npds_leakage_safe/images/train/V_P_I_1432_jpg.rf.05e7926df9dd97571ad8394b02de1867.jpg,/home/divya/projects/IndianANPR/data/processed/npds_leakage_safe/labels/train/V_P_I_1432_jpg.rf.05e7926df9dd97571ad8394b02de1867.txt,0,1
npds_00911_V_P_I_3043_jpg.rf.c651ba8e3992d44271e0a3a116af68a4,npds,/home/divya/projects/IndianANPR/data/processed/npds_leakage_safe/images/train/V_P_I_3043_jpg.rf.c651ba8e3992d44271e0a3a116af68a4.jpg,/home/divya/projects/IndianANPR/data/processed/npds_leakage_safe/labels/train/V_P_I_3043_jpg.rf.c651ba8e3992d44271e0a3a116af68a4.txt,0,1
npds_00912_V_P_I_978_jpg.rf.c00564cafa9850d44315d1826a131642,npds,/home/divya/projects/IndianANPR/data/processed/npds_leakage_safe/images/train/V_P_I_978_jpg.rf.c00564cafa9850d44315d1826a131642.jpg,/home/divya/projects/IndianANPR/data/processed/npds_leakage_safe/labels/train/V_P_I_978_jpg.rf.c00564cafa9850d44315d1826a131642.txt,0,1
npds_00913_V_P_I_1084_jpg.rf.d02dd7fb1fd4797a53afe521eff55dd8,npds,/home/divya/projects/IndianANPR/data/processed/npds_leakage_safe/images/train/V_P_I_1084_jpg.rf.d02dd7fb1fd4797a53afe521eff55dd8.jpg,/home/divya/projects/IndianANPR/data/processed/npds_leakage_safe/labels/train/V_P_I_1084_jpg.rf.d02dd7fb1fd4797a53afe521eff55dd8.txt,0,1
npds_00914_V_P_I_2327_jpg.rf.eb07275b883b8dac4f28493e7d2e5f64,npds,/home/divya/projects/IndianANPR/data/processed/npds_leakage_safe/images/train/V_P_I_2327_jpg.rf.eb07275b883b8dac4f28493e7d2e5f64.jpg,/home/divya/projects/IndianANPR/data/processed/npds_leakage_safe/labels/train/V_P_I_2327_jpg.rf.eb07275b883b8dac4f28493e7d2e5f64.txt,0,1
npds_00915_V_P_I_2955_jpg.rf.64c1cc0a14aa25bd70fc0ed5d0fd4719,npds,/home/divya/projects/IndianANPR/data/processed/npds_leakage_safe/images/train/V_P_I_2955_jpg.rf.64c1cc0a14aa25bd70fc0ed5d0fd4719.jpg,/home/divya/projects/IndianANPR/data/processed/npds_leakage_safe/labels/train/V_P_I_2955_jpg.rf.64c1cc0a14aa25bd70fc0ed5d0fd4719.txt,0,1
npds_00916_V_P_I_2866_jpg.rf.8631bff5177a143f222a645c7af72df1,npds,/home/divya/projects/IndianANPR/data/processed/npds_leakage_safe/images/train/V_P_I_2866_jpg.rf.8631bff5177a143f222a645c7af72df1.jpg,/home/divya/projects/IndianANPR/data/processed/npds_leakage_safe/labels/train/V_P_I_2866_jpg.rf.8631bff5177a143f222a645c7af72df1.txt,0,1
npds_00917_V_P_I_3178_jpg.rf.f0bf36c4868de4e95a53d5ece6b58822,npds,/home/divya/projects/IndianANPR/data/processed/npds_leakage_safe/images/train/V_P_I_3178_jpg.rf.f0bf36c4868de4e95a53d5ece6b58822.jpg,/home/divya/projects/IndianANPR/data/processed/npds_leakage_safe/labels/train/V_P_I_3178_jpg.rf.f0bf36c4868de4e95a53d5ece6b58822.txt,0,1
npds_00918_V_P_I_1085_jpg.rf.cc6aaa5a694cfbff832b519c7ce9377d,npds,/home/divya/projects/IndianANPR/data/processed/npds_leakage_safe/images/train/V_P_I_1085_jpg.rf.cc6aaa5a694cfbff832b519c7ce9377d.jpg,/home/divya/projects/IndianANPR/data/processed/npds_leakage_safe/labels/train/V_P_I_1085_jpg.rf.cc6aaa5a694cfbff832b519c7ce9377d.txt,0,1
npds_00919_V_P_I_1289_jpg.rf.835a21d11ee64d21b18b823efd02349b,npds,/home/divya/projects/IndianANPR/data/processed/npds_leakage_safe/images/train/V_P_I_1289_jpg.rf.835a21d11ee64d21b18b823efd02349b.jpg,/home/divya/projects/IndianANPR/data/processed/npds_leakage_safe/labels/train/V_P_I_1289_jpg.rf.835a21d11ee64d21b18b823efd02349b.txt,0,1
npds_00920_V_P_I_3107_jpg.rf.b1a78cb0d49dcf2f62c5c3573b5ba115,npds,/home/divya/projects/IndianANPR/data/processed/npds_leakage_safe/images/train/V_P_I_3107_jpg.rf.b1a78cb0d49dcf2f62c5c3573b5ba115.jpg,/home/divya/projects/IndianANPR/data/processed/npds_leakage_safe/labels/train/V_P_I_3107_jpg.rf.b1a78cb0d49dcf2f62c5c3573b5ba115.txt,0,1
npds_00921_V_P_I_2429_jpg.rf.8024220695091a1d05bc4dcc3471ad98,npds,/home/divya/projects/IndianANPR/data/processed/npds_leakage_safe/images/train/V_P_I_2429_jpg.rf.8024220695091a1d05bc4dcc3471ad98.jpg,/home/divya/projects/IndianANPR/data/processed/npds_leakage_safe/labels/train/V_P_I_2429_jpg.rf.8024220695091a1d05bc4dcc3471ad98.txt,0,1
npds_00922_V_P_I_1456_jpg.rf.7fd4de60a5d8a65e556b3b97b5457a77,npds,/home/divya/projects/IndianANPR/data/processed/npds_leakage_safe/images/train/V_P_I_1456_jpg.rf.7fd4de60a5d8a65e556b3b97b5457a77.jpg,/home/divya/projects/IndianANPR/data/processed/npds_leakage_safe/labels/train/V_P_I_1456_jpg.rf.7fd4de60a5d8a65e556b3b97b5457a77.txt,0,1
npds_00923_V_P_I_732_jpg.rf.70c6785b41cc8aa1cbe77c16c82acc3e,npds,/home/divya/projects/IndianANPR/data/processed/npds_leakage_safe/images/train/V_P_I_732_jpg.rf.70c6785b41cc8aa1cbe77c16c82acc3e.jpg,/home/divya/projects/IndianANPR/data/processed/npds_leakage_safe/labels/train/V_P_I_732_jpg.rf.70c6785b41cc8aa1cbe77c16c82acc3e.txt,0,1
npds_00924_V_P_I_2534_jpg.rf.1da99e4cfab83f782da539627b97aa61,npds,/home/divya/projects/IndianANPR/data/processed/npds_leakage_safe/images/train/V_P_I_2534_jpg.rf.1da99e4cfab83f782da539627b97aa61.jpg,/home/divya/projects/IndianANPR/data/processed/npds_leakage_safe/labels/train/V_P_I_2534_jpg.rf.1da99e4cfab83f782da539627b97aa61.txt,0,1
npds_00925_V_P_I_1605_jpg.rf.08c2723ed5b0ebb77dfc4eb5a48fa2e9,npds,/home/divya/projects/IndianANPR/data/processed/npds_leakage_safe/images/train/V_P_I_1605_jpg.rf.08c2723ed5b0ebb77dfc4eb5a48fa2e9.jpg,/home/divya/projects/IndianANPR/data/processed/npds_leakage_safe/labels/train/V_P_I_1605_jpg.rf.08c2723ed5b0ebb77dfc4eb5a48fa2e9.txt,0,1
npds_00926_V_P_I_1164_jpg.rf.0310a1fd21d8152e51412ebaee63877a,npds,/home/divya/projects/IndianANPR/data/processed/npds_leakage_safe/images/train/V_P_I_1164_jpg.rf.0310a1fd21d8152e51412ebaee63877a.jpg,/home/divya/projects/IndianANPR/data/processed/npds_leakage_safe/labels/train/V_P_I_1164_jpg.rf.0310a1fd21d8152e51412ebaee63877a.txt,0,2
npds_00927_V_P_I_185_jpg.rf.ec954adc7cbc7641fec4859a2895c3b8,npds,/home/divya/projects/IndianANPR/data/processed/npds_leakage_safe/images/train/V_P_I_185_jpg.rf.ec954adc7cbc7641fec4859a2895c3b8.jpg,/home/divya/projects/IndianANPR/data/processed/npds_leakage_safe/labels/train/V_P_I_185_jpg.rf.ec954adc7cbc7641fec4859a2895c3b8.txt,0,1
npds_00928_V_P_I_855_jpg.rf.28105abf6281fadffa9481fda4688fbf,npds,/home/divya/projects/IndianANPR/data/processed/npds_leakage_safe/images/train/V_P_I_855_jpg.rf.28105abf6281fadffa9481fda4688fbf.jpg,/home/divya/projects/IndianANPR/data/processed/npds_leakage_safe/labels/train/V_P_I_855_jpg.rf.28105abf6281fadffa9481fda4688fbf.txt,0,1
npds_00929_V_P_I_2111_jpg.rf.175cb96f1e05226855bed988d6072ed2,npds,/home/divya/projects/IndianANPR/data/processed/npds_leakage_safe/images/train/V_P_I_2111_jpg.rf.175cb96f1e05226855bed988d6072ed2.jpg,/home/divya/projects/IndianANPR/data/processed/npds_leakage_safe/labels/train/V_P_I_2111_jpg.rf.175cb96f1e05226855bed988d6072ed2.txt,0,1
npds_00930_V_P_I_1693_jpg.rf.bd7584cbc200c2ecb96932c7841f8892,npds,/home/divya/projects/IndianANPR/data/processed/npds_leakage_safe/images/train/V_P_I_1693_jpg.rf.bd7584cbc200c2ecb96932c7841f8892.jpg,/home/divya/projects/IndianANPR/data/processed/npds_leakage_safe/labels/train/V_P_I_1693_jpg.rf.bd7584cbc200c2ecb96932c7841f8892.txt,0,1
npds_00931_V_P_I_2513_jpg.rf.f48d2d8aca38a2db839c8aeda5b7e908,npds,/home/divya/projects/IndianANPR/data/processed/npds_leakage_safe/images/train/V_P_I_2513_jpg.rf.f48d2d8aca38a2db839c8aeda5b7e908.jpg,/home/divya/projects/IndianANPR/data/processed/npds_leakage_safe/labels/train/V_P_I_2513_jpg.rf.f48d2d8aca38a2db839c8aeda5b7e908.txt,0,1
npds_00932_V_P_I_210_jpg.rf.1e62897ae956eafca62423675d6922c7,npds,/home/divya/projects/IndianANPR/data/processed/npds_leakage_safe/images/train/V_P_I_210_jpg.rf.1e62897ae956eafca62423675d6922c7.jpg,/home/divya/projects/IndianANPR/data/processed/npds_leakage_safe/labels/train/V_P_I_210_jpg.rf.1e62897ae956eafca62423675d6922c7.txt,0,1
npds_00933_V_P_I_2138_jpg.rf.78e5da339885bc72b6457ef9f88f5493,npds,/home/divya/projects/IndianANPR/data/processed/npds_leakage_safe/images/train/V_P_I_2138_jpg.rf.78e5da339885bc72b6457ef9f88f5493.jpg,/home/divya/projects/IndianANPR/data/processed/npds_leakage_safe/labels/train/V_P_I_2138_jpg.rf.78e5da339885bc72b6457ef9f88f5493.txt,0,1
npds_00934_V_P_I_35_jpg.rf.8b248a7b68f2da7dd24eba3efcf73f65,npds,/home/divya/projects/IndianANPR/data/processed/npds_leakage_safe/images/train/V_P_I_35_jpg.rf.8b248a7b68f2da7dd24eba3efcf73f65.jpg,/home/divya/projects/IndianANPR/data/processed/npds_leakage_safe/labels/train/V_P_I_35_jpg.rf.8b248a7b68f2da7dd24eba3efcf73f65.txt,0,3
npds_00935_V_P_I_785_jpg.rf.ced4af4cc183860a830c765bf251f505,npds,/home/divya/projects/IndianANPR/data/processed/npds_leakage_safe/images/train/V_P_I_785_jpg.rf.ced4af4cc183860a830c765bf251f505.jpg,/home/divya/projects/IndianANPR/data/processed/npds_leakage_safe/labels/train/V_P_I_785_jpg.rf.ced4af4cc183860a830c765bf251f505.txt,0,1
npds_00936_V_P_I_804_jpg.rf.80a08a5716189885d4db4fbf87859ca6,npds,/home/divya/projects/IndianANPR/data/processed/npds_leakage_safe/images/train/V_P_I_804_jpg.rf.80a08a5716189885d4db4fbf87859ca6.jpg,/home/divya/projects/IndianANPR/data/processed/npds_leakage_safe/labels/train/V_P_I_804_jpg.rf.80a08a5716189885d4db4fbf87859ca6.txt,0,1
npds_00937_V_P_I_1924_jpg.rf.425b036e5691f5286260f89e42dcf00a,npds,/home/divya/projects/IndianANPR/data/processed/npds_leakage_safe/images/train/V_P_I_1924_jpg.rf.425b036e5691f5286260f89e42dcf00a.jpg,/home/divya/projects/IndianANPR/data/processed/npds_leakage_safe/labels/train/V_P_I_1924_jpg.rf.425b036e5691f5286260f89e42dcf00a.txt,0,1
npds_00938_V_P_I_3511_jpg.rf.3a60fa15bc68d2bcbb71547858145bd0,npds,/home/divya/projects/IndianANPR/data/processed/npds_leakage_safe/images/train/V_P_I_3511_jpg.rf.3a60fa15bc68d2bcbb71547858145bd0.jpg,/home/divya/projects/IndianANPR/data/processed/npds_leakage_safe/labels/train/V_P_I_3511_jpg.rf.3a60fa15bc68d2bcbb71547858145bd0.txt,0,1
npds_00939_V_P_I_60_jpg.rf.3ec7a2f4815df39d28304b99f9122437,npds,/home/divya/projects/IndianANPR/data/processed/npds_leakage_safe/images/train/V_P_I_60_jpg.rf.3ec7a2f4815df39d28304b99f9122437.jpg,/home/divya/projects/IndianANPR/data/processed/npds_leakage_safe/labels/train/V_P_I_60_jpg.rf.3ec7a2f4815df39d28304b99f9122437.txt,0,1
npds_00940_V_P_I_2410_jpg.rf.3a2de1eaee34dacaab13dcf6afe77713,npds,/home/divya/projects/IndianANPR/data/processed/npds_leakage_safe/images/train/V_P_I_2410_jpg.rf.3a2de1eaee34dacaab13dcf6afe77713.jpg,/home/divya/projects/IndianANPR/data/processed/npds_leakage_safe/labels/train/V_P_I_2410_jpg.rf.3a2de1eaee34dacaab13dcf6afe77713.txt,0,1
npds_00941_V_P_I_1827_jpg.rf.614b9aa6abe677fb9f7a1349e34a9905,npds,/home/divya/projects/IndianANPR/data/processed/npds_leakage_safe/images/train/V_P_I_1827_jpg.rf.614b9aa6abe677fb9f7a1349e34a9905.jpg,/home/divya/projects/IndianANPR/data/processed/npds_leakage_safe/labels/train/V_P_I_1827_jpg.rf.614b9aa6abe677fb9f7a1349e34a9905.txt,0,1
npds_00942_V_P_I_619_jpg.rf.2718be2a2d9c078212a8f01834bba7b3,npds,/home/divya/projects/IndianANPR/data/processed/npds_leakage_safe/images/train/V_P_I_619_jpg.rf.2718be2a2d9c078212a8f01834bba7b3.jpg,/home/divya/projects/IndianANPR/data/processed/npds_leakage_safe/labels/train/V_P_I_619_jpg.rf.2718be2a2d9c078212a8f01834bba7b3.txt,0,1
npds_00943_V_P_I_1284_jpg.rf.0c64c67980a09afc84619d18653bc686,npds,/home/divya/projects/IndianANPR/data/processed/npds_leakage_safe/images/train/V_P_I_1284_jpg.rf.0c64c67980a09afc84619d18653bc686.jpg,/home/divya/projects/IndianANPR/data/processed/npds_leakage_safe/labels/train/V_P_I_1284_jpg.rf.0c64c67980a09afc84619d18653bc686.txt,0,1
npds_00944_V_P_I_2564_jpg.rf.93b709da613cd8fa846f9c0c678803dc,npds,/home/divya/projects/IndianANPR/data/processed/npds_leakage_safe/images/train/V_P_I_2564_jpg.rf.93b709da613cd8fa846f9c0c678803dc.jpg,/home/divya/projects/IndianANPR/data/processed/npds_leakage_safe/labels/train/V_P_I_2564_jpg.rf.93b709da613cd8fa846f9c0c678803dc.txt,0,1
npds_00945_V_P_I_1065_jpg.rf.e04c3394faa47f55027a4f6e89175740,npds,/home/divya/projects/IndianANPR/data/processed/npds_leakage_safe/images/train/V_P_I_1065_jpg.rf.e04c3394faa47f55027a4f6e89175740.jpg,/home/divya/projects/IndianANPR/data/processed/npds_leakage_safe/labels/train/V_P_I_1065_jpg.rf.e04c3394faa47f55027a4f6e89175740.txt,0,1
npds_00946_V_P_I_3500_jpg.rf.5260d7e9ec34d298e847c6c476e270bf,npds,/home/divya/projects/IndianANPR/data/processed/npds_leakage_safe/images/train/V_P_I_3500_jpg.rf.5260d7e9ec34d298e847c6c476e270bf.jpg,/home/divya/projects/IndianANPR/data/processed/npds_leakage_safe/labels/train/V_P_I_3500_jpg.rf.5260d7e9ec34d298e847c6c476e270bf.txt,0,1
npds_00947_V_P_I_952_jpg.rf.72b4b450cdaf43c6f96f7d48614a28cb,npds,/home/divya/projects/IndianANPR/data/processed/npds_leakage_safe/images/train/V_P_I_952_jpg.rf.72b4b450cdaf43c6f96f7d48614a28cb.jpg,/home/divya/projects/IndianANPR/data/processed/npds_leakage_safe/labels/train/V_P_I_952_jpg.rf.72b4b450cdaf43c6f96f7d48614a28cb.txt,0,1
npds_00948_V_P_I_116_jpg.rf.bd0591911ae2d63e9a7c09797d99f2a1,npds,/home/divya/projects/IndianANPR/data/processed/npds_leakage_safe/images/train/V_P_I_116_jpg.rf.bd0591911ae2d63e9a7c09797d99f2a1.jpg,/home/divya/projects/IndianANPR/data/processed/npds_leakage_safe/labels/train/V_P_I_116_jpg.rf.bd0591911ae2d63e9a7c09797d99f2a1.txt,0,1
npds_00949_V_P_I_2174_jpg.rf.5cb49286cb06e83c69c1654abb04db19,npds,/home/divya/projects/IndianANPR/data/processed/npds_leakage_safe/images/train/V_P_I_2174_jpg.rf.5cb49286cb06e83c69c1654abb04db19.jpg,/home/divya/projects/IndianANPR/data/processed/npds_leakage_safe/labels/train/V_P_I_2174_jpg.rf.5cb49286cb06e83c69c1654abb04db19.txt,0,1
npds_00950_V_P_I_1738_jpg.rf.03df5d4871ff30836c431967c6003ddc,npds,/home/divya/projects/IndianANPR/data/processed/npds_leakage_safe/images/train/V_P_I_1738_jpg.rf.03df5d4871ff30836c431967c6003ddc.jpg,/home/divya/projects/IndianANPR/data/processed/npds_leakage_safe/labels/train/V_P_I_1738_jpg.rf.03df5d4871ff30836c431967c6003ddc.txt,0,1
npds_00951_V_P_I_3136_jpg.rf.a1d656a12ccd23f53d5c81704eade305,npds,/home/divya/projects/IndianANPR/data/processed/npds_leakage_safe/images/train/V_P_I_3136_jpg.rf.a1d656a12ccd23f53d5c81704eade305.jpg,/home/divya/projects/IndianANPR/data/processed/npds_leakage_safe/labels/train/V_P_I_3136_jpg.rf.a1d656a12ccd23f53d5c81704eade305.txt,0,1
npds_00952_V_P_I_122_jpg.rf.a7da91b3e3e5b51495a602e0fe4c72fe,npds,/home/divya/projects/IndianANPR/data/processed/npds_leakage_safe/images/train/V_P_I_122_jpg.rf.a7da91b3e3e5b51495a602e0fe4c72fe.jpg,/home/divya/projects/IndianANPR/data/processed/npds_leakage_safe/labels/train/V_P_I_122_jpg.rf.a7da91b3e3e5b51495a602e0fe4c72fe.txt,0,1
npds_00953_V_P_I_434_jpg.rf.5199c1e2da4ef97a685f0df72039a9d0,npds,/home/divya/projects/IndianANPR/data/processed/npds_leakage_safe/images/train/V_P_I_434_jpg.rf.5199c1e2da4ef97a685f0df72039a9d0.jpg,/home/divya/projects/IndianANPR/data/processed/npds_leakage_safe/labels/train/V_P_I_434_jpg.rf.5199c1e2da4ef97a685f0df72039a9d0.txt,0,1
npds_00954_V_P_I_3142_jpg.rf.6bd512bf1340351fb114a6ac9a44b68e,npds,/home/divya/projects/IndianANPR/data/processed/npds_leakage_safe/images/train/V_P_I_3142_jpg.rf.6bd512bf1340351fb114a6ac9a44b68e.jpg,/home/divya/projects/IndianANPR/data/processed/npds_leakage_safe/labels/train/V_P_I_3142_jpg.rf.6bd512bf1340351fb114a6ac9a44b68e.txt,0,1
npds_00955_V_P_I_1132_jpg.rf.a7ab6dcae46023fe36d0df44f20eb97b,npds,/home/divya/projects/IndianANPR/data/processed/npds_leakage_safe/images/train/V_P_I_1132_jpg.rf.a7ab6dcae46023fe36d0df44f20eb97b.jpg,/home/divya/projects/IndianANPR/data/processed/npds_leakage_safe/labels/train/V_P_I_1132_jpg.rf.a7ab6dcae46023fe36d0df44f20eb97b.txt,0,1
npds_00956_V_P_I_3518_jpg.rf.71de5e5576353df743b22f8bec6ec198,npds,/home/divya/projects/IndianANPR/data/processed/npds_leakage_safe/images/train/V_P_I_3518_jpg.rf.71de5e5576353df743b22f8bec6ec198.jpg,/home/divya/projects/IndianANPR/data/processed/npds_leakage_safe/labels/train/V_P_I_3518_jpg.rf.71de5e5576353df743b22f8bec6ec198.txt,0,1
npds_00957_V_P_I_1100_jpg.rf.a8b576e582a5fd6495a615f03215fa32,npds,/home/divya/projects/IndianANPR/data/processed/npds_leakage_safe/images/train/V_P_I_1100_jpg.rf.a8b576e582a5fd6495a615f03215fa32.jpg,/home/divya/projects/IndianANPR/data/processed/npds_leakage_safe/labels/train/V_P_I_1100_jpg.rf.a8b576e582a5fd6495a615f03215fa32.txt,0,1
npds_00958_V_P_I_1812_jpg.rf.e74c4d924e25c42336fa9c5db9b5f3ad,npds,/home/divya/projects/IndianANPR/data/processed/npds_leakage_safe/images/train/V_P_I_1812_jpg.rf.e74c4d924e25c42336fa9c5db9b5f3ad.jpg,/home/divya/projects/IndianANPR/data/processed/npds_leakage_safe/labels/train/V_P_I_1812_jpg.rf.e74c4d924e25c42336fa9c5db9b5f3ad.txt,0,1
npds_00959_V_P_I_1658_jpg.rf.1e4a4be4caa8c6f77a4e85d1b18b0473,npds,/home/divya/projects/IndianANPR/data/processed/npds_leakage_safe/images/train/V_P_I_1658_jpg.rf.1e4a4be4caa8c6f77a4e85d1b18b0473.jpg,/home/divya/projects/IndianANPR/data/processed/npds_leakage_safe/labels/train/V_P_I_1658_jpg.rf.1e4a4be4caa8c6f77a4e85d1b18b0473.txt,0,1
npds_00960_V_P_I_631_jpg.rf.22c97352a6fce37b16d47f4874afc2ac,npds,/home/divya/projects/IndianANPR/data/processed/npds_leakage_safe/images/train/V_P_I_631_jpg.rf.22c97352a6fce37b16d47f4874afc2ac.jpg,/home/divya/projects/IndianANPR/data/processed/npds_leakage_safe/labels/train/V_P_I_631_jpg.rf.22c97352a6fce37b16d47f4874afc2ac.txt,0,1
npds_00961_V_P_I_1068_jpg.rf.b60c6e02f813df4b8d22f81071e1b98e,npds,/home/divya/projects/IndianANPR/data/processed/npds_leakage_safe/images/train/V_P_I_1068_jpg.rf.b60c6e02f813df4b8d22f81071e1b98e.jpg,/home/divya/projects/IndianANPR/data/processed/npds_leakage_safe/labels/train/V_P_I_1068_jpg.rf.b60c6e02f813df4b8d22f81071e1b98e.txt,0,1
npds_00962_V_P_I_3040_jpg.rf.79b6746ed339d4789f37ec14901aa647,npds,/home/divya/projects/IndianANPR/data/processed/npds_leakage_safe/images/train/V_P_I_3040_jpg.rf.79b6746ed339d4789f37ec14901aa647.jpg,/home/divya/projects/IndianANPR/data/processed/npds_leakage_safe/labels/train/V_P_I_3040_jpg.rf.79b6746ed339d4789f37ec14901aa647.txt,0,1
npds_00963_V_P_I_1505_jpg.rf.616c80412fb36049a7a2dcc0baed293b,npds,/home/divya/projects/IndianANPR/data/processed/npds_leakage_safe/images/train/V_P_I_1505_jpg.rf.616c80412fb36049a7a2dcc0baed293b.jpg,/home/divya/projects/IndianANPR/data/processed/npds_leakage_safe/labels/train/V_P_I_1505_jpg.rf.616c80412fb36049a7a2dcc0baed293b.txt,0,1
npds_00964_V_P_I_1781_jpg.rf.413b750cb50508fb5eb21dd9b7d739e3,npds,/home/divya/projects/IndianANPR/data/processed/npds_leakage_safe/images/train/V_P_I_1781_jpg.rf.413b750cb50508fb5eb21dd9b7d739e3.jpg,/home/divya/projects/IndianANPR/data/processed/npds_leakage_safe/labels/train/V_P_I_1781_jpg.rf.413b750cb50508fb5eb21dd9b7d739e3.txt,0,1
npds_00965_V_P_I_1428_jpg.rf.b4ac7a42c70bc7e9b31bc54d73f85557,npds,/home/divya/projects/IndianANPR/data/processed/npds_leakage_safe/images/train/V_P_I_1428_jpg.rf.b4ac7a42c70bc7e9b31bc54d73f85557.jpg,/home/divya/projects/IndianANPR/data/processed/npds_leakage_safe/labels/train/V_P_I_1428_jpg.rf.b4ac7a42c70bc7e9b31bc54d73f85557.txt,0,1
npds_00966_V_P_I_2578_jpg.rf.06c6592f6e6ed3111501baeff347d8da,npds,/home/divya/projects/IndianANPR/data/processed/npds_leakage_safe/images/train/V_P_I_2578_jpg.rf.06c6592f6e6ed3111501baeff347d8da.jpg,/home/divya/projects/IndianANPR/data/processed/npds_leakage_safe/labels/train/V_P_I_2578_jpg.rf.06c6592f6e6ed3111501baeff347d8da.txt,0,1
npds_00967_V_P_I_3195_jpg.rf.05a81e45f518a1c996cc34f508623328,npds,/home/divya/projects/IndianANPR/data/processed/npds_leakage_safe/images/train/V_P_I_3195_jpg.rf.05a81e45f518a1c996cc34f508623328.jpg,/home/divya/projects/IndianANPR/data/processed/npds_leakage_safe/labels/train/V_P_I_3195_jpg.rf.05a81e45f518a1c996cc34f508623328.txt,0,1
npds_00968_V_P_I_1392_jpg.rf.ec917ab34cebab1a770e39edb8bf51fc,npds,/home/divya/projects/IndianANPR/data/processed/npds_leakage_safe/images/train/V_P_I_1392_jpg.rf.ec917ab34cebab1a770e39edb8bf51fc.jpg,/home/divya/projects/IndianANPR/data/processed/npds_leakage_safe/labels/train/V_P_I_1392_jpg.rf.ec917ab34cebab1a770e39edb8bf51fc.txt,0,1
npds_00969_V_P_I_2865_jpg.rf.a74411d107613d69345555470cca1882,npds,/home/divya/projects/IndianANPR/data/processed/npds_leakage_safe/images/train/V_P_I_2865_jpg.rf.a74411d107613d69345555470cca1882.jpg,/home/divya/projects/IndianANPR/data/processed/npds_leakage_safe/labels/train/V_P_I_2865_jpg.rf.a74411d107613d69345555470cca1882.txt,0,1
npds_00970_V_P_I_1711_jpg.rf.0d2aa3ab75af8ae9365f4a34209cac16,npds,/home/divya/projects/IndianANPR/data/processed/npds_leakage_safe/images/train/V_P_I_1711_jpg.rf.0d2aa3ab75af8ae9365f4a34209cac16.jpg,/home/divya/projects/IndianANPR/data/processed/npds_leakage_safe/labels/train/V_P_I_1711_jpg.rf.0d2aa3ab75af8ae9365f4a34209cac16.txt,0,1
npds_00971_V_P_I_2548_jpg.rf.407464e20eb71eb37234a51d91159d94,npds,/home/divya/projects/IndianANPR/data/processed/npds_leakage_safe/images/train/V_P_I_2548_jpg.rf.407464e20eb71eb37234a51d91159d94.jpg,/home/divya/projects/IndianANPR/data/processed/npds_leakage_safe/labels/train/V_P_I_2548_jpg.rf.407464e20eb71eb37234a51d91159d94.txt,0,1
npds_00972_V_P_I_331_jpg.rf.9303244959a532f2c3f623e2a30c116b,npds,/home/divya/projects/IndianANPR/data/processed/npds_leakage_safe/images/train/V_P_I_331_jpg.rf.9303244959a532f2c3f623e2a30c116b.jpg,/home/divya/projects/IndianANPR/data/processed/npds_leakage_safe/labels/train/V_P_I_331_jpg.rf.9303244959a532f2c3f623e2a30c116b.txt,0,1
npds_00973_V_P_I_184_jpg.rf.1f4d14c02682881c9888a80d5b0aab04,npds,/home/divya/projects/IndianANPR/data/processed/npds_leakage_safe/images/train/V_P_I_184_jpg.rf.1f4d14c02682881c9888a80d5b0aab04.jpg,/home/divya/projects/IndianANPR/data/processed/npds_leakage_safe/labels/train/V_P_I_184_jpg.rf.1f4d14c02682881c9888a80d5b0aab04.txt,0,1
npds_00974_V_P_I_382_jpg.rf.3dde646464dbcc1a63f3c1ae9716218c,npds,/home/divya/projects/IndianANPR/data/processed/npds_leakage_safe/images/train/V_P_I_382_jpg.rf.3dde646464dbcc1a63f3c1ae9716218c.jpg,/home/divya/projects/IndianANPR/data/processed/npds_leakage_safe/labels/train/V_P_I_382_jpg.rf.3dde646464dbcc1a63f3c1ae9716218c.txt,0,1
npds_00975_V_P_I_2236_jpg.rf.9c44abaa01453a5ee450a76941f86bbe,npds,/home/divya/projects/IndianANPR/data/processed/npds_leakage_safe/images/train/V_P_I_2236_jpg.rf.9c44abaa01453a5ee450a76941f86bbe.jpg,/home/divya/projects/IndianANPR/data/processed/npds_leakage_safe/labels/train/V_P_I_2236_jpg.rf.9c44abaa01453a5ee450a76941f86bbe.txt,0,1
npds_00976_V_P_I_1552_jpg.rf.ba7ef2d65c78d1dbd49470ec04f6fd21,npds,/home/divya/projects/IndianANPR/data/processed/npds_leakage_safe/images/train/V_P_I_1552_jpg.rf.ba7ef2d65c78d1dbd49470ec04f6fd21.jpg,/home/divya/projects/IndianANPR/data/processed/npds_leakage_safe/labels/train/V_P_I_1552_jpg.rf.ba7ef2d65c78d1dbd49470ec04f6fd21.txt,0,1
npds_00977_V_P_I_2998_jpg.rf.07941a66121b1fe4a390dd5213729740,npds,/home/divya/projects/IndianANPR/data/processed/npds_leakage_safe/images/train/V_P_I_2998_jpg.rf.07941a66121b1fe4a390dd5213729740.jpg,/home/divya/projects/IndianANPR/data/processed/npds_leakage_safe/labels/train/V_P_I_2998_jpg.rf.07941a66121b1fe4a390dd5213729740.txt,0,1
npds_00978_V_P_I_29_jpg.rf.11602811166ce24f8e6939b7623442b8,npds,/home/divya/projects/IndianANPR/data/processed/npds_leakage_safe/images/train/V_P_I_29_jpg.rf.11602811166ce24f8e6939b7623442b8.jpg,/home/divya/projects/IndianANPR/data/processed/npds_leakage_safe/labels/train/V_P_I_29_jpg.rf.11602811166ce24f8e6939b7623442b8.txt,0,1
npds_00979_V_P_I_911_jpg.rf.47ebdf5b61a06d96f4cc692132cc32f9,npds,/home/divya/projects/IndianANPR/data/processed/npds_leakage_safe/images/train/V_P_I_911_jpg.rf.47ebdf5b61a06d96f4cc692132cc32f9.jpg,/home/divya/projects/IndianANPR/data/processed/npds_leakage_safe/labels/train/V_P_I_911_jpg.rf.47ebdf5b61a06d96f4cc692132cc32f9.txt,0,1
npds_00980_V_P_I_83_jpg.rf.e26501d1f0bd9132f108336445e3115b,npds,/home/divya/projects/IndianANPR/data/processed/npds_leakage_safe/images/train/V_P_I_83_jpg.rf.e26501d1f0bd9132f108336445e3115b.jpg,/home/divya/projects/IndianANPR/data/processed/npds_leakage_safe/labels/train/V_P_I_83_jpg.rf.e26501d1f0bd9132f108336445e3115b.txt,0,1
npds_00981_V_P_I_963_jpg.rf.87670e31d8d8035a21d762673bb629cb,npds,/home/divya/projects/IndianANPR/data/processed/npds_leakage_safe/images/train/V_P_I_963_jpg.rf.87670e31d8d8035a21d762673bb629cb.jpg,/home/divya/projects/IndianANPR/data/processed/npds_leakage_safe/labels/train/V_P_I_963_jpg.rf.87670e31d8d8035a21d762673bb629cb.txt,0,1
npds_00982_V_P_I_421_jpg.rf.b9c9805da55833db87b813128c23a094,npds,/home/divya/projects/IndianANPR/data/processed/npds_leakage_safe/images/train/V_P_I_421_jpg.rf.b9c9805da55833db87b813128c23a094.jpg,/home/divya/projects/IndianANPR/data/processed/npds_leakage_safe/labels/train/V_P_I_421_jpg.rf.b9c9805da55833db87b813128c23a094.txt,0,1
npds_00983_V_P_I_568_jpg.rf.077e4a504adf7d276adc04916f1a2bd5,npds,/home/divya/projects/IndianANPR/data/processed/npds_leakage_safe/images/train/V_P_I_568_jpg.rf.077e4a504adf7d276adc04916f1a2bd5.jpg,/home/divya/projects/IndianANPR/data/processed/npds_leakage_safe/labels/train/V_P_I_568_jpg.rf.077e4a504adf7d276adc04916f1a2bd5.txt,0,1
npds_00984_V_P_I_1542_jpg.rf.6b35c7ec5c5d3dc1994565acb9d44301,npds,/home/divya/projects/IndianANPR/data/processed/npds_leakage_safe/images/train/V_P_I_1542_jpg.rf.6b35c7ec5c5d3dc1994565acb9d44301.jpg,/home/divya/projects/IndianANPR/data/processed/npds_leakage_safe/labels/train/V_P_I_1542_jpg.rf.6b35c7ec5c5d3dc1994565acb9d44301.txt,0,1
npds_00985_V_P_I_2054_jpg.rf.eaed49370ac93afa333fa46df7ba4a73,npds,/home/divya/projects/IndianANPR/data/processed/npds_leakage_safe/images/train/V_P_I_2054_jpg.rf.eaed49370ac93afa333fa46df7ba4a73.jpg,/home/divya/projects/IndianANPR/data/processed/npds_leakage_safe/labels/train/V_P_I_2054_jpg.rf.eaed49370ac93afa333fa46df7ba4a73.txt,0,2
npds_00986_V_P_I_873_jpg.rf.e00460f30609d1b0cfe4cbdca0992d83,npds,/home/divya/projects/IndianANPR/data/processed/npds_leakage_safe/images/train/V_P_I_873_jpg.rf.e00460f30609d1b0cfe4cbdca0992d83.jpg,/home/divya/projects/IndianANPR/data/processed/npds_leakage_safe/labels/train/V_P_I_873_jpg.rf.e00460f30609d1b0cfe4cbdca0992d83.txt,0,1
npds_00987_V_P_I_2912_jpg.rf.158b8450f37b9d00392ebc9aa4431917,npds,/home/divya/projects/IndianANPR/data/processed/npds_leakage_safe/images/train/V_P_I_2912_jpg.rf.158b8450f37b9d00392ebc9aa4431917.jpg,/home/divya/projects/IndianANPR/data/processed/npds_leakage_safe/labels/train/V_P_I_2912_jpg.rf.158b8450f37b9d00392ebc9aa4431917.txt,0,1
npds_00988_V_P_I_1081_jpg.rf.c9c22c9f93f8d6519469ac4f2bf533eb,npds,/home/divya/projects/IndianANPR/data/processed/npds_leakage_safe/images/train/V_P_I_1081_jpg.rf.c9c22c9f93f8d6519469ac4f2bf533eb.jpg,/home/divya/projects/IndianANPR/data/processed/npds_leakage_safe/labels/train/V_P_I_1081_jpg.rf.c9c22c9f93f8d6519469ac4f2bf533eb.txt,0,2
npds_00989_V_P_I_205_jpg.rf.a24296803105a3ff6f5a25ab2f86e3d7,npds,/home/divya/projects/IndianANPR/data/processed/npds_leakage_safe/images/train/V_P_I_205_jpg.rf.a24296803105a3ff6f5a25ab2f86e3d7.jpg,/home/divya/projects/IndianANPR/data/processed/npds_leakage_safe/labels/train/V_P_I_205_jpg.rf.a24296803105a3ff6f5a25ab2f86e3d7.txt,0,1
npds_00990_V_P_I_2901_jpg.rf.140ce16cad6971a4de35fd7d6dc3feb9,npds,/home/divya/projects/IndianANPR/data/processed/npds_leakage_safe/images/train/V_P_I_2901_jpg.rf.140ce16cad6971a4de35fd7d6dc3feb9.jpg,/home/divya/projects/IndianANPR/data/processed/npds_leakage_safe/labels/train/V_P_I_2901_jpg.rf.140ce16cad6971a4de35fd7d6dc3feb9.txt,0,1
npds_00991_V_P_I_855_jpg.rf.1376c16a8ae2da2b0e45612fa49ad152,npds,/home/divya/projects/IndianANPR/data/processed/npds_leakage_safe/images/train/V_P_I_855_jpg.rf.1376c16a8ae2da2b0e45612fa49ad152.jpg,/home/divya/projects/IndianANPR/data/processed/npds_leakage_safe/labels/train/V_P_I_855_jpg.rf.1376c16a8ae2da2b0e45612fa49ad152.txt,0,1
npds_00992_V_P_I_2263_jpg.rf.f96e5b2bc93cf0a3f9296f4ae9980331,npds,/home/divya/projects/IndianANPR/data/processed/npds_leakage_safe/images/train/V_P_I_2263_jpg.rf.f96e5b2bc93cf0a3f9296f4ae9980331.jpg,/home/divya/projects/IndianANPR/data/processed/npds_leakage_safe/labels/train/V_P_I_2263_jpg.rf.f96e5b2bc93cf0a3f9296f4ae9980331.txt,0,1
npds_00993_V_P_I_2334_jpg.rf.417268d3a48192d18d6983656337e88f,npds,/home/divya/projects/IndianANPR/data/processed/npds_leakage_safe/images/train/V_P_I_2334_jpg.rf.417268d3a48192d18d6983656337e88f.jpg,/home/divya/projects/IndianANPR/data/processed/npds_leakage_safe/labels/train/V_P_I_2334_jpg.rf.417268d3a48192d18d6983656337e88f.txt,0,1
npds_00994_V_P_I_3373_jpg.rf.5c951f4a8b99f38f630d01a24b578626,npds,/home/divya/projects/IndianANPR/data/processed/npds_leakage_safe/images/train/V_P_I_3373_jpg.rf.5c951f4a8b99f38f630d01a24b578626.jpg,/home/divya/projects/IndianANPR/data/processed/npds_leakage_safe/labels/train/V_P_I_3373_jpg.rf.5c951f4a8b99f38f630d01a24b578626.txt,0,1
npds_00995_V_P_I_1654_jpg.rf.a94220c016a0a1ea33e69d9b018f9355,npds,/home/divya/projects/IndianANPR/data/processed/npds_leakage_safe/images/train/V_P_I_1654_jpg.rf.a94220c016a0a1ea33e69d9b018f9355.jpg,/home/divya/projects/IndianANPR/data/processed/npds_leakage_safe/labels/train/V_P_I_1654_jpg.rf.a94220c016a0a1ea33e69d9b018f9355.txt,0,1
npds_00996_V_P_I_1267_jpg.rf.02249ce56f52bc198d7d9592a1422a6a,npds,/home/divya/projects/IndianANPR/data/processed/npds_leakage_safe/images/train/V_P_I_1267_jpg.rf.02249ce56f52bc198d7d9592a1422a6a.jpg,/home/divya/projects/IndianANPR/data/processed/npds_leakage_safe/labels/train/V_P_I_1267_jpg.rf.02249ce56f52bc198d7d9592a1422a6a.txt,0,1
npds_00997_V_P_I_2955_jpg.rf.adce3a7b36e57bd170aee17d112ec263,npds,/home/divya/projects/IndianANPR/data/processed/npds_leakage_safe/images/train/V_P_I_2955_jpg.rf.adce3a7b36e57bd170aee17d112ec263.jpg,/home/divya/projects/IndianANPR/data/processed/npds_leakage_safe/labels/train/V_P_I_2955_jpg.rf.adce3a7b36e57bd170aee17d112ec263.txt,0,1
npds_00998_V_P_I_3277_jpg.rf.c69dc81e4815338c69140d0ea75b5d10,npds,/home/divya/projects/IndianANPR/data/processed/npds_leakage_safe/images/train/V_P_I_3277_jpg.rf.c69dc81e4815338c69140d0ea75b5d10.jpg,/home/divya/projects/IndianANPR/data/processed/npds_leakage_safe/labels/train/V_P_I_3277_jpg.rf.c69dc81e4815338c69140d0ea75b5d10.txt,0,1
npds_00999_V_P_I_82_jpg.rf.35e95a538a5b3f5c972d26e55c2f8af8,npds,/home/divya/projects/IndianANPR/data/processed/npds_leakage_safe/images/train/V_P_I_82_jpg.rf.35e95a538a5b3f5c972d26e55c2f8af8.jpg,/home/divya/projects/IndianANPR/data/processed/npds_leakage_safe/labels/train/V_P_I_82_jpg.rf.35e95a538a5b3f5c972d26e55c2f8af8.txt,0,1
npds_01000_V_P_I_305_jpg.rf.07d8303085446e05d929293dffdfa98f,npds,/home/divya/projects/IndianANPR/data/processed/npds_leakage_safe/images/train/V_P_I_305_jpg.rf.07d8303085446e05d929293dffdfa98f.jpg,/home/divya/projects/IndianANPR/data/processed/npds_leakage_safe/labels/train/V_P_I_305_jpg.rf.07d8303085446e05d929293dffdfa98f.txt,0,1
npds_01001_V_P_I_1794_jpg.rf.ee5c296f3f00e56296255a8c50b168b2,npds,/home/divya/projects/IndianANPR/data/processed/npds_leakage_safe/images/train/V_P_I_1794_jpg.rf.ee5c296f3f00e56296255a8c50b168b2.jpg,/home/divya/projects/IndianANPR/data/processed/npds_leakage_safe/labels/train/V_P_I_1794_jpg.rf.ee5c296f3f00e56296255a8c50b168b2.txt,0,1
npds_01002_V_P_I_1344_jpg.rf.2b9703da4b78cbca0d91973cc82daf4c,npds,/home/divya/projects/IndianANPR/data/processed/npds_leakage_safe/images/train/V_P_I_1344_jpg.rf.2b9703da4b78cbca0d91973cc82daf4c.jpg,/home/divya/projects/IndianANPR/data/processed/npds_leakage_safe/labels/train/V_P_I_1344_jpg.rf.2b9703da4b78cbca0d91973cc82daf4c.txt,0,1
npds_01003_V_P_I_3311_jpg.rf.820158842e4bf35d7c5856c9b79a1a2f,npds,/home/divya/projects/IndianANPR/data/processed/npds_leakage_safe/images/train/V_P_I_3311_jpg.rf.820158842e4bf35d7c5856c9b79a1a2f.jpg,/home/divya/projects/IndianANPR/data/processed/npds_leakage_safe/labels/train/V_P_I_3311_jpg.rf.820158842e4bf35d7c5856c9b79a1a2f.txt,0,1
npds_01004_V_P_I_39_jpg.rf.055d3b85f8f90785ee4e24a0813adf35,npds,/home/divya/projects/IndianANPR/data/processed/npds_leakage_safe/images/train/V_P_I_39_jpg.rf.055d3b85f8f90785ee4e24a0813adf35.jpg,/home/divya/projects/IndianANPR/data/processed/npds_leakage_safe/labels/train/V_P_I_39_jpg.rf.055d3b85f8f90785ee4e24a0813adf35.txt,0,1
npds_01005_V_P_I_2020_jpg.rf.9c27a6864fe554116e139992bff53f75,npds,/home/divya/projects/IndianANPR/data/processed/npds_leakage_safe/images/train/V_P_I_2020_jpg.rf.9c27a6864fe554116e139992bff53f75.jpg,/home/divya/projects/IndianANPR/data/processed/npds_leakage_safe/labels/train/V_P_I_2020_jpg.rf.9c27a6864fe554116e139992bff53f75.txt,0,1
npds_01006_V_P_I_675_jpg.rf.f887abc996a8d317d5e1fde1e919c0dc,npds,/home/divya/projects/IndianANPR/data/processed/npds_leakage_safe/images/train/V_P_I_675_jpg.rf.f887abc996a8d317d5e1fde1e919c0dc.jpg,/home/divya/projects/IndianANPR/data/processed/npds_leakage_safe/labels/train/V_P_I_675_jpg.rf.f887abc996a8d317d5e1fde1e919c0dc.txt,0,1
npds_01007_V_P_I_3256_jpg.rf.17ed84cd8241cf728a2d7ea54c3d3855,npds,/home/divya/projects/IndianANPR/data/processed/npds_leakage_safe/images/train/V_P_I_3256_jpg.rf.17ed84cd8241cf728a2d7ea54c3d3855.jpg,/home/divya/projects/IndianANPR/data/processed/npds_leakage_safe/labels/train/V_P_I_3256_jpg.rf.17ed84cd8241cf728a2d7ea54c3d3855.txt,0,1
npds_01008_V_P_I_2982_jpg.rf.230bd52d69af186920559021047f1400,npds,/home/divya/projects/IndianANPR/data/processed/npds_leakage_safe/images/train/V_P_I_2982_jpg.rf.230bd52d69af186920559021047f1400.jpg,/home/divya/projects/IndianANPR/data/processed/npds_leakage_safe/labels/train/V_P_I_2982_jpg.rf.230bd52d69af186920559021047f1400.txt,0,1
npds_01009_V_P_I_518_jpg.rf.a93ff4771a7ef0f2fe97fe890932902c,npds,/home/divya/projects/IndianANPR/data/processed/npds_leakage_safe/images/train/V_P_I_518_jpg.rf.a93ff4771a7ef0f2fe97fe890932902c.jpg,/home/divya/projects/IndianANPR/data/processed/npds_leakage_safe/labels/train/V_P_I_518_jpg.rf.a93ff4771a7ef0f2fe97fe890932902c.txt,0,1
npds_01010_V_P_I_1412_jpg.rf.26844c295e4acad7b23d1c2bc5a19a72,npds,/home/divya/projects/IndianANPR/data/processed/npds_leakage_safe/images/train/V_P_I_1412_jpg.rf.26844c295e4acad7b23d1c2bc5a19a72.jpg,/home/divya/projects/IndianANPR/data/processed/npds_leakage_safe/labels/train/V_P_I_1412_jpg.rf.26844c295e4acad7b23d1c2bc5a19a72.txt,0,1
npds_01011_V_P_I_489_jpg.rf.54f3b0162489759ce3db9e8c260e51e3,npds,/home/divya/projects/IndianANPR/data/processed/npds_leakage_safe/images/train/V_P_I_489_jpg.rf.54f3b0162489759ce3db9e8c260e51e3.jpg,/home/divya/projects/IndianANPR/data/processed/npds_leakage_safe/labels/train/V_P_I_489_jpg.rf.54f3b0162489759ce3db9e8c260e51e3.txt,0,1
npds_01012_V_P_I_286_jpg.rf.f6a8de86708f609400581fec01182341,npds,/home/divya/projects/IndianANPR/data/processed/npds_leakage_safe/images/train/V_P_I_286_jpg.rf.f6a8de86708f609400581fec01182341.jpg,/home/divya/projects/IndianANPR/data/processed/npds_leakage_safe/labels/train/V_P_I_286_jpg.rf.f6a8de86708f609400581fec01182341.txt,0,1
npds_01013_V_P_I_438_jpg.rf.6c80006ef25f8547566a4a84fc77ed78,npds,/home/divya/projects/IndianANPR/data/processed/npds_leakage_safe/images/train/V_P_I_438_jpg.rf.6c80006ef25f8547566a4a84fc77ed78.jpg,/home/divya/projects/IndianANPR/data/processed/npds_leakage_safe/labels/train/V_P_I_438_jpg.rf.6c80006ef25f8547566a4a84fc77ed78.txt,0,1
npds_01014_V_P_I_1134_jpg.rf.76e1c31498a543af647c5b5741fad6f5,npds,/home/divya/projects/IndianANPR/data/processed/npds_leakage_safe/images/train/V_P_I_1134_jpg.rf.76e1c31498a543af647c5b5741fad6f5.jpg,/home/divya/projects/IndianANPR/data/processed/npds_leakage_safe/labels/train/V_P_I_1134_jpg.rf.76e1c31498a543af647c5b5741fad6f5.txt,0,1
npds_01015_V_P_I_2168_jpg.rf.972df3dfa1baf06e9c3a289bf1f58004,npds,/home/divya/projects/IndianANPR/data/processed/npds_leakage_safe/images/train/V_P_I_2168_jpg.rf.972df3dfa1baf06e9c3a289bf1f58004.jpg,/home/divya/projects/IndianANPR/data/processed/npds_leakage_safe/labels/train/V_P_I_2168_jpg.rf.972df3dfa1baf06e9c3a289bf1f58004.txt,0,1
npds_01016_V_P_I_2775_jpg.rf.bcbb594c3db9be4e55a7ddb8be4e15fa,npds,/home/divya/projects/IndianANPR/data/processed/npds_leakage_safe/images/train/V_P_I_2775_jpg.rf.bcbb594c3db9be4e55a7ddb8be4e15fa.jpg,/home/divya/projects/IndianANPR/data/processed/npds_leakage_safe/labels/train/V_P_I_2775_jpg.rf.bcbb594c3db9be4e55a7ddb8be4e15fa.txt,0,1
npds_01017_V_P_I_2429_jpg.rf.5f009f1417ddebed209a7ef4867f258e,npds,/home/divya/projects/IndianANPR/data/processed/npds_leakage_safe/images/train/V_P_I_2429_jpg.rf.5f009f1417ddebed209a7ef4867f258e.jpg,/home/divya/projects/IndianANPR/data/processed/npds_leakage_safe/labels/train/V_P_I_2429_jpg.rf.5f009f1417ddebed209a7ef4867f258e.txt,0,1
npds_01018_V_P_I_3172_jpg.rf.493ecd886025c4b576fa108988c92d02,npds,/home/divya/projects/IndianANPR/data/processed/npds_leakage_safe/images/train/V_P_I_3172_jpg.rf.493ecd886025c4b576fa108988c92d02.jpg,/home/divya/projects/IndianANPR/data/processed/npds_leakage_safe/labels/train/V_P_I_3172_jpg.rf.493ecd886025c4b576fa108988c92d02.txt,0,1
npds_01019_V_P_I_2245_jpg.rf.42bd00bd54b3045202729197dfcb8ec5,npds,/home/divya/projects/IndianANPR/data/processed/npds_leakage_safe/images/train/V_P_I_2245_jpg.rf.42bd00bd54b3045202729197dfcb8ec5.jpg,/home/divya/projects/IndianANPR/data/processed/npds_leakage_safe/labels/train/V_P_I_2245_jpg.rf.42bd00bd54b3045202729197dfcb8ec5.txt,0,1
npds_01020_V_P_I_1230_jpg.rf.e35cb52be7345e248b2af57b75f1ca64,npds,/home/divya/projects/IndianANPR/data/processed/npds_leakage_safe/images/train/V_P_I_1230_jpg.rf.e35cb52be7345e248b2af57b75f1ca64.jpg,/home/divya/projects/IndianANPR/data/processed/npds_leakage_safe/labels/train/V_P_I_1230_jpg.rf.e35cb52be7345e248b2af57b75f1ca64.txt,0,1
npds_01021_V_P_I_2688_jpg.rf.58aff3fa556716522a944fd6350773f4,npds,/home/divya/projects/IndianANPR/data/processed/npds_leakage_safe/images/train/V_P_I_2688_jpg.rf.58aff3fa556716522a944fd6350773f4.jpg,/home/divya/projects/IndianANPR/data/processed/npds_leakage_safe/labels/train/V_P_I_2688_jpg.rf.58aff3fa556716522a944fd6350773f4.txt,0,1
npds_01022_V_P_I_3129_jpg.rf.4afcab8602499bcfbf1b82009209e95a,npds,/home/divya/projects/IndianANPR/data/processed/npds_leakage_safe/images/train/V_P_I_3129_jpg.rf.4afcab8602499bcfbf1b82009209e95a.jpg,/home/divya/projects/IndianANPR/data/processed/npds_leakage_safe/labels/train/V_P_I_3129_jpg.rf.4afcab8602499bcfbf1b82009209e95a.txt,0,1
npds_01023_V_P_I_2148_jpg.rf.632d0146094cb65739e7c699803949c5,npds,/home/divya/projects/IndianANPR/data/processed/npds_leakage_safe/images/train/V_P_I_2148_jpg.rf.632d0146094cb65739e7c699803949c5.jpg,/home/divya/projects/IndianANPR/data/processed/npds_leakage_safe/labels/train/V_P_I_2148_jpg.rf.632d0146094cb65739e7c699803949c5.txt,0,1
npds_01024_V_P_I_1046_jpg.rf.f3410111fbac5628ec25af2e154ba820,npds,/home/divya/projects/IndianANPR/data/processed/npds_leakage_safe/images/train/V_P_I_1046_jpg.rf.f3410111fbac5628ec25af2e154ba820.jpg,/home/divya/projects/IndianANPR/data/processed/npds_leakage_safe/labels/train/V_P_I_1046_jpg.rf.f3410111fbac5628ec25af2e154ba820.txt,0,1
npds_01025_V_P_I_672_jpg.rf.a6a33622b2d0e1b9d6573639fbcb2813,npds,/home/divya/projects/IndianANPR/data/processed/npds_leakage_safe/images/train/V_P_I_672_jpg.rf.a6a33622b2d0e1b9d6573639fbcb2813.jpg,/home/divya/projects/IndianANPR/data/processed/npds_leakage_safe/labels/train/V_P_I_672_jpg.rf.a6a33622b2d0e1b9d6573639fbcb2813.txt,0,1
npds_01026_V_P_I_2403_jpg.rf.e643688265e46ee4bdb99f36415c606e,npds,/home/divya/projects/IndianANPR/data/processed/npds_leakage_safe/images/train/V_P_I_2403_jpg.rf.e643688265e46ee4bdb99f36415c606e.jpg,/home/divya/projects/IndianANPR/data/processed/npds_leakage_safe/labels/train/V_P_I_2403_jpg.rf.e643688265e46ee4bdb99f36415c606e.txt,0,1
npds_01027_V_P_I_579_jpg.rf.bba74ac0971ea43d3358421185c691d9,npds,/home/divya/projects/IndianANPR/data/processed/npds_leakage_safe/images/train/V_P_I_579_jpg.rf.bba74ac0971ea43d3358421185c691d9.jpg,/home/divya/projects/IndianANPR/data/processed/npds_leakage_safe/labels/train/V_P_I_579_jpg.rf.bba74ac0971ea43d3358421185c691d9.txt,0,1
npds_01028_V_P_I_2623_jpg.rf.1fb990afe0d383ae1b51496fec44946d,npds,/home/divya/projects/IndianANPR/data/processed/npds_leakage_safe/images/train/V_P_I_2623_jpg.rf.1fb990afe0d383ae1b51496fec44946d.jpg,/home/divya/projects/IndianANPR/data/processed/npds_leakage_safe/labels/train/V_P_I_2623_jpg.rf.1fb990afe0d383ae1b51496fec44946d.txt,0,1
npds_01029_V_P_I_1358_jpg.rf.3b1ca6b140ac4b74bb25c40da31b1cd9,npds,/home/divya/projects/IndianANPR/data/processed/npds_leakage_safe/images/train/V_P_I_1358_jpg.rf.3b1ca6b140ac4b74bb25c40da31b1cd9.jpg,/home/divya/projects/IndianANPR/data/processed/npds_leakage_safe/labels/train/V_P_I_1358_jpg.rf.3b1ca6b140ac4b74bb25c40da31b1cd9.txt,0,1
npds_01030_V_P_I_2441_jpg.rf.1fb26a82f694f48448a32058202fb76f,npds,/home/divya/projects/IndianANPR/data/processed/npds_leakage_safe/images/train/V_P_I_2441_jpg.rf.1fb26a82f694f48448a32058202fb76f.jpg,/home/divya/projects/IndianANPR/data/processed/npds_leakage_safe/labels/train/V_P_I_2441_jpg.rf.1fb26a82f694f48448a32058202fb76f.txt,0,1
npds_01031_V_P_I_2219_jpg.rf.33ba932d149330e62e43b8ff48ee8888,npds,/home/divya/projects/IndianANPR/data/processed/npds_leakage_safe/images/train/V_P_I_2219_jpg.rf.33ba932d149330e62e43b8ff48ee8888.jpg,/home/divya/projects/IndianANPR/data/processed/npds_leakage_safe/labels/train/V_P_I_2219_jpg.rf.33ba932d149330e62e43b8ff48ee8888.txt,0,1
npds_01032_V_P_I_3086_jpg.rf.789d922010cfb47d3445fab038afc356,npds,/home/divya/projects/IndianANPR/data/processed/npds_leakage_safe/images/train/V_P_I_3086_jpg.rf.789d922010cfb47d3445fab038afc356.jpg,/home/divya/projects/IndianANPR/data/processed/npds_leakage_safe/labels/train/V_P_I_3086_jpg.rf.789d922010cfb47d3445fab038afc356.txt,0,1
npds_01033_V_P_I_5_jpg.rf.ac67b7f8d184bd81fcf2b7cbe73bd19c,npds,/home/divya/projects/IndianANPR/data/processed/npds_leakage_safe/images/train/V_P_I_5_jpg.rf.ac67b7f8d184bd81fcf2b7cbe73bd19c.jpg,/home/divya/projects/IndianANPR/data/processed/npds_leakage_safe/labels/train/V_P_I_5_jpg.rf.ac67b7f8d184bd81fcf2b7cbe73bd19c.txt,0,2
npds_01034_V_P_I_2528_jpg.rf.bd47980c1b5e66c36db98cf8aa38fd68,npds,/home/divya/projects/IndianANPR/data/processed/npds_leakage_safe/images/train/V_P_I_2528_jpg.rf.bd47980c1b5e66c36db98cf8aa38fd68.jpg,/home/divya/projects/IndianANPR/data/processed/npds_leakage_safe/labels/train/V_P_I_2528_jpg.rf.bd47980c1b5e66c36db98cf8aa38fd68.txt,0,1
npds_01035_V_P_I_334_jpg.rf.595b14d2ddf10a255f4dc7483a42741d,npds,/home/divya/projects/IndianANPR/data/processed/npds_leakage_safe/images/train/V_P_I_334_jpg.rf.595b14d2ddf10a255f4dc7483a42741d.jpg,/home/divya/projects/IndianANPR/data/processed/npds_leakage_safe/labels/train/V_P_I_334_jpg.rf.595b14d2ddf10a255f4dc7483a42741d.txt,0,1
npds_01036_V_P_I_1506_jpg.rf.f5bf892543c462a9e808e4c56a5a1a5e,npds,/home/divya/projects/IndianANPR/data/processed/npds_leakage_safe/images/train/V_P_I_1506_jpg.rf.f5bf892543c462a9e808e4c56a5a1a5e.jpg,/home/divya/projects/IndianANPR/data/processed/npds_leakage_safe/labels/train/V_P_I_1506_jpg.rf.f5bf892543c462a9e808e4c56a5a1a5e.txt,0,1
npds_01037_V_P_I_2447_jpg.rf.4253c23dd931ec78fb47d95160e3f8db,npds,/home/divya/projects/IndianANPR/data/processed/npds_leakage_safe/images/train/V_P_I_2447_jpg.rf.4253c23dd931ec78fb47d95160e3f8db.jpg,/home/divya/projects/IndianANPR/data/processed/npds_leakage_safe/labels/train/V_P_I_2447_jpg.rf.4253c23dd931ec78fb47d95160e3f8db.txt,0,1
npds_01038_V_P_I_1580_jpg.rf.b2883a6595164e6d8b9e9cd2c20259de,npds,/home/divya/projects/IndianANPR/data/processed/npds_leakage_safe/images/train/V_P_I_1580_jpg.rf.b2883a6595164e6d8b9e9cd2c20259de.jpg,/home/divya/projects/IndianANPR/data/processed/npds_leakage_safe/labels/train/V_P_I_1580_jpg.rf.b2883a6595164e6d8b9e9cd2c20259de.txt,0,1
npds_01039_V_P_I_3436_jpeg_jpg.rf.6927064903025068d5fdaf5e66c7e7ee,npds,/home/divya/projects/IndianANPR/data/processed/npds_leakage_safe/images/train/V_P_I_3436_jpeg_jpg.rf.6927064903025068d5fdaf5e66c7e7ee.jpg,/home/divya/projects/IndianANPR/data/processed/npds_leakage_safe/labels/train/V_P_I_3436_jpeg_jpg.rf.6927064903025068d5fdaf5e66c7e7ee.txt,0,1
npds_01040_V_P_I_2735_jpg.rf.18e2c29176e77dbc568a8552df5f8fc4,npds,/home/divya/projects/IndianANPR/data/processed/npds_leakage_safe/images/train/V_P_I_2735_jpg.rf.18e2c29176e77dbc568a8552df5f8fc4.jpg,/home/divya/projects/IndianANPR/data/processed/npds_leakage_safe/labels/train/V_P_I_2735_jpg.rf.18e2c29176e77dbc568a8552df5f8fc4.txt,0,1
npds_01041_V_P_I_3140_jpg.rf.1f37b5de9380f1f84edae28ffb0982fd,npds,/home/divya/projects/IndianANPR/data/processed/npds_leakage_safe/images/train/V_P_I_3140_jpg.rf.1f37b5de9380f1f84edae28ffb0982fd.jpg,/home/divya/projects/IndianANPR/data/processed/npds_leakage_safe/labels/train/V_P_I_3140_jpg.rf.1f37b5de9380f1f84edae28ffb0982fd.txt,0,1
npds_01042_V_P_I_1890_jpg.rf.18c9b4c315ae2214ec0b755e90f07ebe,npds,/home/divya/projects/IndianANPR/data/processed/npds_leakage_safe/images/train/V_P_I_1890_jpg.rf.18c9b4c315ae2214ec0b755e90f07ebe.jpg,/home/divya/projects/IndianANPR/data/processed/npds_leakage_safe/labels/train/V_P_I_1890_jpg.rf.18c9b4c315ae2214ec0b755e90f07ebe.txt,0,1
npds_01043_V_P_I_3021_jpg.rf.9ea808c5b1ce518d5190ec12313ef7db,npds,/home/divya/projects/IndianANPR/data/processed/npds_leakage_safe/images/train/V_P_I_3021_jpg.rf.9ea808c5b1ce518d5190ec12313ef7db.jpg,/home/divya/projects/IndianANPR/data/processed/npds_leakage_safe/labels/train/V_P_I_3021_jpg.rf.9ea808c5b1ce518d5190ec12313ef7db.txt,0,1
npds_01044_V_P_I_52_jpg.rf.07c4944fc3545c3964d5179cda7b2e51,npds,/home/divya/projects/IndianANPR/data/processed/npds_leakage_safe/images/train/V_P_I_52_jpg.rf.07c4944fc3545c3964d5179cda7b2e51.jpg,/home/divya/projects/IndianANPR/data/processed/npds_leakage_safe/labels/train/V_P_I_52_jpg.rf.07c4944fc3545c3964d5179cda7b2e51.txt,0,1
npds_01045_V_P_I_2791_jpg.rf.035f154b9a540576d96dfbe442982c99,npds,/home/divya/projects/IndianANPR/data/processed/npds_leakage_safe/images/train/V_P_I_2791_jpg.rf.035f154b9a540576d96dfbe442982c99.jpg,/home/divya/projects/IndianANPR/data/processed/npds_leakage_safe/labels/train/V_P_I_2791_jpg.rf.035f154b9a540576d96dfbe442982c99.txt,0,1
npds_01046_V_P_I_409_jpg.rf.062c4a1d9d47f0849cd0a62f919a8b52,npds,/home/divya/projects/IndianANPR/data/processed/npds_leakage_safe/images/train/V_P_I_409_jpg.rf.062c4a1d9d47f0849cd0a62f919a8b52.jpg,/home/divya/projects/IndianANPR/data/processed/npds_leakage_safe/labels/train/V_P_I_409_jpg.rf.062c4a1d9d47f0849cd0a62f919a8b52.txt,0,1
npds_01047_V_P_I_2603_jpg.rf.cb69c70a63721a29732fe799bfac8d8a,npds,/home/divya/projects/IndianANPR/data/processed/npds_leakage_safe/images/train/V_P_I_2603_jpg.rf.cb69c70a63721a29732fe799bfac8d8a.jpg,/home/divya/projects/IndianANPR/data/processed/npds_leakage_safe/labels/train/V_P_I_2603_jpg.rf.cb69c70a63721a29732fe799bfac8d8a.txt,0,1
npds_01048_V_P_I_2547_jpg.rf.cf2dbe6d156eeda2a4216186d4d0ad2d,npds,/home/divya/projects/IndianANPR/data/processed/npds_leakage_safe/images/train/V_P_I_2547_jpg.rf.cf2dbe6d156eeda2a4216186d4d0ad2d.jpg,/home/divya/projects/IndianANPR/data/processed/npds_leakage_safe/labels/train/V_P_I_2547_jpg.rf.cf2dbe6d156eeda2a4216186d4d0ad2d.txt,0,1
npds_01049_V_P_I_2447_jpg.rf.6a71c99c8804b169be1c4a0b0472bc47,npds,/home/divya/projects/IndianANPR/data/processed/npds_leakage_safe/images/train/V_P_I_2447_jpg.rf.6a71c99c8804b169be1c4a0b0472bc47.jpg,/home/divya/projects/IndianANPR/data/processed/npds_leakage_safe/labels/train/V_P_I_2447_jpg.rf.6a71c99c8804b169be1c4a0b0472bc47.txt,0,1
npds_01050_V_P_I_589_jpg.rf.be2b3f2957578f3cbdccbacc005ab0b8,npds,/home/divya/projects/IndianANPR/data/processed/npds_leakage_safe/images/train/V_P_I_589_jpg.rf.be2b3f2957578f3cbdccbacc005ab0b8.jpg,/home/divya/projects/IndianANPR/data/processed/npds_leakage_safe/labels/train/V_P_I_589_jpg.rf.be2b3f2957578f3cbdccbacc005ab0b8.txt,0,1
npds_01051_V_P_I_3426_jpeg_jpg.rf.638a44125e50df9ba46caaf640cd664d,npds,/home/divya/projects/IndianANPR/data/processed/npds_leakage_safe/images/train/V_P_I_3426_jpeg_jpg.rf.638a44125e50df9ba46caaf640cd664d.jpg,/home/divya/projects/IndianANPR/data/processed/npds_leakage_safe/labels/train/V_P_I_3426_jpeg_jpg.rf.638a44125e50df9ba46caaf640cd664d.txt,0,1
npds_01052_V_P_I_2957_jpg.rf.2b038fa32de7a63b52a2becd61ed5b85,npds,/home/divya/projects/IndianANPR/data/processed/npds_leakage_safe/images/train/V_P_I_2957_jpg.rf.2b038fa32de7a63b52a2becd61ed5b85.jpg,/home/divya/projects/IndianANPR/data/processed/npds_leakage_safe/labels/train/V_P_I_2957_jpg.rf.2b038fa32de7a63b52a2becd61ed5b85.txt,0,1
npds_01053_V_P_I_1885_jpg.rf.74195d55ed48ee3b1e46c9e0784616dd,npds,/home/divya/projects/IndianANPR/data/processed/npds_leakage_safe/images/train/V_P_I_1885_jpg.rf.74195d55ed48ee3b1e46c9e0784616dd.jpg,/home/divya/projects/IndianANPR/data/processed/npds_leakage_safe/labels/train/V_P_I_1885_jpg.rf.74195d55ed48ee3b1e46c9e0784616dd.txt,0,1
npds_01054_V_P_I_2098_jpg.rf.32ccae20cb00c8b15c262eb142703575,npds,/home/divya/projects/IndianANPR/data/processed/npds_leakage_safe/images/train/V_P_I_2098_jpg.rf.32ccae20cb00c8b15c262eb142703575.jpg,/home/divya/projects/IndianANPR/data/processed/npds_leakage_safe/labels/train/V_P_I_2098_jpg.rf.32ccae20cb00c8b15c262eb142703575.txt,0,2
npds_01055_V_P_I_683_jpg.rf.32b032097efd461a0baf75c9bf36bcbe,npds,/home/divya/projects/IndianANPR/data/processed/npds_leakage_safe/images/train/V_P_I_683_jpg.rf.32b032097efd461a0baf75c9bf36bcbe.jpg,/home/divya/projects/IndianANPR/data/processed/npds_leakage_safe/labels/train/V_P_I_683_jpg.rf.32b032097efd461a0baf75c9bf36bcbe.txt,0,1
npds_01056_V_P_I_1807_jpg.rf.62be93c1d3ab24fd88b3eeac0ab68e14,npds,/home/divya/projects/IndianANPR/data/processed/npds_leakage_safe/images/train/V_P_I_1807_jpg.rf.62be93c1d3ab24fd88b3eeac0ab68e14.jpg,/home/divya/projects/IndianANPR/data/processed/npds_leakage_safe/labels/train/V_P_I_1807_jpg.rf.62be93c1d3ab24fd88b3eeac0ab68e14.txt,0,1
npds_01057_V_P_I_605_jpg.rf.ea7f25025bc4dd7714e9c62da2cbc104,npds,/home/divya/projects/IndianANPR/data/processed/npds_leakage_safe/images/train/V_P_I_605_jpg.rf.ea7f25025bc4dd7714e9c62da2cbc104.jpg,/home/divya/projects/IndianANPR/data/processed/npds_leakage_safe/labels/train/V_P_I_605_jpg.rf.ea7f25025bc4dd7714e9c62da2cbc104.txt,0,2
npds_01058_V_P_I_1296_jpg.rf.6e4ed2f9507eed616b440130b33749cf,npds,/home/divya/projects/IndianANPR/data/processed/npds_leakage_safe/images/train/V_P_I_1296_jpg.rf.6e4ed2f9507eed616b440130b33749cf.jpg,/home/divya/projects/IndianANPR/data/processed/npds_leakage_safe/labels/train/V_P_I_1296_jpg.rf.6e4ed2f9507eed616b440130b33749cf.txt,0,1
npds_01059_V_P_I_1928_jpg.rf.00d87f36819650bcc73449cc110bd536,npds,/home/divya/projects/IndianANPR/data/processed/npds_leakage_safe/images/train/V_P_I_1928_jpg.rf.00d87f36819650bcc73449cc110bd536.jpg,/home/divya/projects/IndianANPR/data/processed/npds_leakage_safe/labels/train/V_P_I_1928_jpg.rf.00d87f36819650bcc73449cc110bd536.txt,0,1
npds_01060_V_P_I_2499_jpg.rf.273caff7fbf572e1e236af10bbe0ec7a,npds,/home/divya/projects/IndianANPR/data/processed/npds_leakage_safe/images/train/V_P_I_2499_jpg.rf.273caff7fbf572e1e236af10bbe0ec7a.jpg,/home/divya/projects/IndianANPR/data/processed/npds_leakage_safe/labels/train/V_P_I_2499_jpg.rf.273caff7fbf572e1e236af10bbe0ec7a.txt,0,1
npds_01061_V_P_I_1799_jpg.rf.96a54b8e7123a3e24ee9f116997bc8ac,npds,/home/divya/projects/IndianANPR/data/processed/npds_leakage_safe/images/train/V_P_I_1799_jpg.rf.96a54b8e7123a3e24ee9f116997bc8ac.jpg,/home/divya/projects/IndianANPR/data/processed/npds_leakage_safe/labels/train/V_P_I_1799_jpg.rf.96a54b8e7123a3e24ee9f116997bc8ac.txt,0,1
npds_01062_V_P_I_3505_jpg.rf.6e01007d6094935fd57b969d6a503183,npds,/home/divya/projects/IndianANPR/data/processed/npds_leakage_safe/images/train/V_P_I_3505_jpg.rf.6e01007d6094935fd57b969d6a503183.jpg,/home/divya/projects/IndianANPR/data/processed/npds_leakage_safe/labels/train/V_P_I_3505_jpg.rf.6e01007d6094935fd57b969d6a503183.txt,0,1
npds_01063_V_P_I_2547_jpg.rf.8b06c576a462d762b411d8a3a9dce635,npds,/home/divya/projects/IndianANPR/data/processed/npds_leakage_safe/images/train/V_P_I_2547_jpg.rf.8b06c576a462d762b411d8a3a9dce635.jpg,/home/divya/projects/IndianANPR/data/processed/npds_leakage_safe/labels/train/V_P_I_2547_jpg.rf.8b06c576a462d762b411d8a3a9dce635.txt,0,1
npds_01064_V_P_I_2885_jpg.rf.702accdd5203a06af03fd424f33e200c,npds,/home/divya/projects/IndianANPR/data/processed/npds_leakage_safe/images/train/V_P_I_2885_jpg.rf.702accdd5203a06af03fd424f33e200c.jpg,/home/divya/projects/IndianANPR/data/processed/npds_leakage_safe/labels/train/V_P_I_2885_jpg.rf.702accdd5203a06af03fd424f33e200c.txt,0,1
npds_01065_V_P_I_3006_jpg.rf.69bc5a79387bbfa0748324e43a7ce18c,npds,/home/divya/projects/IndianANPR/data/processed/npds_leakage_safe/images/train/V_P_I_3006_jpg.rf.69bc5a79387bbfa0748324e43a7ce18c.jpg,/home/divya/projects/IndianANPR/data/processed/npds_leakage_safe/labels/train/V_P_I_3006_jpg.rf.69bc5a79387bbfa0748324e43a7ce18c.txt,0,1
npds_01066_V_P_I_3192_jpg.rf.16ad44bd472f78d2f074b8a3add60cca,npds,/home/divya/projects/IndianANPR/data/processed/npds_leakage_safe/images/train/V_P_I_3192_jpg.rf.16ad44bd472f78d2f074b8a3add60cca.jpg,/home/divya/projects/IndianANPR/data/processed/npds_leakage_safe/labels/train/V_P_I_3192_jpg.rf.16ad44bd472f78d2f074b8a3add60cca.txt,0,1
npds_01067_V_P_I_916_jpg.rf.126a7562c6a96bcf36bc1d16e2786205,npds,/home/divya/projects/IndianANPR/data/processed/npds_leakage_safe/images/train/V_P_I_916_jpg.rf.126a7562c6a96bcf36bc1d16e2786205.jpg,/home/divya/projects/IndianANPR/data/processed/npds_leakage_safe/labels/train/V_P_I_916_jpg.rf.126a7562c6a96bcf36bc1d16e2786205.txt,0,1
npds_01068_V_P_I_2135_jpg.rf.307cb4d3c1ba9e426b0a808b308897df,npds,/home/divya/projects/IndianANPR/data/processed/npds_leakage_safe/images/train/V_P_I_2135_jpg.rf.307cb4d3c1ba9e426b0a808b308897df.jpg,/home/divya/projects/IndianANPR/data/processed/npds_leakage_safe/labels/train/V_P_I_2135_jpg.rf.307cb4d3c1ba9e426b0a808b308897df.txt,0,1
npds_01069_V_P_I_1093_jpg.rf.cfb2be4b4a27b8785f0c9559373a7714,npds,/home/divya/projects/IndianANPR/data/processed/npds_leakage_safe/images/train/V_P_I_1093_jpg.rf.cfb2be4b4a27b8785f0c9559373a7714.jpg,/home/divya/projects/IndianANPR/data/processed/npds_leakage_safe/labels/train/V_P_I_1093_jpg.rf.cfb2be4b4a27b8785f0c9559373a7714.txt,0,1
npds_01070_V_P_I_2644_jpg.rf.0434c865a49c113992923e2cefdd71be,npds,/home/divya/projects/IndianANPR/data/processed/npds_leakage_safe/images/train/V_P_I_2644_jpg.rf.0434c865a49c113992923e2cefdd71be.jpg,/home/divya/projects/IndianANPR/data/processed/npds_leakage_safe/labels/train/V_P_I_2644_jpg.rf.0434c865a49c113992923e2cefdd71be.txt,0,1
npds_01071_V_P_I_679_jpg.rf.2fdefb5485686cc02315400012d08aa9,npds,/home/divya/projects/IndianANPR/data/processed/npds_leakage_safe/images/train/V_P_I_679_jpg.rf.2fdefb5485686cc02315400012d08aa9.jpg,/home/divya/projects/IndianANPR/data/processed/npds_leakage_safe/labels/train/V_P_I_679_jpg.rf.2fdefb5485686cc02315400012d08aa9.txt,0,1
npds_01072_V_P_I_2105_jpg.rf.31230e210bfead153279bf2a9825f49a,npds,/home/divya/projects/IndianANPR/data/processed/npds_leakage_safe/images/train/V_P_I_2105_jpg.rf.31230e210bfead153279bf2a9825f49a.jpg,/home/divya/projects/IndianANPR/data/processed/npds_leakage_safe/labels/train/V_P_I_2105_jpg.rf.31230e210bfead153279bf2a9825f49a.txt,0,1
npds_01073_V_P_I_1605_jpg.rf.be6dffa8cf5d28dfbbba87c81c07e076,npds,/home/divya/projects/IndianANPR/data/processed/npds_leakage_safe/images/train/V_P_I_1605_jpg.rf.be6dffa8cf5d28dfbbba87c81c07e076.jpg,/home/divya/projects/IndianANPR/data/processed/npds_leakage_safe/labels/train/V_P_I_1605_jpg.rf.be6dffa8cf5d28dfbbba87c81c07e076.txt,0,1
npds_01074_V_P_I_2616_jpg.rf.45e922a56abb00172c2595b976552361,npds,/home/divya/projects/IndianANPR/data/processed/npds_leakage_safe/images/train/V_P_I_2616_jpg.rf.45e922a56abb00172c2595b976552361.jpg,/home/divya/projects/IndianANPR/data/processed/npds_leakage_safe/labels/train/V_P_I_2616_jpg.rf.45e922a56abb00172c2595b976552361.txt,0,1
npds_01075_V_P_I_1694_jpg.rf.cb42d9ba32998764ffccf21c8df968ba,npds,/home/divya/projects/IndianANPR/data/processed/npds_leakage_safe/images/train/V_P_I_1694_jpg.rf.cb42d9ba32998764ffccf21c8df968ba.jpg,/home/divya/projects/IndianANPR/data/processed/npds_leakage_safe/labels/train/V_P_I_1694_jpg.rf.cb42d9ba32998764ffccf21c8df968ba.txt,0,1
npds_01076_V_P_I_2190_jpg.rf.9e8afce4fe13bb8a37b78f9d929d765b,npds,/home/divya/projects/IndianANPR/data/processed/npds_leakage_safe/images/train/V_P_I_2190_jpg.rf.9e8afce4fe13bb8a37b78f9d929d765b.jpg,/home/divya/projects/IndianANPR/data/processed/npds_leakage_safe/labels/train/V_P_I_2190_jpg.rf.9e8afce4fe13bb8a37b78f9d929d765b.txt,0,1
npds_01077_V_P_I_492_jpg.rf.f420880792655cb259cc8ad551e13cb3,npds,/home/divya/projects/IndianANPR/data/processed/npds_leakage_safe/images/train/V_P_I_492_jpg.rf.f420880792655cb259cc8ad551e13cb3.jpg,/home/divya/projects/IndianANPR/data/processed/npds_leakage_safe/labels/train/V_P_I_492_jpg.rf.f420880792655cb259cc8ad551e13cb3.txt,0,1
npds_01078_V_P_I_1856_jpg.rf.f1f455ce6c08b8eeb06cd382be65e4f2,npds,/home/divya/projects/IndianANPR/data/processed/npds_leakage_safe/images/train/V_P_I_1856_jpg.rf.f1f455ce6c08b8eeb06cd382be65e4f2.jpg,/home/divya/projects/IndianANPR/data/processed/npds_leakage_safe/labels/train/V_P_I_1856_jpg.rf.f1f455ce6c08b8eeb06cd382be65e4f2.txt,0,1
npds_01079_V_P_I_2145_jpg.rf.67f540ffa4f4d296fea44a4bd63b2936,npds,/home/divya/projects/IndianANPR/data/processed/npds_leakage_safe/images/train/V_P_I_2145_jpg.rf.67f540ffa4f4d296fea44a4bd63b2936.jpg,/home/divya/projects/IndianANPR/data/processed/npds_leakage_safe/labels/train/V_P_I_2145_jpg.rf.67f540ffa4f4d296fea44a4bd63b2936.txt,0,1
npds_01080_V_P_I_192_jpg.rf.7286719d1b7d4d9fb1cdca2af9fa60d6,npds,/home/divya/projects/IndianANPR/data/processed/npds_leakage_safe/images/train/V_P_I_192_jpg.rf.7286719d1b7d4d9fb1cdca2af9fa60d6.jpg,/home/divya/projects/IndianANPR/data/processed/npds_leakage_safe/labels/train/V_P_I_192_jpg.rf.7286719d1b7d4d9fb1cdca2af9fa60d6.txt,0,1
npds_01081_V_P_I_2970_jpg.rf.4499c827e2927691739f05d41a1b61c8,npds,/home/divya/projects/IndianANPR/data/processed/npds_leakage_safe/images/train/V_P_I_2970_jpg.rf.4499c827e2927691739f05d41a1b61c8.jpg,/home/divya/projects/IndianANPR/data/processed/npds_leakage_safe/labels/train/V_P_I_2970_jpg.rf.4499c827e2927691739f05d41a1b61c8.txt,0,1
npds_01082_V_P_I_3323_jpg.rf.d4776d00d9a267aedd4dc67536d0ca9b,npds,/home/divya/projects/IndianANPR/data/processed/npds_leakage_safe/images/train/V_P_I_3323_jpg.rf.d4776d00d9a267aedd4dc67536d0ca9b.jpg,/home/divya/projects/IndianANPR/data/processed/npds_leakage_safe/labels/train/V_P_I_3323_jpg.rf.d4776d00d9a267aedd4dc67536d0ca9b.txt,0,1
npds_01083_V_P_I_1919_jpg.rf.629a1e1f0f3c78ed5d7389c9cbba55b6,npds,/home/divya/projects/IndianANPR/data/processed/npds_leakage_safe/images/train/V_P_I_1919_jpg.rf.629a1e1f0f3c78ed5d7389c9cbba55b6.jpg,/home/divya/projects/IndianANPR/data/processed/npds_leakage_safe/labels/train/V_P_I_1919_jpg.rf.629a1e1f0f3c78ed5d7389c9cbba55b6.txt,0,1
npds_01084_V_P_I_2842_jpg.rf.6ce438b594292e32561863a473a4e464,npds,/home/divya/projects/IndianANPR/data/processed/npds_leakage_safe/images/train/V_P_I_2842_jpg.rf.6ce438b594292e32561863a473a4e464.jpg,/home/divya/projects/IndianANPR/data/processed/npds_leakage_safe/labels/train/V_P_I_2842_jpg.rf.6ce438b594292e32561863a473a4e464.txt,0,1
npds_01085_V_P_I_103_jpg.rf.88247a3efc3d5a7c2a19f746f84652ba,npds,/home/divya/projects/IndianANPR/data/processed/npds_leakage_safe/images/train/V_P_I_103_jpg.rf.88247a3efc3d5a7c2a19f746f84652ba.jpg,/home/divya/projects/IndianANPR/data/processed/npds_leakage_safe/labels/train/V_P_I_103_jpg.rf.88247a3efc3d5a7c2a19f746f84652ba.txt,0,2
npds_01086_V_P_I_2720_jpg.rf.cb0731fb38e3c558ceb6c5eb5090e880,npds,/home/divya/projects/IndianANPR/data/processed/npds_leakage_safe/images/train/V_P_I_2720_jpg.rf.cb0731fb38e3c558ceb6c5eb5090e880.jpg,/home/divya/projects/IndianANPR/data/processed/npds_leakage_safe/labels/train/V_P_I_2720_jpg.rf.cb0731fb38e3c558ceb6c5eb5090e880.txt,0,1
npds_01087_V_P_I_1635_jpg.rf.2028baeb3378c81c2c0925f74116a5cd,npds,/home/divya/projects/IndianANPR/data/processed/npds_leakage_safe/images/train/V_P_I_1635_jpg.rf.2028baeb3378c81c2c0925f74116a5cd.jpg,/home/divya/projects/IndianANPR/data/processed/npds_leakage_safe/labels/train/V_P_I_1635_jpg.rf.2028baeb3378c81c2c0925f74116a5cd.txt,0,1
npds_01088_V_P_I_1293_jpg.rf.c91fffafd0eb54d9469575333d62257c,npds,/home/divya/projects/IndianANPR/data/processed/npds_leakage_safe/images/train/V_P_I_1293_jpg.rf.c91fffafd0eb54d9469575333d62257c.jpg,/home/divya/projects/IndianANPR/data/processed/npds_leakage_safe/labels/train/V_P_I_1293_jpg.rf.c91fffafd0eb54d9469575333d62257c.txt,0,1
npds_01089_V_P_I_178_jpg.rf.4f798ff104e3b11d8d296e3077588314,npds,/home/divya/projects/IndianANPR/data/processed/npds_leakage_safe/images/train/V_P_I_178_jpg.rf.4f798ff104e3b11d8d296e3077588314.jpg,/home/divya/projects/IndianANPR/data/processed/npds_leakage_safe/labels/train/V_P_I_178_jpg.rf.4f798ff104e3b11d8d296e3077588314.txt,0,1
npds_01090_V_P_I_3387_jpg.rf.9f9593453ab315cd83ce36d475971762,npds,/home/divya/projects/IndianANPR/data/processed/npds_leakage_safe/images/train/V_P_I_3387_jpg.rf.9f9593453ab315cd83ce36d475971762.jpg,/home/divya/projects/IndianANPR/data/processed/npds_leakage_safe/labels/train/V_P_I_3387_jpg.rf.9f9593453ab315cd83ce36d475971762.txt,0,1
npds_01091_V_P_I_880_jpg.rf.f1fa0accffefe0a16bacdb37ccc67db6,npds,/home/divya/projects/IndianANPR/data/processed/npds_leakage_safe/images/train/V_P_I_880_jpg.rf.f1fa0accffefe0a16bacdb37ccc67db6.jpg,/home/divya/projects/IndianANPR/data/processed/npds_leakage_safe/labels/train/V_P_I_880_jpg.rf.f1fa0accffefe0a16bacdb37ccc67db6.txt,0,1
npds_01092_V_P_I_891_jpg.rf.b94594d2d7cfa33fb3151e0ca740fbea,npds,/home/divya/projects/IndianANPR/data/processed/npds_leakage_safe/images/train/V_P_I_891_jpg.rf.b94594d2d7cfa33fb3151e0ca740fbea.jpg,/home/divya/projects/IndianANPR/data/processed/npds_leakage_safe/labels/train/V_P_I_891_jpg.rf.b94594d2d7cfa33fb3151e0ca740fbea.txt,0,1
npds_01093_V_P_I_2841_jpg.rf.3700ca31e0ca949e3e8fc4685fcc9a80,npds,/home/divya/projects/IndianANPR/data/processed/npds_leakage_safe/images/train/V_P_I_2841_jpg.rf.3700ca31e0ca949e3e8fc4685fcc9a80.jpg,/home/divya/projects/IndianANPR/data/processed/npds_leakage_safe/labels/train/V_P_I_2841_jpg.rf.3700ca31e0ca949e3e8fc4685fcc9a80.txt,0,1
npds_01094_V_P_I_3538_jpg.rf.9f732a0de893140ab175b38da763dbb1,npds,/home/divya/projects/IndianANPR/data/processed/npds_leakage_safe/images/train/V_P_I_3538_jpg.rf.9f732a0de893140ab175b38da763dbb1.jpg,/home/divya/projects/IndianANPR/data/processed/npds_leakage_safe/labels/train/V_P_I_3538_jpg.rf.9f732a0de893140ab175b38da763dbb1.txt,0,1
npds_01095_V_P_I_1787_jpg.rf.b3c6c4b251067475724e512bee7992ad,npds,/home/divya/projects/IndianANPR/data/processed/npds_leakage_safe/images/train/V_P_I_1787_jpg.rf.b3c6c4b251067475724e512bee7992ad.jpg,/home/divya/projects/IndianANPR/data/processed/npds_leakage_safe/labels/train/V_P_I_1787_jpg.rf.b3c6c4b251067475724e512bee7992ad.txt,0,1
npds_01096_V_P_I_3277_jpg.rf.ae6413d5379224e142a8bd4ec3c6a476,npds,/home/divya/projects/IndianANPR/data/processed/npds_leakage_safe/images/train/V_P_I_3277_jpg.rf.ae6413d5379224e142a8bd4ec3c6a476.jpg,/home/divya/projects/IndianANPR/data/processed/npds_leakage_safe/labels/train/V_P_I_3277_jpg.rf.ae6413d5379224e142a8bd4ec3c6a476.txt,0,1
npds_01097_V_P_I_2583_jpg.rf.eda7a2935cdf4b2127ad7a8cebec8954,npds,/home/divya/projects/IndianANPR/data/processed/npds_leakage_safe/images/train/V_P_I_2583_jpg.rf.eda7a2935cdf4b2127ad7a8cebec8954.jpg,/home/divya/projects/IndianANPR/data/processed/npds_leakage_safe/labels/train/V_P_I_2583_jpg.rf.eda7a2935cdf4b2127ad7a8cebec8954.txt,0,1
npds_01098_V_P_I_3118_jpg.rf.ae5c406699f21e96fa72a79786631189,npds,/home/divya/projects/IndianANPR/data/processed/npds_leakage_safe/images/train/V_P_I_3118_jpg.rf.ae5c406699f21e96fa72a79786631189.jpg,/home/divya/projects/IndianANPR/data/processed/npds_leakage_safe/labels/train/V_P_I_3118_jpg.rf.ae5c406699f21e96fa72a79786631189.txt,0,1
npds_01099_V_P_I_3362_jpg.rf.c7a74bd82f7dcc6f58270faf81ccd4b3,npds,/home/divya/projects/IndianANPR/data/processed/npds_leakage_safe/images/train/V_P_I_3362_jpg.rf.c7a74bd82f7dcc6f58270faf81ccd4b3.jpg,/home/divya/projects/IndianANPR/data/processed/npds_leakage_safe/labels/train/V_P_I_3362_jpg.rf.c7a74bd82f7dcc6f58270faf81ccd4b3.txt,0,1
npds_01100_V_P_I_262_jpg.rf.8706d1a62c441f5ec3da9e9456aa337c,npds,/home/divya/projects/IndianANPR/data/processed/npds_leakage_safe/images/train/V_P_I_262_jpg.rf.8706d1a62c441f5ec3da9e9456aa337c.jpg,/home/divya/projects/IndianANPR/data/processed/npds_leakage_safe/labels/train/V_P_I_262_jpg.rf.8706d1a62c441f5ec3da9e9456aa337c.txt,0,1
npds_01101_V_P_I_2492_jpg.rf.8caa0bf43dd1bef911afbadc7b7dc7fd,npds,/home/divya/projects/IndianANPR/data/processed/npds_leakage_safe/images/train/V_P_I_2492_jpg.rf.8caa0bf43dd1bef911afbadc7b7dc7fd.jpg,/home/divya/projects/IndianANPR/data/processed/npds_leakage_safe/labels/train/V_P_I_2492_jpg.rf.8caa0bf43dd1bef911afbadc7b7dc7fd.txt,0,1
npds_01102_V_P_I_476_jpg.rf.66740738e0a58df0017b0091e4e8c13d,npds,/home/divya/projects/IndianANPR/data/processed/npds_leakage_safe/images/train/V_P_I_476_jpg.rf.66740738e0a58df0017b0091e4e8c13d.jpg,/home/divya/projects/IndianANPR/data/processed/npds_leakage_safe/labels/train/V_P_I_476_jpg.rf.66740738e0a58df0017b0091e4e8c13d.txt,0,1
npds_01103_V_P_I_105_jpg.rf.6aa2ffa757821ab161989b6fc0250c34,npds,/home/divya/projects/IndianANPR/data/processed/npds_leakage_safe/images/train/V_P_I_105_jpg.rf.6aa2ffa757821ab161989b6fc0250c34.jpg,/home/divya/projects/IndianANPR/data/processed/npds_leakage_safe/labels/train/V_P_I_105_jpg.rf.6aa2ffa757821ab161989b6fc0250c34.txt,0,1
npds_01104_V_P_I_1316_jpg.rf.4ea52cf13b22b1229f19bfbd5fc78d68,npds,/home/divya/projects/IndianANPR/data/processed/npds_leakage_safe/images/train/V_P_I_1316_jpg.rf.4ea52cf13b22b1229f19bfbd5fc78d68.jpg,/home/divya/projects/IndianANPR/data/processed/npds_leakage_safe/labels/train/V_P_I_1316_jpg.rf.4ea52cf13b22b1229f19bfbd5fc78d68.txt,0,1
npds_01105_V_P_I_1988_jpg.rf.c5b53de356b736aae4363254d37a7be7,npds,/home/divya/projects/IndianANPR/data/processed/npds_leakage_safe/images/train/V_P_I_1988_jpg.rf.c5b53de356b736aae4363254d37a7be7.jpg,/home/divya/projects/IndianANPR/data/processed/npds_leakage_safe/labels/train/V_P_I_1988_jpg.rf.c5b53de356b736aae4363254d37a7be7.txt,0,1
npds_01106_V_P_I_1725_jpg.rf.4fa14f5b9774ae29c841892bc3c8e7c1,npds,/home/divya/projects/IndianANPR/data/processed/npds_leakage_safe/images/train/V_P_I_1725_jpg.rf.4fa14f5b9774ae29c841892bc3c8e7c1.jpg,/home/divya/projects/IndianANPR/data/processed/npds_leakage_safe/labels/train/V_P_I_1725_jpg.rf.4fa14f5b9774ae29c841892bc3c8e7c1.txt,0,1
npds_01107_V_P_I_2355_jpg.rf.6ee2c4cada4dfb679668e093c20c5dcb,npds,/home/divya/projects/IndianANPR/data/processed/npds_leakage_safe/images/train/V_P_I_2355_jpg.rf.6ee2c4cada4dfb679668e093c20c5dcb.jpg,/home/divya/projects/IndianANPR/data/processed/npds_leakage_safe/labels/train/V_P_I_2355_jpg.rf.6ee2c4cada4dfb679668e093c20c5dcb.txt,0,1
npds_01108_V_P_I_3280_jpg.rf.9f18aa6310deadd27c5964b02a885e00,npds,/home/divya/projects/IndianANPR/data/processed/npds_leakage_safe/images/train/V_P_I_3280_jpg.rf.9f18aa6310deadd27c5964b02a885e00.jpg,/home/divya/projects/IndianANPR/data/processed/npds_leakage_safe/labels/train/V_P_I_3280_jpg.rf.9f18aa6310deadd27c5964b02a885e00.txt,0,1
npds_01109_V_P_I_1798_jpg.rf.030795c3d92384a96e66d606851b155e,npds,/home/divya/projects/IndianANPR/data/processed/npds_leakage_safe/images/train/V_P_I_1798_jpg.rf.030795c3d92384a96e66d606851b155e.jpg,/home/divya/projects/IndianANPR/data/processed/npds_leakage_safe/labels/train/V_P_I_1798_jpg.rf.030795c3d92384a96e66d606851b155e.txt,0,1
npds_01110_V_P_I_2038_jpg.rf.0cb5330cf3d8d4f031550e0eee957318,npds,/home/divya/projects/IndianANPR/data/processed/npds_leakage_safe/images/train/V_P_I_2038_jpg.rf.0cb5330cf3d8d4f031550e0eee957318.jpg,/home/divya/projects/IndianANPR/data/processed/npds_leakage_safe/labels/train/V_P_I_2038_jpg.rf.0cb5330cf3d8d4f031550e0eee957318.txt,0,1
npds_01111_V_P_I_3181_jpg.rf.645459e587950d1d6ecbdd7fb870c764,npds,/home/divya/projects/IndianANPR/data/processed/npds_leakage_safe/images/train/V_P_I_3181_jpg.rf.645459e587950d1d6ecbdd7fb870c764.jpg,/home/divya/projects/IndianANPR/data/processed/npds_leakage_safe/labels/train/V_P_I_3181_jpg.rf.645459e587950d1d6ecbdd7fb870c764.txt,0,1
npds_01112_V_P_I_2918_jpg.rf.bb8500464d88bc8f3e78639e39701e25,npds,/home/divya/projects/IndianANPR/data/processed/npds_leakage_safe/images/train/V_P_I_2918_jpg.rf.bb8500464d88bc8f3e78639e39701e25.jpg,/home/divya/projects/IndianANPR/data/processed/npds_leakage_safe/labels/train/V_P_I_2918_jpg.rf.bb8500464d88bc8f3e78639e39701e25.txt,0,1
npds_01113_V_P_I_2237_jpg.rf.6c7db725442150232a9dd36123c461d4,npds,/home/divya/projects/IndianANPR/data/processed/npds_leakage_safe/images/train/V_P_I_2237_jpg.rf.6c7db725442150232a9dd36123c461d4.jpg,/home/divya/projects/IndianANPR/data/processed/npds_leakage_safe/labels/train/V_P_I_2237_jpg.rf.6c7db725442150232a9dd36123c461d4.txt,0,1
npds_01114_V_P_I_2577_jpg.rf.ab0bfd357795257b4fde4716b32873ed,npds,/home/divya/projects/IndianANPR/data/processed/npds_leakage_safe/images/train/V_P_I_2577_jpg.rf.ab0bfd357795257b4fde4716b32873ed.jpg,/home/divya/projects/IndianANPR/data/processed/npds_leakage_safe/labels/train/V_P_I_2577_jpg.rf.ab0bfd357795257b4fde4716b32873ed.txt,0,1
npds_01115_V_P_I_2837_jpg.rf.3e920125610cb03cc735e7f196330cc5,npds,/home/divya/projects/IndianANPR/data/processed/npds_leakage_safe/images/train/V_P_I_2837_jpg.rf.3e920125610cb03cc735e7f196330cc5.jpg,/home/divya/projects/IndianANPR/data/processed/npds_leakage_safe/labels/train/V_P_I_2837_jpg.rf.3e920125610cb03cc735e7f196330cc5.txt,0,1
npds_01116_V_P_I_2766_jpg.rf.c89029b86644214492586d1e7cdf5b4d,npds,/home/divya/projects/IndianANPR/data/processed/npds_leakage_safe/images/train/V_P_I_2766_jpg.rf.c89029b86644214492586d1e7cdf5b4d.jpg,/home/divya/projects/IndianANPR/data/processed/npds_leakage_safe/labels/train/V_P_I_2766_jpg.rf.c89029b86644214492586d1e7cdf5b4d.txt,0,1
npds_01117_V_P_I_215_jpg.rf.a101b9942028cbeff61a7cda09c1a5f2,npds,/home/divya/projects/IndianANPR/data/processed/npds_leakage_safe/images/train/V_P_I_215_jpg.rf.a101b9942028cbeff61a7cda09c1a5f2.jpg,/home/divya/projects/IndianANPR/data/processed/npds_leakage_safe/labels/train/V_P_I_215_jpg.rf.a101b9942028cbeff61a7cda09c1a5f2.txt,0,1
npds_01118_V_P_I_2422_jpg.rf.e738c4e072ce457d26c9ac40a31e91d5,npds,/home/divya/projects/IndianANPR/data/processed/npds_leakage_safe/images/train/V_P_I_2422_jpg.rf.e738c4e072ce457d26c9ac40a31e91d5.jpg,/home/divya/projects/IndianANPR/data/processed/npds_leakage_safe/labels/train/V_P_I_2422_jpg.rf.e738c4e072ce457d26c9ac40a31e91d5.txt,0,1
npds_01119_V_P_I_3488_jpg.rf.b707d141ac7111c34fa87e97f621e3dc,npds,/home/divya/projects/IndianANPR/data/processed/npds_leakage_safe/images/train/V_P_I_3488_jpg.rf.b707d141ac7111c34fa87e97f621e3dc.jpg,/home/divya/projects/IndianANPR/data/processed/npds_leakage_safe/labels/train/V_P_I_3488_jpg.rf.b707d141ac7111c34fa87e97f621e3dc.txt,0,1
npds_01120_V_P_I_2827_jpg.rf.38045da40229fff8ba02e323ff36e5a5,npds,/home/divya/projects/IndianANPR/data/processed/npds_leakage_safe/images/train/V_P_I_2827_jpg.rf.38045da40229fff8ba02e323ff36e5a5.jpg,/home/divya/projects/IndianANPR/data/processed/npds_leakage_safe/labels/train/V_P_I_2827_jpg.rf.38045da40229fff8ba02e323ff36e5a5.txt,0,1
npds_01121_V_P_I_2119_jpg.rf.8a6ae86aa43e0972b221038d3c31a874,npds,/home/divya/projects/IndianANPR/data/processed/npds_leakage_safe/images/train/V_P_I_2119_jpg.rf.8a6ae86aa43e0972b221038d3c31a874.jpg,/home/divya/projects/IndianANPR/data/processed/npds_leakage_safe/labels/train/V_P_I_2119_jpg.rf.8a6ae86aa43e0972b221038d3c31a874.txt,0,1
npds_01122_V_P_I_2180_jpg.rf.aca47cd58991f87fb56b671df01a838d,npds,/home/divya/projects/IndianANPR/data/processed/npds_leakage_safe/images/train/V_P_I_2180_jpg.rf.aca47cd58991f87fb56b671df01a838d.jpg,/home/divya/projects/IndianANPR/data/processed/npds_leakage_safe/labels/train/V_P_I_2180_jpg.rf.aca47cd58991f87fb56b671df01a838d.txt,0,1
npds_01123_V_P_I_3331_jpg.rf.b88d3df1c7826c8e7fde48a3e2d04ba9,npds,/home/divya/projects/IndianANPR/data/processed/npds_leakage_safe/images/train/V_P_I_3331_jpg.rf.b88d3df1c7826c8e7fde48a3e2d04ba9.jpg,/home/divya/projects/IndianANPR/data/processed/npds_leakage_safe/labels/train/V_P_I_3331_jpg.rf.b88d3df1c7826c8e7fde48a3e2d04ba9.txt,0,1
npds_01124_V_P_I_2509_jpg.rf.c7fedef40c297b2e0f72b84dd1e67cd9,npds,/home/divya/projects/IndianANPR/data/processed/npds_leakage_safe/images/train/V_P_I_2509_jpg.rf.c7fedef40c297b2e0f72b84dd1e67cd9.jpg,/home/divya/projects/IndianANPR/data/processed/npds_leakage_safe/labels/train/V_P_I_2509_jpg.rf.c7fedef40c297b2e0f72b84dd1e67cd9.txt,0,1
npds_01125_V_P_I_1897_jpg.rf.0b10400298e844f084ca828302b4c02c,npds,/home/divya/projects/IndianANPR/data/processed/npds_leakage_safe/images/train/V_P_I_1897_jpg.rf.0b10400298e844f084ca828302b4c02c.jpg,/home/divya/projects/IndianANPR/data/processed/npds_leakage_safe/labels/train/V_P_I_1897_jpg.rf.0b10400298e844f084ca828302b4c02c.txt,0,1
npds_01126_V_P_I_2039_jpg.rf.5d1e429d071edb2a40eca0df494f3692,npds,/home/divya/projects/IndianANPR/data/processed/npds_leakage_safe/images/train/V_P_I_2039_jpg.rf.5d1e429d071edb2a40eca0df494f3692.jpg,/home/divya/projects/IndianANPR/data/processed/npds_leakage_safe/labels/train/V_P_I_2039_jpg.rf.5d1e429d071edb2a40eca0df494f3692.txt,0,1
npds_01127_V_P_I_1822_jpg.rf.3d3ea79e958b88bb1b2a37dee1eb0261,npds,/home/divya/projects/IndianANPR/data/processed/npds_leakage_safe/images/train/V_P_I_1822_jpg.rf.3d3ea79e958b88bb1b2a37dee1eb0261.jpg,/home/divya/projects/IndianANPR/data/processed/npds_leakage_safe/labels/train/V_P_I_1822_jpg.rf.3d3ea79e958b88bb1b2a37dee1eb0261.txt,0,1
npds_01128_V_P_I_1757_jpg.rf.6794b4a6654625ec4af13bec7b511db0,npds,/home/divya/projects/IndianANPR/data/processed/npds_leakage_safe/images/train/V_P_I_1757_jpg.rf.6794b4a6654625ec4af13bec7b511db0.jpg,/home/divya/projects/IndianANPR/data/processed/npds_leakage_safe/labels/train/V_P_I_1757_jpg.rf.6794b4a6654625ec4af13bec7b511db0.txt,0,1
npds_01129_V_P_I_1410_jpg.rf.7b55225e4063c225c3e7163ab4ef4799,npds,/home/divya/projects/IndianANPR/data/processed/npds_leakage_safe/images/train/V_P_I_1410_jpg.rf.7b55225e4063c225c3e7163ab4ef4799.jpg,/home/divya/projects/IndianANPR/data/processed/npds_leakage_safe/labels/train/V_P_I_1410_jpg.rf.7b55225e4063c225c3e7163ab4ef4799.txt,0,1
npds_01130_V_P_I_3394_jpg.rf.74408c10d249e774f03b4eb1294585e7,npds,/home/divya/projects/IndianANPR/data/processed/npds_leakage_safe/images/train/V_P_I_3394_jpg.rf.74408c10d249e774f03b4eb1294585e7.jpg,/home/divya/projects/IndianANPR/data/processed/npds_leakage_safe/labels/train/V_P_I_3394_jpg.rf.74408c10d249e774f03b4eb1294585e7.txt,0,1
npds_01131_V_P_I_1638_jpg.rf.363527d2b882786f9c1e92908b9da63a,npds,/home/divya/projects/IndianANPR/data/processed/npds_leakage_safe/images/train/V_P_I_1638_jpg.rf.363527d2b882786f9c1e92908b9da63a.jpg,/home/divya/projects/IndianANPR/data/processed/npds_leakage_safe/labels/train/V_P_I_1638_jpg.rf.363527d2b882786f9c1e92908b9da63a.txt,0,1
npds_01132_V_P_I_2075_jpg.rf.e4ffba9283f6ea898153665627cbf734,npds,/home/divya/projects/IndianANPR/data/processed/npds_leakage_safe/images/train/V_P_I_2075_jpg.rf.e4ffba9283f6ea898153665627cbf734.jpg,/home/divya/projects/IndianANPR/data/processed/npds_leakage_safe/labels/train/V_P_I_2075_jpg.rf.e4ffba9283f6ea898153665627cbf734.txt,0,1
npds_01133_V_P_I_1408_jpg.rf.75e912225df72e14bf9ddf7726460d1a,npds,/home/divya/projects/IndianANPR/data/processed/npds_leakage_safe/images/train/V_P_I_1408_jpg.rf.75e912225df72e14bf9ddf7726460d1a.jpg,/home/divya/projects/IndianANPR/data/processed/npds_leakage_safe/labels/train/V_P_I_1408_jpg.rf.75e912225df72e14bf9ddf7726460d1a.txt,0,1
npds_01134_V_P_I_3475_jpg.rf.bc6e348989082f7ea7f614f4ec885414,npds,/home/divya/projects/IndianANPR/data/processed/npds_leakage_safe/images/train/V_P_I_3475_jpg.rf.bc6e348989082f7ea7f614f4ec885414.jpg,/home/divya/projects/IndianANPR/data/processed/npds_leakage_safe/labels/train/V_P_I_3475_jpg.rf.bc6e348989082f7ea7f614f4ec885414.txt,0,1
npds_01135_V_P_I_2782_jpg.rf.f65773e8fa89c30fcea83c6ef8415d39,npds,/home/divya/projects/IndianANPR/data/processed/npds_leakage_safe/images/train/V_P_I_2782_jpg.rf.f65773e8fa89c30fcea83c6ef8415d39.jpg,/home/divya/projects/IndianANPR/data/processed/npds_leakage_safe/labels/train/V_P_I_2782_jpg.rf.f65773e8fa89c30fcea83c6ef8415d39.txt,0,1
npds_01136_V_P_I_367_jpg.rf.28d3a851a49c84a6acb28ac93bb15153,npds,/home/divya/projects/IndianANPR/data/processed/npds_leakage_safe/images/train/V_P_I_367_jpg.rf.28d3a851a49c84a6acb28ac93bb15153.jpg,/home/divya/projects/IndianANPR/data/processed/npds_leakage_safe/labels/train/V_P_I_367_jpg.rf.28d3a851a49c84a6acb28ac93bb15153.txt,0,1
npds_01137_V_P_I_3274_jpg.rf.a437c88d415499db5218d3b638c96f2b,npds,/home/divya/projects/IndianANPR/data/processed/npds_leakage_safe/images/train/V_P_I_3274_jpg.rf.a437c88d415499db5218d3b638c96f2b.jpg,/home/divya/projects/IndianANPR/data/processed/npds_leakage_safe/labels/train/V_P_I_3274_jpg.rf.a437c88d415499db5218d3b638c96f2b.txt,0,1
npds_01138_V_P_I_1617_jpg.rf.1f7342348e6f024ac10182621a5e365d,npds,/home/divya/projects/IndianANPR/data/processed/npds_leakage_safe/images/train/V_P_I_1617_jpg.rf.1f7342348e6f024ac10182621a5e365d.jpg,/home/divya/projects/IndianANPR/data/processed/npds_leakage_safe/labels/train/V_P_I_1617_jpg.rf.1f7342348e6f024ac10182621a5e365d.txt,0,1
npds_01139_V_P_I_1636_jpg.rf.2f6e99104af1b5e8781dfa5d9e66ce6d,npds,/home/divya/projects/IndianANPR/data/processed/npds_leakage_safe/images/train/V_P_I_1636_jpg.rf.2f6e99104af1b5e8781dfa5d9e66ce6d.jpg,/home/divya/projects/IndianANPR/data/processed/npds_leakage_safe/labels/train/V_P_I_1636_jpg.rf.2f6e99104af1b5e8781dfa5d9e66ce6d.txt,0,1
npds_01140_V_P_I_1705_jpg.rf.c01f2b43877f865c7e7d398db596b7c8,npds,/home/divya/projects/IndianANPR/data/processed/npds_leakage_safe/images/train/V_P_I_1705_jpg.rf.c01f2b43877f865c7e7d398db596b7c8.jpg,/home/divya/projects/IndianANPR/data/processed/npds_leakage_safe/labels/train/V_P_I_1705_jpg.rf.c01f2b43877f865c7e7d398db596b7c8.txt,0,2
npds_01141_V_P_I_3454_jpeg_jpg.rf.476192a04ee5335f586e6afef23eab0e,npds,/home/divya/projects/IndianANPR/data/processed/npds_leakage_safe/images/train/V_P_I_3454_jpeg_jpg.rf.476192a04ee5335f586e6afef23eab0e.jpg,/home/divya/projects/IndianANPR/data/processed/npds_leakage_safe/labels/train/V_P_I_3454_jpeg_jpg.rf.476192a04ee5335f586e6afef23eab0e.txt,0,2
npds_01142_V_P_I_2606_jpg.rf.5d0598136e64343f855c4372fb517e47,npds,/home/divya/projects/IndianANPR/data/processed/npds_leakage_safe/images/train/V_P_I_2606_jpg.rf.5d0598136e64343f855c4372fb517e47.jpg,/home/divya/projects/IndianANPR/data/processed/npds_leakage_safe/labels/train/V_P_I_2606_jpg.rf.5d0598136e64343f855c4372fb517e47.txt,0,1
npds_01143_V_P_I_1919_jpg.rf.fc9ee0d578968c9b949263d9b5366500,npds,/home/divya/projects/IndianANPR/data/processed/npds_leakage_safe/images/train/V_P_I_1919_jpg.rf.fc9ee0d578968c9b949263d9b5366500.jpg,/home/divya/projects/IndianANPR/data/processed/npds_leakage_safe/labels/train/V_P_I_1919_jpg.rf.fc9ee0d578968c9b949263d9b5366500.txt,0,1
npds_01144_V_P_I_3402_jpg.rf.411473517615ad6c1771d08f41f7bc77,npds,/home/divya/projects/IndianANPR/data/processed/npds_leakage_safe/images/train/V_P_I_3402_jpg.rf.411473517615ad6c1771d08f41f7bc77.jpg,/home/divya/projects/IndianANPR/data/processed/npds_leakage_safe/labels/train/V_P_I_3402_jpg.rf.411473517615ad6c1771d08f41f7bc77.txt,0,2
npds_01145_V_P_I_2948_jpg.rf.64bfa48ec4e1b53535760737318168e0,npds,/home/divya/projects/IndianANPR/data/processed/npds_leakage_safe/images/train/V_P_I_2948_jpg.rf.64bfa48ec4e1b53535760737318168e0.jpg,/home/divya/projects/IndianANPR/data/processed/npds_leakage_safe/labels/train/V_P_I_2948_jpg.rf.64bfa48ec4e1b53535760737318168e0.txt,0,1
npds_01146_V_P_I_355_jpg.rf.5e828dce509a446b0f794e460d2c005d,npds,/home/divya/projects/IndianANPR/data/processed/npds_leakage_safe/images/train/V_P_I_355_jpg.rf.5e828dce509a446b0f794e460d2c005d.jpg,/home/divya/projects/IndianANPR/data/processed/npds_leakage_safe/labels/train/V_P_I_355_jpg.rf.5e828dce509a446b0f794e460d2c005d.txt,0,1
npds_01147_V_P_I_2745_jpg.rf.649563d208df85cee19a261a193aa60a,npds,/home/divya/projects/IndianANPR/data/processed/npds_leakage_safe/images/train/V_P_I_2745_jpg.rf.649563d208df85cee19a261a193aa60a.jpg,/home/divya/projects/IndianANPR/data/processed/npds_leakage_safe/labels/train/V_P_I_2745_jpg.rf.649563d208df85cee19a261a193aa60a.txt,0,1
npds_01148_V_P_I_2971_jpg.rf.aa01e0995fcbde9daf79fb1de8e22883,npds,/home/divya/projects/IndianANPR/data/processed/npds_leakage_safe/images/train/V_P_I_2971_jpg.rf.aa01e0995fcbde9daf79fb1de8e22883.jpg,/home/divya/projects/IndianANPR/data/processed/npds_leakage_safe/labels/train/V_P_I_2971_jpg.rf.aa01e0995fcbde9daf79fb1de8e22883.txt,0,1
npds_01149_V_P_I_1948_jpg.rf.adf9aa46dc148fcd30b3442e6d1766cf,npds,/home/divya/projects/IndianANPR/data/processed/npds_leakage_safe/images/train/V_P_I_1948_jpg.rf.adf9aa46dc148fcd30b3442e6d1766cf.jpg,/home/divya/projects/IndianANPR/data/processed/npds_leakage_safe/labels/train/V_P_I_1948_jpg.rf.adf9aa46dc148fcd30b3442e6d1766cf.txt,0,1
npds_01150_V_P_I_1341_jpg.rf.09a8b2b401c6551881d8ab1c23428292,npds,/home/divya/projects/IndianANPR/data/processed/npds_leakage_safe/images/train/V_P_I_1341_jpg.rf.09a8b2b401c6551881d8ab1c23428292.jpg,/home/divya/projects/IndianANPR/data/processed/npds_leakage_safe/labels/train/V_P_I_1341_jpg.rf.09a8b2b401c6551881d8ab1c23428292.txt,0,1
npds_01151_V_P_I_612_jpg.rf.39c2b543534a8c86d3cab2b10bc08837,npds,/home/divya/projects/IndianANPR/data/processed/npds_leakage_safe/images/train/V_P_I_612_jpg.rf.39c2b543534a8c86d3cab2b10bc08837.jpg,/home/divya/projects/IndianANPR/data/processed/npds_leakage_safe/labels/train/V_P_I_612_jpg.rf.39c2b543534a8c86d3cab2b10bc08837.txt,0,1
npds_01152_V_P_I_1641_jpg.rf.a75487e47f1f6a95bb966e275e30a795,npds,/home/divya/projects/IndianANPR/data/processed/npds_leakage_safe/images/train/V_P_I_1641_jpg.rf.a75487e47f1f6a95bb966e275e30a795.jpg,/home/divya/projects/IndianANPR/data/processed/npds_leakage_safe/labels/train/V_P_I_1641_jpg.rf.a75487e47f1f6a95bb966e275e30a795.txt,0,1
npds_01153_V_P_I_1993_jpg.rf.63d2af711fa6d8c947a1b1bfe6ef921d,npds,/home/divya/projects/IndianANPR/data/processed/npds_leakage_safe/images/train/V_P_I_1993_jpg.rf.63d2af711fa6d8c947a1b1bfe6ef921d.jpg,/home/divya/projects/IndianANPR/data/processed/npds_leakage_safe/labels/train/V_P_I_1993_jpg.rf.63d2af711fa6d8c947a1b1bfe6ef921d.txt,0,1
npds_01154_V_P_I_1747_jpg.rf.42139bf0022d428cd3ab65345dfae505,npds,/home/divya/projects/IndianANPR/data/processed/npds_leakage_safe/images/train/V_P_I_1747_jpg.rf.42139bf0022d428cd3ab65345dfae505.jpg,/home/divya/projects/IndianANPR/data/processed/npds_leakage_safe/labels/train/V_P_I_1747_jpg.rf.42139bf0022d428cd3ab65345dfae505.txt,0,1
npds_01155_V_P_I_2215_jpg.rf.d4f20d4937b42b0f7dfa7d2e53c236b0,npds,/home/divya/projects/IndianANPR/data/processed/npds_leakage_safe/images/train/V_P_I_2215_jpg.rf.d4f20d4937b42b0f7dfa7d2e53c236b0.jpg,/home/divya/projects/IndianANPR/data/processed/npds_leakage_safe/labels/train/V_P_I_2215_jpg.rf.d4f20d4937b42b0f7dfa7d2e53c236b0.txt,0,1
npds_01156_V_P_I_1591_jpg.rf.b39a4acf2879979b4ba5fe9fb854d2af,npds,/home/divya/projects/IndianANPR/data/processed/npds_leakage_safe/images/train/V_P_I_1591_jpg.rf.b39a4acf2879979b4ba5fe9fb854d2af.jpg,/home/divya/projects/IndianANPR/data/processed/npds_leakage_safe/labels/train/V_P_I_1591_jpg.rf.b39a4acf2879979b4ba5fe9fb854d2af.txt,0,1
npds_01157_V_P_I_2023_jpg.rf.e7ed8e42c52a01b7c370dd78a0b4361a,npds,/home/divya/projects/IndianANPR/data/processed/npds_leakage_safe/images/train/V_P_I_2023_jpg.rf.e7ed8e42c52a01b7c370dd78a0b4361a.jpg,/home/divya/projects/IndianANPR/data/processed/npds_leakage_safe/labels/train/V_P_I_2023_jpg.rf.e7ed8e42c52a01b7c370dd78a0b4361a.txt,0,1
npds_01158_V_P_I_1050_jpg.rf.8425e04a389acd48920218594d720bab,npds,/home/divya/projects/IndianANPR/data/processed/npds_leakage_safe/images/train/V_P_I_1050_jpg.rf.8425e04a389acd48920218594d720bab.jpg,/home/divya/projects/IndianANPR/data/processed/npds_leakage_safe/labels/train/V_P_I_1050_jpg.rf.8425e04a389acd48920218594d720bab.txt,0,1
npds_01159_V_P_I_3352_jpg.rf.3bd0c3c85a5f474e9ef6312b5dad245b,npds,/home/divya/projects/IndianANPR/data/processed/npds_leakage_safe/images/train/V_P_I_3352_jpg.rf.3bd0c3c85a5f474e9ef6312b5dad245b.jpg,/home/divya/projects/IndianANPR/data/processed/npds_leakage_safe/labels/train/V_P_I_3352_jpg.rf.3bd0c3c85a5f474e9ef6312b5dad245b.txt,0,2
npds_01160_V_P_I_806_jpg.rf.7e20aa6558f56ce0457e435bf53668a3,npds,/home/divya/projects/IndianANPR/data/processed/npds_leakage_safe/images/train/V_P_I_806_jpg.rf.7e20aa6558f56ce0457e435bf53668a3.jpg,/home/divya/projects/IndianANPR/data/processed/npds_leakage_safe/labels/train/V_P_I_806_jpg.rf.7e20aa6558f56ce0457e435bf53668a3.txt,0,1
npds_01161_V_P_I_1429_jpg.rf.c6e2be0037d38ff4d1e60059d54b45bb,npds,/home/divya/projects/IndianANPR/data/processed/npds_leakage_safe/images/train/V_P_I_1429_jpg.rf.c6e2be0037d38ff4d1e60059d54b45bb.jpg,/home/divya/projects/IndianANPR/data/processed/npds_leakage_safe/labels/train/V_P_I_1429_jpg.rf.c6e2be0037d38ff4d1e60059d54b45bb.txt,0,1
npds_01162_V_P_I_1912_jpg.rf.df5c3f4d6d23e6d9b45abcec8ae81790,npds,/home/divya/projects/IndianANPR/data/processed/npds_leakage_safe/images/train/V_P_I_1912_jpg.rf.df5c3f4d6d23e6d9b45abcec8ae81790.jpg,/home/divya/projects/IndianANPR/data/processed/npds_leakage_safe/labels/train/V_P_I_1912_jpg.rf.df5c3f4d6d23e6d9b45abcec8ae81790.txt,0,2
npds_01163_V_P_I_1150_jpg.rf.93104901c47bf86f0157fa77dc7c7858,npds,/home/divya/projects/IndianANPR/data/processed/npds_leakage_safe/images/train/V_P_I_1150_jpg.rf.93104901c47bf86f0157fa77dc7c7858.jpg,/home/divya/projects/IndianANPR/data/processed/npds_leakage_safe/labels/train/V_P_I_1150_jpg.rf.93104901c47bf86f0157fa77dc7c7858.txt,0,1
npds_01164_V_P_I_1182_jpg.rf.bfde215b29cc88351420b4e5b40ae9ce,npds,/home/divya/projects/IndianANPR/data/processed/npds_leakage_safe/images/train/V_P_I_1182_jpg.rf.bfde215b29cc88351420b4e5b40ae9ce.jpg,/home/divya/projects/IndianANPR/data/processed/npds_leakage_safe/labels/train/V_P_I_1182_jpg.rf.bfde215b29cc88351420b4e5b40ae9ce.txt,0,1
npds_01165_V_P_I_2837_jpg.rf.1badffc4787abc4713851adf69cf1643,npds,/home/divya/projects/IndianANPR/data/processed/npds_leakage_safe/images/train/V_P_I_2837_jpg.rf.1badffc4787abc4713851adf69cf1643.jpg,/home/divya/projects/IndianANPR/data/processed/npds_leakage_safe/labels/train/V_P_I_2837_jpg.rf.1badffc4787abc4713851adf69cf1643.txt,0,1
npds_01166_V_P_I_197_jpg.rf.c369b58dac23fbdd9a873cf8cea8b4b3,npds,/home/divya/projects/IndianANPR/data/processed/npds_leakage_safe/images/train/V_P_I_197_jpg.rf.c369b58dac23fbdd9a873cf8cea8b4b3.jpg,/home/divya/projects/IndianANPR/data/processed/npds_leakage_safe/labels/train/V_P_I_197_jpg.rf.c369b58dac23fbdd9a873cf8cea8b4b3.txt,0,1
npds_01167_V_P_I_3311_jpg.rf.f31729ed90e6b1ed93108451ad8b508c,npds,/home/divya/projects/IndianANPR/data/processed/npds_leakage_safe/images/train/V_P_I_3311_jpg.rf.f31729ed90e6b1ed93108451ad8b508c.jpg,/home/divya/projects/IndianANPR/data/processed/npds_leakage_safe/labels/train/V_P_I_3311_jpg.rf.f31729ed90e6b1ed93108451ad8b508c.txt,0,1
npds_01168_V_P_I_794_jpg.rf.9d4eee7776297d6f72d8993cb1e3f1e6,npds,/home/divya/projects/IndianANPR/data/processed/npds_leakage_safe/images/train/V_P_I_794_jpg.rf.9d4eee7776297d6f72d8993cb1e3f1e6.jpg,/home/divya/projects/IndianANPR/data/processed/npds_leakage_safe/labels/train/V_P_I_794_jpg.rf.9d4eee7776297d6f72d8993cb1e3f1e6.txt,0,1
npds_01169_V_P_I_3092_jpg.rf.427c4cf07cff877e26375ff69336c0c6,npds,/home/divya/projects/IndianANPR/data/processed/npds_leakage_safe/images/train/V_P_I_3092_jpg.rf.427c4cf07cff877e26375ff69336c0c6.jpg,/home/divya/projects/IndianANPR/data/processed/npds_leakage_safe/labels/train/V_P_I_3092_jpg.rf.427c4cf07cff877e26375ff69336c0c6.txt,0,1
npds_01170_V_P_I_737_jpg.rf.30e91fdee93ccefa455b787df3eae1a7,npds,/home/divya/projects/IndianANPR/data/processed/npds_leakage_safe/images/train/V_P_I_737_jpg.rf.30e91fdee93ccefa455b787df3eae1a7.jpg,/home/divya/projects/IndianANPR/data/processed/npds_leakage_safe/labels/train/V_P_I_737_jpg.rf.30e91fdee93ccefa455b787df3eae1a7.txt,0,1
npds_01171_V_P_I_3512_jpg.rf.cfb0921ad469654b233968e1c4af669b,npds,/home/divya/projects/IndianANPR/data/processed/npds_leakage_safe/images/train/V_P_I_3512_jpg.rf.cfb0921ad469654b233968e1c4af669b.jpg,/home/divya/projects/IndianANPR/data/processed/npds_leakage_safe/labels/train/V_P_I_3512_jpg.rf.cfb0921ad469654b233968e1c4af669b.txt,0,1
npds_01172_V_P_I_262_jpg.rf.ccd836bc51e624ddbff5e05cf6096387,npds,/home/divya/projects/IndianANPR/data/processed/npds_leakage_safe/images/train/V_P_I_262_jpg.rf.ccd836bc51e624ddbff5e05cf6096387.jpg,/home/divya/projects/IndianANPR/data/processed/npds_leakage_safe/labels/train/V_P_I_262_jpg.rf.ccd836bc51e624ddbff5e05cf6096387.txt,0,1
npds_01173_V_P_I_1345_jpg.rf.b78c511d186d15b6fd177fe983f31756,npds,/home/divya/projects/IndianANPR/data/processed/npds_leakage_safe/images/train/V_P_I_1345_jpg.rf.b78c511d186d15b6fd177fe983f31756.jpg,/home/divya/projects/IndianANPR/data/processed/npds_leakage_safe/labels/train/V_P_I_1345_jpg.rf.b78c511d186d15b6fd177fe983f31756.txt,0,1
npds_01174_V_P_I_1046_jpg.rf.318daf9bedd0ba8e6bc86d038e6b7e08,npds,/home/divya/projects/IndianANPR/data/processed/npds_leakage_safe/images/train/V_P_I_1046_jpg.rf.318daf9bedd0ba8e6bc86d038e6b7e08.jpg,/home/divya/projects/IndianANPR/data/processed/npds_leakage_safe/labels/train/V_P_I_1046_jpg.rf.318daf9bedd0ba8e6bc86d038e6b7e08.txt,0,1
npds_01175_V_P_I_2898_jpg.rf.440e0211e3fe5f77e23c76cee1f6d3e0,npds,/home/divya/projects/IndianANPR/data/processed/npds_leakage_safe/images/train/V_P_I_2898_jpg.rf.440e0211e3fe5f77e23c76cee1f6d3e0.jpg,/home/divya/projects/IndianANPR/data/processed/npds_leakage_safe/labels/train/V_P_I_2898_jpg.rf.440e0211e3fe5f77e23c76cee1f6d3e0.txt,0,1
npds_01176_V_P_I_1959_jpg.rf.7f9dd0d8972060cbfcfa6faa102fd05f,npds,/home/divya/projects/IndianANPR/data/processed/npds_leakage_safe/images/train/V_P_I_1959_jpg.rf.7f9dd0d8972060cbfcfa6faa102fd05f.jpg,/home/divya/projects/IndianANPR/data/processed/npds_leakage_safe/labels/train/V_P_I_1959_jpg.rf.7f9dd0d8972060cbfcfa6faa102fd05f.txt,0,1
npds_01177_V_P_I_2562_jpg.rf.fd2ef9cab0896aa94ab8843133c12fea,npds,/home/divya/projects/IndianANPR/data/processed/npds_leakage_safe/images/train/V_P_I_2562_jpg.rf.fd2ef9cab0896aa94ab8843133c12fea.jpg,/home/divya/projects/IndianANPR/data/processed/npds_leakage_safe/labels/train/V_P_I_2562_jpg.rf.fd2ef9cab0896aa94ab8843133c12fea.txt,0,1
npds_01178_V_P_I_2593_jpg.rf.45e7487404ea503438867c0cf40d8223,npds,/home/divya/projects/IndianANPR/data/processed/npds_leakage_safe/images/train/V_P_I_2593_jpg.rf.45e7487404ea503438867c0cf40d8223.jpg,/home/divya/projects/IndianANPR/data/processed/npds_leakage_safe/labels/train/V_P_I_2593_jpg.rf.45e7487404ea503438867c0cf40d8223.txt,0,1
npds_01179_V_P_I_2469_jpg.rf.27cdb8155e33b7b40cf8cf6be2fef495,npds,/home/divya/projects/IndianANPR/data/processed/npds_leakage_safe/images/train/V_P_I_2469_jpg.rf.27cdb8155e33b7b40cf8cf6be2fef495.jpg,/home/divya/projects/IndianANPR/data/processed/npds_leakage_safe/labels/train/V_P_I_2469_jpg.rf.27cdb8155e33b7b40cf8cf6be2fef495.txt,0,1
npds_01180_V_P_I_2146_jpg.rf.53c6e039e581ce8a2c1b58b7af195fd9,npds,/home/divya/projects/IndianANPR/data/processed/npds_leakage_safe/images/train/V_P_I_2146_jpg.rf.53c6e039e581ce8a2c1b58b7af195fd9.jpg,/home/divya/projects/IndianANPR/data/processed/npds_leakage_safe/labels/train/V_P_I_2146_jpg.rf.53c6e039e581ce8a2c1b58b7af195fd9.txt,0,1
npds_01181_V_P_I_1611_jpg.rf.65a4d636e55f6caa1b83978946e4ac4a,npds,/home/divya/projects/IndianANPR/data/processed/npds_leakage_safe/images/train/V_P_I_1611_jpg.rf.65a4d636e55f6caa1b83978946e4ac4a.jpg,/home/divya/projects/IndianANPR/data/processed/npds_leakage_safe/labels/train/V_P_I_1611_jpg.rf.65a4d636e55f6caa1b83978946e4ac4a.txt,0,1
npds_01182_V_P_I_1169_jpg.rf.15f820c12017f9816eed029816b679d6,npds,/home/divya/projects/IndianANPR/data/processed/npds_leakage_safe/images/train/V_P_I_1169_jpg.rf.15f820c12017f9816eed029816b679d6.jpg,/home/divya/projects/IndianANPR/data/processed/npds_leakage_safe/labels/train/V_P_I_1169_jpg.rf.15f820c12017f9816eed029816b679d6.txt,0,1
npds_01183_V_P_I_1830_jpg.rf.1cbacb49cea26a72d271b2951bef9733,npds,/home/divya/projects/IndianANPR/data/processed/npds_leakage_safe/images/train/V_P_I_1830_jpg.rf.1cbacb49cea26a72d271b2951bef9733.jpg,/home/divya/projects/IndianANPR/data/processed/npds_leakage_safe/labels/train/V_P_I_1830_jpg.rf.1cbacb49cea26a72d271b2951bef9733.txt,0,1
npds_01184_V_P_I_985_jpg.rf.2346cbbe10a2080972f3820fe4fed625,npds,/home/divya/projects/IndianANPR/data/processed/npds_leakage_safe/images/train/V_P_I_985_jpg.rf.2346cbbe10a2080972f3820fe4fed625.jpg,/home/divya/projects/IndianANPR/data/processed/npds_leakage_safe/labels/train/V_P_I_985_jpg.rf.2346cbbe10a2080972f3820fe4fed625.txt,0,1
npds_01185_V_P_I_258_jpg.rf.9df2c0ed570e8135cf47f2a488c41d16,npds,/home/divya/projects/IndianANPR/data/processed/npds_leakage_safe/images/train/V_P_I_258_jpg.rf.9df2c0ed570e8135cf47f2a488c41d16.jpg,/home/divya/projects/IndianANPR/data/processed/npds_leakage_safe/labels/train/V_P_I_258_jpg.rf.9df2c0ed570e8135cf47f2a488c41d16.txt,0,1
npds_01186_V_P_I_1392_jpg.rf.9a2c7554acb15d9ca7825d77fe382479,npds,/home/divya/projects/IndianANPR/data/processed/npds_leakage_safe/images/train/V_P_I_1392_jpg.rf.9a2c7554acb15d9ca7825d77fe382479.jpg,/home/divya/projects/IndianANPR/data/processed/npds_leakage_safe/labels/train/V_P_I_1392_jpg.rf.9a2c7554acb15d9ca7825d77fe382479.txt,0,1
npds_01187_V_P_I_579_jpg.rf.4664a930619aca751164e97afd5f1d63,npds,/home/divya/projects/IndianANPR/data/processed/npds_leakage_safe/images/train/V_P_I_579_jpg.rf.4664a930619aca751164e97afd5f1d63.jpg,/home/divya/projects/IndianANPR/data/processed/npds_leakage_safe/labels/train/V_P_I_579_jpg.rf.4664a930619aca751164e97afd5f1d63.txt,0,1
npds_01188_V_P_I_1212_jpg.rf.50d25356bcac9e6acabd6a95928e67c6,npds,/home/divya/projects/IndianANPR/data/processed/npds_leakage_safe/images/train/V_P_I_1212_jpg.rf.50d25356bcac9e6acabd6a95928e67c6.jpg,/home/divya/projects/IndianANPR/data/processed/npds_leakage_safe/labels/train/V_P_I_1212_jpg.rf.50d25356bcac9e6acabd6a95928e67c6.txt,0,2
npds_01189_V_P_I_2345_jpg.rf.b9ddb124610a0efba1e45826aa205a59,npds,/home/divya/projects/IndianANPR/data/processed/npds_leakage_safe/images/train/V_P_I_2345_jpg.rf.b9ddb124610a0efba1e45826aa205a59.jpg,/home/divya/projects/IndianANPR/data/processed/npds_leakage_safe/labels/train/V_P_I_2345_jpg.rf.b9ddb124610a0efba1e45826aa205a59.txt,0,1
npds_01190_V_P_I_2632_jpg.rf.36d1f1f524cb8f3b9e05906a46fd4a45,npds,/home/divya/projects/IndianANPR/data/processed/npds_leakage_safe/images/train/V_P_I_2632_jpg.rf.36d1f1f524cb8f3b9e05906a46fd4a45.jpg,/home/divya/projects/IndianANPR/data/processed/npds_leakage_safe/labels/train/V_P_I_2632_jpg.rf.36d1f1f524cb8f3b9e05906a46fd4a45.txt,0,1
npds_01191_V_P_I_1252_jpg.rf.2f89a5f4e02b222c84af86b576e7b8b6,npds,/home/divya/projects/IndianANPR/data/processed/npds_leakage_safe/images/train/V_P_I_1252_jpg.rf.2f89a5f4e02b222c84af86b576e7b8b6.jpg,/home/divya/projects/IndianANPR/data/processed/npds_leakage_safe/labels/train/V_P_I_1252_jpg.rf.2f89a5f4e02b222c84af86b576e7b8b6.txt,0,1
npds_01192_V_P_I_2904_jpg.rf.e4c15a1b1352b7020ee4cc558269bae0,npds,/home/divya/projects/IndianANPR/data/processed/npds_leakage_safe/images/train/V_P_I_2904_jpg.rf.e4c15a1b1352b7020ee4cc558269bae0.jpg,/home/divya/projects/IndianANPR/data/processed/npds_leakage_safe/labels/train/V_P_I_2904_jpg.rf.e4c15a1b1352b7020ee4cc558269bae0.txt,0,1
npds_01193_V_P_I_3065_jpg.rf.fe3237f6caa0d5d73b17fad0aed4a79c,npds,/home/divya/projects/IndianANPR/data/processed/npds_leakage_safe/images/train/V_P_I_3065_jpg.rf.fe3237f6caa0d5d73b17fad0aed4a79c.jpg,/home/divya/projects/IndianANPR/data/processed/npds_leakage_safe/labels/train/V_P_I_3065_jpg.rf.fe3237f6caa0d5d73b17fad0aed4a79c.txt,0,1
npds_01194_V_P_I_3263_jpg.rf.275813db8548a7f3be578fad6ed03fc5,npds,/home/divya/projects/IndianANPR/data/processed/npds_leakage_safe/images/train/V_P_I_3263_jpg.rf.275813db8548a7f3be578fad6ed03fc5.jpg,/home/divya/projects/IndianANPR/data/processed/npds_leakage_safe/labels/train/V_P_I_3263_jpg.rf.275813db8548a7f3be578fad6ed03fc5.txt,0,2
npds_01195_V_P_I_1180_jpg.rf.037f464901bd4dee40a153b60ea8e727,npds,/home/divya/projects/IndianANPR/data/processed/npds_leakage_safe/images/train/V_P_I_1180_jpg.rf.037f464901bd4dee40a153b60ea8e727.jpg,/home/divya/projects/IndianANPR/data/processed/npds_leakage_safe/labels/train/V_P_I_1180_jpg.rf.037f464901bd4dee40a153b60ea8e727.txt,0,2
npds_01196_V_P_I_1502_jpg.rf.914ece597307a0a552556c6795f8da4a,npds,/home/divya/projects/IndianANPR/data/processed/npds_leakage_safe/images/train/V_P_I_1502_jpg.rf.914ece597307a0a552556c6795f8da4a.jpg,/home/divya/projects/IndianANPR/data/processed/npds_leakage_safe/labels/train/V_P_I_1502_jpg.rf.914ece597307a0a552556c6795f8da4a.txt,0,1
npds_01197_V_P_I_1497_jpg.rf.f686c7be8a7529c98ace41ad760e0376,npds,/home/divya/projects/IndianANPR/data/processed/npds_leakage_safe/images/train/V_P_I_1497_jpg.rf.f686c7be8a7529c98ace41ad760e0376.jpg,/home/divya/projects/IndianANPR/data/processed/npds_leakage_safe/labels/train/V_P_I_1497_jpg.rf.f686c7be8a7529c98ace41ad760e0376.txt,0,1
npds_01198_V_P_I_544_jpg.rf.37ae47cfa46582773445a7caa862fd0a,npds,/home/divya/projects/IndianANPR/data/processed/npds_leakage_safe/images/train/V_P_I_544_jpg.rf.37ae47cfa46582773445a7caa862fd0a.jpg,/home/divya/projects/IndianANPR/data/processed/npds_leakage_safe/labels/train/V_P_I_544_jpg.rf.37ae47cfa46582773445a7caa862fd0a.txt,0,1
npds_01199_V_P_I_2861_jpg.rf.963f881eac0a584f43046eccc5af39dd,npds,/home/divya/projects/IndianANPR/data/processed/npds_leakage_safe/images/train/V_P_I_2861_jpg.rf.963f881eac0a584f43046eccc5af39dd.jpg,/home/divya/projects/IndianANPR/data/processed/npds_leakage_safe/labels/train/V_P_I_2861_jpg.rf.963f881eac0a584f43046eccc5af39dd.txt,0,1
npds_01200_V_P_I_853_jpg.rf.e810059a24ba5331893724316955e025,npds,/home/divya/projects/IndianANPR/data/processed/npds_leakage_safe/images/train/V_P_I_853_jpg.rf.e810059a24ba5331893724316955e025.jpg,/home/divya/projects/IndianANPR/data/processed/npds_leakage_safe/labels/train/V_P_I_853_jpg.rf.e810059a24ba5331893724316955e025.txt,0,1
npds_01201_V_P_I_1292_jpg.rf.ba0acc1d3e1539d6ec15cc1c75631b1f,npds,/home/divya/projects/IndianANPR/data/processed/npds_leakage_safe/images/train/V_P_I_1292_jpg.rf.ba0acc1d3e1539d6ec15cc1c75631b1f.jpg,/home/divya/projects/IndianANPR/data/processed/npds_leakage_safe/labels/train/V_P_I_1292_jpg.rf.ba0acc1d3e1539d6ec15cc1c75631b1f.txt,0,1
npds_01202_V_P_I_1815_jpg.rf.23c592ec117d89bf3cbb88ba41edac79,npds,/home/divya/projects/IndianANPR/data/processed/npds_leakage_safe/images/train/V_P_I_1815_jpg.rf.23c592ec117d89bf3cbb88ba41edac79.jpg,/home/divya/projects/IndianANPR/data/processed/npds_leakage_safe/labels/train/V_P_I_1815_jpg.rf.23c592ec117d89bf3cbb88ba41edac79.txt,0,1
npds_01203_V_P_I_1401_jpg.rf.53d3e0b146ec37a78305b3d3450bfc23,npds,/home/divya/projects/IndianANPR/data/processed/npds_leakage_safe/images/train/V_P_I_1401_jpg.rf.53d3e0b146ec37a78305b3d3450bfc23.jpg,/home/divya/projects/IndianANPR/data/processed/npds_leakage_safe/labels/train/V_P_I_1401_jpg.rf.53d3e0b146ec37a78305b3d3450bfc23.txt,0,1
npds_01204_V_P_I_2849_jpg.rf.ef64c8b5fbbc2cca37705ea0aefbac92,npds,/home/divya/projects/IndianANPR/data/processed/npds_leakage_safe/images/train/V_P_I_2849_jpg.rf.ef64c8b5fbbc2cca37705ea0aefbac92.jpg,/home/divya/projects/IndianANPR/data/processed/npds_leakage_safe/labels/train/V_P_I_2849_jpg.rf.ef64c8b5fbbc2cca37705ea0aefbac92.txt,0,1
npds_01205_V_P_I_372_jpg.rf.75be7f9af118ce8c5307c0648ba2336e,npds,/home/divya/projects/IndianANPR/data/processed/npds_leakage_safe/images/train/V_P_I_372_jpg.rf.75be7f9af118ce8c5307c0648ba2336e.jpg,/home/divya/projects/IndianANPR/data/processed/npds_leakage_safe/labels/train/V_P_I_372_jpg.rf.75be7f9af118ce8c5307c0648ba2336e.txt,0,1
npds_01206_V_P_I_2390_jpg.rf.b39721b170d7d29be7b248349c09d58b,npds,/home/divya/projects/IndianANPR/data/processed/npds_leakage_safe/images/train/V_P_I_2390_jpg.rf.b39721b170d7d29be7b248349c09d58b.jpg,/home/divya/projects/IndianANPR/data/processed/npds_leakage_safe/labels/train/V_P_I_2390_jpg.rf.b39721b170d7d29be7b248349c09d58b.txt,0,1
npds_01207_V_P_I_2998_jpg.rf.e1c06c7ec67a8cdb952587319b122487,npds,/home/divya/projects/IndianANPR/data/processed/npds_leakage_safe/images/train/V_P_I_2998_jpg.rf.e1c06c7ec67a8cdb952587319b122487.jpg,/home/divya/projects/IndianANPR/data/processed/npds_leakage_safe/labels/train/V_P_I_2998_jpg.rf.e1c06c7ec67a8cdb952587319b122487.txt,0,1
npds_01208_V_P_I_2970_jpg.rf.427fadf67d2f21d10b44616377f44bbf,npds,/home/divya/projects/IndianANPR/data/processed/npds_leakage_safe/images/train/V_P_I_2970_jpg.rf.427fadf67d2f21d10b44616377f44bbf.jpg,/home/divya/projects/IndianANPR/data/processed/npds_leakage_safe/labels/train/V_P_I_2970_jpg.rf.427fadf67d2f21d10b44616377f44bbf.txt,0,1
npds_01209_V_P_I_469_jpg.rf.a84353a7377ff8fd0cf3a6406013cd22,npds,/home/divya/projects/IndianANPR/data/processed/npds_leakage_safe/images/train/V_P_I_469_jpg.rf.a84353a7377ff8fd0cf3a6406013cd22.jpg,/home/divya/projects/IndianANPR/data/processed/npds_leakage_safe/labels/train/V_P_I_469_jpg.rf.a84353a7377ff8fd0cf3a6406013cd22.txt,0,1
npds_01210_V_P_I_3027_jpg.rf.f640785dfbeb1be905888352d2724e5f,npds,/home/divya/projects/IndianANPR/data/processed/npds_leakage_safe/images/train/V_P_I_3027_jpg.rf.f640785dfbeb1be905888352d2724e5f.jpg,/home/divya/projects/IndianANPR/data/processed/npds_leakage_safe/labels/train/V_P_I_3027_jpg.rf.f640785dfbeb1be905888352d2724e5f.txt,0,1
npds_01211_V_P_I_1741_jpg.rf.b776564278ba82aa71bca7bd1996ac79,npds,/home/divya/projects/IndianANPR/data/processed/npds_leakage_safe/images/train/V_P_I_1741_jpg.rf.b776564278ba82aa71bca7bd1996ac79.jpg,/home/divya/projects/IndianANPR/data/processed/npds_leakage_safe/labels/train/V_P_I_1741_jpg.rf.b776564278ba82aa71bca7bd1996ac79.txt,0,1
npds_01212_V_P_I_413_jpg.rf.c4bd181b6ec792ebe68c9dba67c3cf9b,npds,/home/divya/projects/IndianANPR/data/processed/npds_leakage_safe/images/train/V_P_I_413_jpg.rf.c4bd181b6ec792ebe68c9dba67c3cf9b.jpg,/home/divya/projects/IndianANPR/data/processed/npds_leakage_safe/labels/train/V_P_I_413_jpg.rf.c4bd181b6ec792ebe68c9dba67c3cf9b.txt,0,1
npds_01213_V_P_I_2736_jpg.rf.ba5f214dcf3d48bab0c5f60a3939a2c8,npds,/home/divya/projects/IndianANPR/data/processed/npds_leakage_safe/images/train/V_P_I_2736_jpg.rf.ba5f214dcf3d48bab0c5f60a3939a2c8.jpg,/home/divya/projects/IndianANPR/data/processed/npds_leakage_safe/labels/train/V_P_I_2736_jpg.rf.ba5f214dcf3d48bab0c5f60a3939a2c8.txt,0,1
npds_01214_V_P_I_813_jpg.rf.8da419c3f026dd95d7a9ce3a791e51f0,npds,/home/divya/projects/IndianANPR/data/processed/npds_leakage_safe/images/train/V_P_I_813_jpg.rf.8da419c3f026dd95d7a9ce3a791e51f0.jpg,/home/divya/projects/IndianANPR/data/processed/npds_leakage_safe/labels/train/V_P_I_813_jpg.rf.8da419c3f026dd95d7a9ce3a791e51f0.txt,0,1
npds_01215_V_P_I_2498_jpg.rf.b9568c0e71a0f8d2869930e90ed5e0c5,npds,/home/divya/projects/IndianANPR/data/processed/npds_leakage_safe/images/train/V_P_I_2498_jpg.rf.b9568c0e71a0f8d2869930e90ed5e0c5.jpg,/home/divya/projects/IndianANPR/data/processed/npds_leakage_safe/labels/train/V_P_I_2498_jpg.rf.b9568c0e71a0f8d2869930e90ed5e0c5.txt,0,1
npds_01216_V_P_I_2476_jpg.rf.a34426489bdf3267d4bf2fc9edc3bd05,npds,/home/divya/projects/IndianANPR/data/processed/npds_leakage_safe/images/train/V_P_I_2476_jpg.rf.a34426489bdf3267d4bf2fc9edc3bd05.jpg,/home/divya/projects/IndianANPR/data/processed/npds_leakage_safe/labels/train/V_P_I_2476_jpg.rf.a34426489bdf3267d4bf2fc9edc3bd05.txt,0,1
npds_01217_V_P_I_1997_jpg.rf.9791accb3515cbf36310e70224755851,npds,/home/divya/projects/IndianANPR/data/processed/npds_leakage_safe/images/train/V_P_I_1997_jpg.rf.9791accb3515cbf36310e70224755851.jpg,/home/divya/projects/IndianANPR/data/processed/npds_leakage_safe/labels/train/V_P_I_1997_jpg.rf.9791accb3515cbf36310e70224755851.txt,0,1
npds_01218_V_P_I_712_jpg.rf.0385ac349c4c9f928c8b163d14ff4db4,npds,/home/divya/projects/IndianANPR/data/processed/npds_leakage_safe/images/train/V_P_I_712_jpg.rf.0385ac349c4c9f928c8b163d14ff4db4.jpg,/home/divya/projects/IndianANPR/data/processed/npds_leakage_safe/labels/train/V_P_I_712_jpg.rf.0385ac349c4c9f928c8b163d14ff4db4.txt,0,1
npds_01219_V_P_I_293_jpg.rf.d7cb84498c0e97045a117ce6bfd59f64,npds,/home/divya/projects/IndianANPR/data/processed/npds_leakage_safe/images/train/V_P_I_293_jpg.rf.d7cb84498c0e97045a117ce6bfd59f64.jpg,/home/divya/projects/IndianANPR/data/processed/npds_leakage_safe/labels/train/V_P_I_293_jpg.rf.d7cb84498c0e97045a117ce6bfd59f64.txt,0,1
npds_01220_V_P_I_242_jpg.rf.583ecac192bcd8324440b6115c115138,npds,/home/divya/projects/IndianANPR/data/processed/npds_leakage_safe/images/train/V_P_I_242_jpg.rf.583ecac192bcd8324440b6115c115138.jpg,/home/divya/projects/IndianANPR/data/processed/npds_leakage_safe/labels/train/V_P_I_242_jpg.rf.583ecac192bcd8324440b6115c115138.txt,0,1
npds_01221_V_P_I_2035_jpg.rf.9b011367be941fb721e1e1e5ab186a53,npds,/home/divya/projects/IndianANPR/data/processed/npds_leakage_safe/images/train/V_P_I_2035_jpg.rf.9b011367be941fb721e1e1e5ab186a53.jpg,/home/divya/projects/IndianANPR/data/processed/npds_leakage_safe/labels/train/V_P_I_2035_jpg.rf.9b011367be941fb721e1e1e5ab186a53.txt,0,1
npds_01222_V_P_I_2881_jpg.rf.3c538455f2a451dc5af7cf42c788306f,npds,/home/divya/projects/IndianANPR/data/processed/npds_leakage_safe/images/train/V_P_I_2881_jpg.rf.3c538455f2a451dc5af7cf42c788306f.jpg,/home/divya/projects/IndianANPR/data/processed/npds_leakage_safe/labels/train/V_P_I_2881_jpg.rf.3c538455f2a451dc5af7cf42c788306f.txt,0,1
npds_01223_V_P_I_303_jpg.rf.dc37e958be30ffb051a65696970a25c3,npds,/home/divya/projects/IndianANPR/data/processed/npds_leakage_safe/images/train/V_P_I_303_jpg.rf.dc37e958be30ffb051a65696970a25c3.jpg,/home/divya/projects/IndianANPR/data/processed/npds_leakage_safe/labels/train/V_P_I_303_jpg.rf.dc37e958be30ffb051a65696970a25c3.txt,0,1
npds_01224_V_P_I_1199_jpg.rf.5edcf4a620f0bd7579f575720ecee4cf,npds,/home/divya/projects/IndianANPR/data/processed/npds_leakage_safe/images/train/V_P_I_1199_jpg.rf.5edcf4a620f0bd7579f575720ecee4cf.jpg,/home/divya/projects/IndianANPR/data/processed/npds_leakage_safe/labels/train/V_P_I_1199_jpg.rf.5edcf4a620f0bd7579f575720ecee4cf.txt,0,1
npds_01225_V_P_I_3005_jpg.rf.0b99888c2a7267544e9ed7e4674c0519,npds,/home/divya/projects/IndianANPR/data/processed/npds_leakage_safe/images/train/V_P_I_3005_jpg.rf.0b99888c2a7267544e9ed7e4674c0519.jpg,/home/divya/projects/IndianANPR/data/processed/npds_leakage_safe/labels/train/V_P_I_3005_jpg.rf.0b99888c2a7267544e9ed7e4674c0519.txt,0,1
npds_01226_V_P_I_3460_jpeg_jpg.rf.78c1f9fae45e5cfc1606ae7c967e179e,npds,/home/divya/projects/IndianANPR/data/processed/npds_leakage_safe/images/train/V_P_I_3460_jpeg_jpg.rf.78c1f9fae45e5cfc1606ae7c967e179e.jpg,/home/divya/projects/IndianANPR/data/processed/npds_leakage_safe/labels/train/V_P_I_3460_jpeg_jpg.rf.78c1f9fae45e5cfc1606ae7c967e179e.txt,0,1
npds_01227_V_P_I_1337_jpg.rf.bcec2c35fc7576f7bfe36de9a878b03e,npds,/home/divya/projects/IndianANPR/data/processed/npds_leakage_safe/images/train/V_P_I_1337_jpg.rf.bcec2c35fc7576f7bfe36de9a878b03e.jpg,/home/divya/projects/IndianANPR/data/processed/npds_leakage_safe/labels/train/V_P_I_1337_jpg.rf.bcec2c35fc7576f7bfe36de9a878b03e.txt,0,1
npds_01228_V_P_I_368_jpg.rf.9f58b6c6b3a73f20b5bb554d27799644,npds,/home/divya/projects/IndianANPR/data/processed/npds_leakage_safe/images/train/V_P_I_368_jpg.rf.9f58b6c6b3a73f20b5bb554d27799644.jpg,/home/divya/projects/IndianANPR/data/processed/npds_leakage_safe/labels/train/V_P_I_368_jpg.rf.9f58b6c6b3a73f20b5bb554d27799644.txt,0,1
npds_01229_V_P_I_1683_jpg.rf.5bd9f17e8e3247daa4e97db73f751526,npds,/home/divya/projects/IndianANPR/data/processed/npds_leakage_safe/images/train/V_P_I_1683_jpg.rf.5bd9f17e8e3247daa4e97db73f751526.jpg,/home/divya/projects/IndianANPR/data/processed/npds_leakage_safe/labels/train/V_P_I_1683_jpg.rf.5bd9f17e8e3247daa4e97db73f751526.txt,0,1
npds_01230_V_P_I_3054_jpg.rf.fded886091498fa495e406dae4e1b531,npds,/home/divya/projects/IndianANPR/data/processed/npds_leakage_safe/images/train/V_P_I_3054_jpg.rf.fded886091498fa495e406dae4e1b531.jpg,/home/divya/projects/IndianANPR/data/processed/npds_leakage_safe/labels/train/V_P_I_3054_jpg.rf.fded886091498fa495e406dae4e1b531.txt,0,1
npds_01231_V_P_I_1692_jpg.rf.617c0a997342d102a54e21ef2237705f,npds,/home/divya/projects/IndianANPR/data/processed/npds_leakage_safe/images/train/V_P_I_1692_jpg.rf.617c0a997342d102a54e21ef2237705f.jpg,/home/divya/projects/IndianANPR/data/processed/npds_leakage_safe/labels/train/V_P_I_1692_jpg.rf.617c0a997342d102a54e21ef2237705f.txt,0,1
npds_01232_V_P_I_1872_jpg.rf.a2e8c2f00fd80c5e96f5ac112325fb46,npds,/home/divya/projects/IndianANPR/data/processed/npds_leakage_safe/images/train/V_P_I_1872_jpg.rf.a2e8c2f00fd80c5e96f5ac112325fb46.jpg,/home/divya/projects/IndianANPR/data/processed/npds_leakage_safe/labels/train/V_P_I_1872_jpg.rf.a2e8c2f00fd80c5e96f5ac112325fb46.txt,0,1
npds_01233_V_P_I_3170_jpg.rf.6759e3dc72cdcdb825ce5956c74bfc2c,npds,/home/divya/projects/IndianANPR/data/processed/npds_leakage_safe/images/train/V_P_I_3170_jpg.rf.6759e3dc72cdcdb825ce5956c74bfc2c.jpg,/home/divya/projects/IndianANPR/data/processed/npds_leakage_safe/labels/train/V_P_I_3170_jpg.rf.6759e3dc72cdcdb825ce5956c74bfc2c.txt,0,1
npds_01234_V_P_I_1282_jpg.rf.648823cae01cb226945e55889d75e235,npds,/home/divya/projects/IndianANPR/data/processed/npds_leakage_safe/images/train/V_P_I_1282_jpg.rf.648823cae01cb226945e55889d75e235.jpg,/home/divya/projects/IndianANPR/data/processed/npds_leakage_safe/labels/train/V_P_I_1282_jpg.rf.648823cae01cb226945e55889d75e235.txt,0,1
npds_01235_V_P_I_1518_jpg.rf.7d954edb06d2c87d0b2e7f9a2ddf35a3,npds,/home/divya/projects/IndianANPR/data/processed/npds_leakage_safe/images/train/V_P_I_1518_jpg.rf.7d954edb06d2c87d0b2e7f9a2ddf35a3.jpg,/home/divya/projects/IndianANPR/data/processed/npds_leakage_safe/labels/train/V_P_I_1518_jpg.rf.7d954edb06d2c87d0b2e7f9a2ddf35a3.txt,0,1
npds_01236_V_P_I_1784_jpg.rf.ec0f608a2348296943e4a4ef1aa8216d,npds,/home/divya/projects/IndianANPR/data/processed/npds_leakage_safe/images/train/V_P_I_1784_jpg.rf.ec0f608a2348296943e4a4ef1aa8216d.jpg,/home/divya/projects/IndianANPR/data/processed/npds_leakage_safe/labels/train/V_P_I_1784_jpg.rf.ec0f608a2348296943e4a4ef1aa8216d.txt,0,1
npds_01237_V_P_I_1572_jpg.rf.af78d9d90114c9304eaa8607cc7b35b5,npds,/home/divya/projects/IndianANPR/data/processed/npds_leakage_safe/images/train/V_P_I_1572_jpg.rf.af78d9d90114c9304eaa8607cc7b35b5.jpg,/home/divya/projects/IndianANPR/data/processed/npds_leakage_safe/labels/train/V_P_I_1572_jpg.rf.af78d9d90114c9304eaa8607cc7b35b5.txt,0,1
npds_01238_V_P_I_2833_jpg.rf.fd6c811844ff9b0425da1ad795be2c55,npds,/home/divya/projects/IndianANPR/data/processed/npds_leakage_safe/images/train/V_P_I_2833_jpg.rf.fd6c811844ff9b0425da1ad795be2c55.jpg,/home/divya/projects/IndianANPR/data/processed/npds_leakage_safe/labels/train/V_P_I_2833_jpg.rf.fd6c811844ff9b0425da1ad795be2c55.txt,0,1
npds_01239_V_P_I_1258_jpg.rf.5c49846294f04f2dfa940f3ad63ff519,npds,/home/divya/projects/IndianANPR/data/processed/npds_leakage_safe/images/train/V_P_I_1258_jpg.rf.5c49846294f04f2dfa940f3ad63ff519.jpg,/home/divya/projects/IndianANPR/data/processed/npds_leakage_safe/labels/train/V_P_I_1258_jpg.rf.5c49846294f04f2dfa940f3ad63ff519.txt,0,1
npds_01240_V_P_I_1517_jpg.rf.2cae99a6ddde33aff71b374a3bc90001,npds,/home/divya/projects/IndianANPR/data/processed/npds_leakage_safe/images/train/V_P_I_1517_jpg.rf.2cae99a6ddde33aff71b374a3bc90001.jpg,/home/divya/projects/IndianANPR/data/processed/npds_leakage_safe/labels/train/V_P_I_1517_jpg.rf.2cae99a6ddde33aff71b374a3bc90001.txt,0,1
npds_01241_V_P_I_1013_jpg.rf.371b481f12611cefb282f77157299cbd,npds,/home/divya/projects/IndianANPR/data/processed/npds_leakage_safe/images/train/V_P_I_1013_jpg.rf.371b481f12611cefb282f77157299cbd.jpg,/home/divya/projects/IndianANPR/data/processed/npds_leakage_safe/labels/train/V_P_I_1013_jpg.rf.371b481f12611cefb282f77157299cbd.txt,0,1
npds_01242_V_P_I_2369_jpg.rf.f6bf54f5240c6820c6b84d40cce379b7,npds,/home/divya/projects/IndianANPR/data/processed/npds_leakage_safe/images/train/V_P_I_2369_jpg.rf.f6bf54f5240c6820c6b84d40cce379b7.jpg,/home/divya/projects/IndianANPR/data/processed/npds_leakage_safe/labels/train/V_P_I_2369_jpg.rf.f6bf54f5240c6820c6b84d40cce379b7.txt,0,1
npds_01243_V_P_I_734_jpg.rf.56349fa2cbb30f2e74722cf1778b6d88,npds,/home/divya/projects/IndianANPR/data/processed/npds_leakage_safe/images/train/V_P_I_734_jpg.rf.56349fa2cbb30f2e74722cf1778b6d88.jpg,/home/divya/projects/IndianANPR/data/processed/npds_leakage_safe/labels/train/V_P_I_734_jpg.rf.56349fa2cbb30f2e74722cf1778b6d88.txt,0,1
npds_01244_V_P_I_3272_jpg.rf.263bb2e0c64d57dd7b11633ba6672eb7,npds,/home/divya/projects/IndianANPR/data/processed/npds_leakage_safe/images/train/V_P_I_3272_jpg.rf.263bb2e0c64d57dd7b11633ba6672eb7.jpg,/home/divya/projects/IndianANPR/data/processed/npds_leakage_safe/labels/train/V_P_I_3272_jpg.rf.263bb2e0c64d57dd7b11633ba6672eb7.txt,0,1
npds_01245_V_P_I_2961_jpg.rf.9825fba5ebcddd2fef5a67dee5f70c9a,npds,/home/divya/projects/IndianANPR/data/processed/npds_leakage_safe/images/train/V_P_I_2961_jpg.rf.9825fba5ebcddd2fef5a67dee5f70c9a.jpg,/home/divya/projects/IndianANPR/data/processed/npds_leakage_safe/labels/train/V_P_I_2961_jpg.rf.9825fba5ebcddd2fef5a67dee5f70c9a.txt,0,1
npds_01246_V_P_I_2563_jpg.rf.dc57a10a3c607b590a957fe231904997,npds,/home/divya/projects/IndianANPR/data/processed/npds_leakage_safe/images/train/V_P_I_2563_jpg.rf.dc57a10a3c607b590a957fe231904997.jpg,/home/divya/projects/IndianANPR/data/processed/npds_leakage_safe/labels/train/V_P_I_2563_jpg.rf.dc57a10a3c607b590a957fe231904997.txt,0,1
npds_01247_V_P_I_1978_jpg.rf.8a4b1ba8ba350b7790f43ac3af8d97aa,npds,/home/divya/projects/IndianANPR/data/processed/npds_leakage_safe/images/train/V_P_I_1978_jpg.rf.8a4b1ba8ba350b7790f43ac3af8d97aa.jpg,/home/divya/projects/IndianANPR/data/processed/npds_leakage_safe/labels/train/V_P_I_1978_jpg.rf.8a4b1ba8ba350b7790f43ac3af8d97aa.txt,0,1
npds_01248_V_P_I_1108_jpg.rf.8e0b292d7a2717a1426a93f24a100afb,npds,/home/divya/projects/IndianANPR/data/processed/npds_leakage_safe/images/train/V_P_I_1108_jpg.rf.8e0b292d7a2717a1426a93f24a100afb.jpg,/home/divya/projects/IndianANPR/data/processed/npds_leakage_safe/labels/train/V_P_I_1108_jpg.rf.8e0b292d7a2717a1426a93f24a100afb.txt,0,1
npds_01249_V_P_I_1762_jpg.rf.225319115fd9447bca0910ea18f166db,npds,/home/divya/projects/IndianANPR/data/processed/npds_leakage_safe/images/train/V_P_I_1762_jpg.rf.225319115fd9447bca0910ea18f166db.jpg,/home/divya/projects/IndianANPR/data/processed/npds_leakage_safe/labels/train/V_P_I_1762_jpg.rf.225319115fd9447bca0910ea18f166db.txt,0,1
npds_01250_V_P_I_1969_jpg.rf.79f5970076a0d8cde993d09076003b4d,npds,/home/divya/projects/IndianANPR/data/processed/npds_leakage_safe/images/train/V_P_I_1969_jpg.rf.79f5970076a0d8cde993d09076003b4d.jpg,/home/divya/projects/IndianANPR/data/processed/npds_leakage_safe/labels/train/V_P_I_1969_jpg.rf.79f5970076a0d8cde993d09076003b4d.txt,0,1
npds_01251_V_P_I_3349_jpg.rf.67af2c1eb3f2f060e07525e3fd60953a,npds,/home/divya/projects/IndianANPR/data/processed/npds_leakage_safe/images/train/V_P_I_3349_jpg.rf.67af2c1eb3f2f060e07525e3fd60953a.jpg,/home/divya/projects/IndianANPR/data/processed/npds_leakage_safe/labels/train/V_P_I_3349_jpg.rf.67af2c1eb3f2f060e07525e3fd60953a.txt,0,1
npds_01252_V_P_I_1948_jpg.rf.408a7eddc7e466dc39bdaa54274c89b9,npds,/home/divya/projects/IndianANPR/data/processed/npds_leakage_safe/images/train/V_P_I_1948_jpg.rf.408a7eddc7e466dc39bdaa54274c89b9.jpg,/home/divya/projects/IndianANPR/data/processed/npds_leakage_safe/labels/train/V_P_I_1948_jpg.rf.408a7eddc7e466dc39bdaa54274c89b9.txt,0,1
npds_01253_V_P_I_3332_jpg.rf.19b12b91e32b240aacc6016eca355259,npds,/home/divya/projects/IndianANPR/data/processed/npds_leakage_safe/images/train/V_P_I_3332_jpg.rf.19b12b91e32b240aacc6016eca355259.jpg,/home/divya/projects/IndianANPR/data/processed/npds_leakage_safe/labels/train/V_P_I_3332_jpg.rf.19b12b91e32b240aacc6016eca355259.txt,0,6
npds_01254_V_P_I_70_jpg.rf.c350c7746a259f5b25c8c544409d4c40,npds,/home/divya/projects/IndianANPR/data/processed/npds_leakage_safe/images/train/V_P_I_70_jpg.rf.c350c7746a259f5b25c8c544409d4c40.jpg,/home/divya/projects/IndianANPR/data/processed/npds_leakage_safe/labels/train/V_P_I_70_jpg.rf.c350c7746a259f5b25c8c544409d4c40.txt,0,1
npds_01255_V_P_I_2511_jpg.rf.058e6b9461ecb8a5c6e34cc75078da80,npds,/home/divya/projects/IndianANPR/data/processed/npds_leakage_safe/images/train/V_P_I_2511_jpg.rf.058e6b9461ecb8a5c6e34cc75078da80.jpg,/home/divya/projects/IndianANPR/data/processed/npds_leakage_safe/labels/train/V_P_I_2511_jpg.rf.058e6b9461ecb8a5c6e34cc75078da80.txt,0,1
npds_01256_V_P_I_1244_jpg.rf.b0fb201327423d7edb4f9b8d67fe415b,npds,/home/divya/projects/IndianANPR/data/processed/npds_leakage_safe/images/train/V_P_I_1244_jpg.rf.b0fb201327423d7edb4f9b8d67fe415b.jpg,/home/divya/projects/IndianANPR/data/processed/npds_leakage_safe/labels/train/V_P_I_1244_jpg.rf.b0fb201327423d7edb4f9b8d67fe415b.txt,0,1
npds_01257_V_P_I_3267_jpg.rf.a288a231db25274b059e7cca37bf965b,npds,/home/divya/projects/IndianANPR/data/processed/npds_leakage_safe/images/train/V_P_I_3267_jpg.rf.a288a231db25274b059e7cca37bf965b.jpg,/home/divya/projects/IndianANPR/data/processed/npds_leakage_safe/labels/train/V_P_I_3267_jpg.rf.a288a231db25274b059e7cca37bf965b.txt,0,1
npds_01258_V_P_I_1767_jpg.rf.6f9882e9775f946be148cb731f791ead,npds,/home/divya/projects/IndianANPR/data/processed/npds_leakage_safe/images/train/V_P_I_1767_jpg.rf.6f9882e9775f946be148cb731f791ead.jpg,/home/divya/projects/IndianANPR/data/processed/npds_leakage_safe/labels/train/V_P_I_1767_jpg.rf.6f9882e9775f946be148cb731f791ead.txt,0,1
npds_01259_V_P_I_1871_jpg.rf.ff6202af00174dd51788c6490cad8d79,npds,/home/divya/projects/IndianANPR/data/processed/npds_leakage_safe/images/train/V_P_I_1871_jpg.rf.ff6202af00174dd51788c6490cad8d79.jpg,/home/divya/projects/IndianANPR/data/processed/npds_leakage_safe/labels/train/V_P_I_1871_jpg.rf.ff6202af00174dd51788c6490cad8d79.txt,0,1
npds_01260_V_P_I_45_jpg.rf.e643c704d1a002a7624a76bf27fe0993,npds,/home/divya/projects/IndianANPR/data/processed/npds_leakage_safe/images/train/V_P_I_45_jpg.rf.e643c704d1a002a7624a76bf27fe0993.jpg,/home/divya/projects/IndianANPR/data/processed/npds_leakage_safe/labels/train/V_P_I_45_jpg.rf.e643c704d1a002a7624a76bf27fe0993.txt,0,1
npds_01261_V_P_I_46_jpg.rf.faad1451d0491ec2cd6873dfcb61a54e,npds,/home/divya/projects/IndianANPR/data/processed/npds_leakage_safe/images/train/V_P_I_46_jpg.rf.faad1451d0491ec2cd6873dfcb61a54e.jpg,/home/divya/projects/IndianANPR/data/processed/npds_leakage_safe/labels/train/V_P_I_46_jpg.rf.faad1451d0491ec2cd6873dfcb61a54e.txt,0,1
npds_01262_V_P_I_3054_jpg.rf.115d3db93a013eedd2bf538533bf437c,npds,/home/divya/projects/IndianANPR/data/processed/npds_leakage_safe/images/train/V_P_I_3054_jpg.rf.115d3db93a013eedd2bf538533bf437c.jpg,/home/divya/projects/IndianANPR/data/processed/npds_leakage_safe/labels/train/V_P_I_3054_jpg.rf.115d3db93a013eedd2bf538533bf437c.txt,0,1
npds_01263_V_P_I_2948_jpg.rf.94cde19d8cf5ff54abe55207630f6347,npds,/home/divya/projects/IndianANPR/data/processed/npds_leakage_safe/images/train/V_P_I_2948_jpg.rf.94cde19d8cf5ff54abe55207630f6347.jpg,/home/divya/projects/IndianANPR/data/processed/npds_leakage_safe/labels/train/V_P_I_2948_jpg.rf.94cde19d8cf5ff54abe55207630f6347.txt,0,1
npds_01264_V_P_I_3171_jpg.rf.9d431b1bf6a6bb6457c49011b43999aa,npds,/home/divya/projects/IndianANPR/data/processed/npds_leakage_safe/images/train/V_P_I_3171_jpg.rf.9d431b1bf6a6bb6457c49011b43999aa.jpg,/home/divya/projects/IndianANPR/data/processed/npds_leakage_safe/labels/train/V_P_I_3171_jpg.rf.9d431b1bf6a6bb6457c49011b43999aa.txt,0,1
npds_01265_V_P_I_514_jpg.rf.5ceac76aeeb980eee13024ca39e2fa5b,npds,/home/divya/projects/IndianANPR/data/processed/npds_leakage_safe/images/train/V_P_I_514_jpg.rf.5ceac76aeeb980eee13024ca39e2fa5b.jpg,/home/divya/projects/IndianANPR/data/processed/npds_leakage_safe/labels/train/V_P_I_514_jpg.rf.5ceac76aeeb980eee13024ca39e2fa5b.txt,0,1
npds_01266_V_P_I_1653_jpg.rf.e45f69dbe2d3c2d4c1c159084605a487,npds,/home/divya/projects/IndianANPR/data/processed/npds_leakage_safe/images/train/V_P_I_1653_jpg.rf.e45f69dbe2d3c2d4c1c159084605a487.jpg,/home/divya/projects/IndianANPR/data/processed/npds_leakage_safe/labels/train/V_P_I_1653_jpg.rf.e45f69dbe2d3c2d4c1c159084605a487.txt,0,1
npds_01267_V_P_I_837_jpg.rf.ba4a2ffe0ca42a399bc317019a9601e0,npds,/home/divya/projects/IndianANPR/data/processed/npds_leakage_safe/images/train/V_P_I_837_jpg.rf.ba4a2ffe0ca42a399bc317019a9601e0.jpg,/home/divya/projects/IndianANPR/data/processed/npds_leakage_safe/labels/train/V_P_I_837_jpg.rf.ba4a2ffe0ca42a399bc317019a9601e0.txt,0,1
npds_01268_V_P_I_1394_jpg.rf.955a95f2bf727c15cccb6065ee555508,npds,/home/divya/projects/IndianANPR/data/processed/npds_leakage_safe/images/train/V_P_I_1394_jpg.rf.955a95f2bf727c15cccb6065ee555508.jpg,/home/divya/projects/IndianANPR/data/processed/npds_leakage_safe/labels/train/V_P_I_1394_jpg.rf.955a95f2bf727c15cccb6065ee555508.txt,0,1
npds_01269_V_P_I_2809_jpg.rf.9aa600959b9bc0f77e7e0ba649613d98,npds,/home/divya/projects/IndianANPR/data/processed/npds_leakage_safe/images/train/V_P_I_2809_jpg.rf.9aa600959b9bc0f77e7e0ba649613d98.jpg,/home/divya/projects/IndianANPR/data/processed/npds_leakage_safe/labels/train/V_P_I_2809_jpg.rf.9aa600959b9bc0f77e7e0ba649613d98.txt,0,1
npds_01270_V_P_I_1739_jpg.rf.92d901b2f6bb6600a766828060cce05b,npds,/home/divya/projects/IndianANPR/data/processed/npds_leakage_safe/images/train/V_P_I_1739_jpg.rf.92d901b2f6bb6600a766828060cce05b.jpg,/home/divya/projects/IndianANPR/data/processed/npds_leakage_safe/labels/train/V_P_I_1739_jpg.rf.92d901b2f6bb6600a766828060cce05b.txt,0,1
npds_01271_V_P_I_3129_jpg.rf.758d295bf73d1ce8b2ed0ff313641087,npds,/home/divya/projects/IndianANPR/data/processed/npds_leakage_safe/images/train/V_P_I_3129_jpg.rf.758d295bf73d1ce8b2ed0ff313641087.jpg,/home/divya/projects/IndianANPR/data/processed/npds_leakage_safe/labels/train/V_P_I_3129_jpg.rf.758d295bf73d1ce8b2ed0ff313641087.txt,0,1
npds_01272_V_P_I_1497_jpg.rf.3073c6846c6677d4d4a009931c4fb6a8,npds,/home/divya/projects/IndianANPR/data/processed/npds_leakage_safe/images/train/V_P_I_1497_jpg.rf.3073c6846c6677d4d4a009931c4fb6a8.jpg,/home/divya/projects/IndianANPR/data/processed/npds_leakage_safe/labels/train/V_P_I_1497_jpg.rf.3073c6846c6677d4d4a009931c4fb6a8.txt,0,1
npds_01273_V_P_I_1875_jpg.rf.b9bd9e0fb1d5840718af22027fabccc0,npds,/home/divya/projects/IndianANPR/data/processed/npds_leakage_safe/images/train/V_P_I_1875_jpg.rf.b9bd9e0fb1d5840718af22027fabccc0.jpg,/home/divya/projects/IndianANPR/data/processed/npds_leakage_safe/labels/train/V_P_I_1875_jpg.rf.b9bd9e0fb1d5840718af22027fabccc0.txt,0,1
npds_01274_V_P_I_594_jpg.rf.5cb824b3fbbf7013108ac8a714b31095,npds,/home/divya/projects/IndianANPR/data/processed/npds_leakage_safe/images/train/V_P_I_594_jpg.rf.5cb824b3fbbf7013108ac8a714b31095.jpg,/home/divya/projects/IndianANPR/data/processed/npds_leakage_safe/labels/train/V_P_I_594_jpg.rf.5cb824b3fbbf7013108ac8a714b31095.txt,0,1
npds_01275_V_P_I_1473_jpg.rf.bd856ab64d553e997111e6695f4a9fd0,npds,/home/divya/projects/IndianANPR/data/processed/npds_leakage_safe/images/train/V_P_I_1473_jpg.rf.bd856ab64d553e997111e6695f4a9fd0.jpg,/home/divya/projects/IndianANPR/data/processed/npds_leakage_safe/labels/train/V_P_I_1473_jpg.rf.bd856ab64d553e997111e6695f4a9fd0.txt,0,1
npds_01276_V_P_I_978_jpg.rf.f0421d20680010b99cb36cfe1f45a727,npds,/home/divya/projects/IndianANPR/data/processed/npds_leakage_safe/images/train/V_P_I_978_jpg.rf.f0421d20680010b99cb36cfe1f45a727.jpg,/home/divya/projects/IndianANPR/data/processed/npds_leakage_safe/labels/train/V_P_I_978_jpg.rf.f0421d20680010b99cb36cfe1f45a727.txt,0,1
npds_01277_V_P_I_1197_jpg.rf.5cdb2a2e5889607e5f8873ca211d8250,npds,/home/divya/projects/IndianANPR/data/processed/npds_leakage_safe/images/train/V_P_I_1197_jpg.rf.5cdb2a2e5889607e5f8873ca211d8250.jpg,/home/divya/projects/IndianANPR/data/processed/npds_leakage_safe/labels/train/V_P_I_1197_jpg.rf.5cdb2a2e5889607e5f8873ca211d8250.txt,0,1
npds_01278_V_P_I_1548_jpg.rf.9aefba4e8717026cae72368e146ef47c,npds,/home/divya/projects/IndianANPR/data/processed/npds_leakage_safe/images/train/V_P_I_1548_jpg.rf.9aefba4e8717026cae72368e146ef47c.jpg,/home/divya/projects/IndianANPR/data/processed/npds_leakage_safe/labels/train/V_P_I_1548_jpg.rf.9aefba4e8717026cae72368e146ef47c.txt,0,1
npds_01279_V_P_I_474_jpg.rf.bb8854b97ce62edaf6f8de4774940409,npds,/home/divya/projects/IndianANPR/data/processed/npds_leakage_safe/images/train/V_P_I_474_jpg.rf.bb8854b97ce62edaf6f8de4774940409.jpg,/home/divya/projects/IndianANPR/data/processed/npds_leakage_safe/labels/train/V_P_I_474_jpg.rf.bb8854b97ce62edaf6f8de4774940409.txt,0,1
npds_01280_V_P_I_2040_jpg.rf.f8249ae9da39c1b01ff1b0f61cd7758e,npds,/home/divya/projects/IndianANPR/data/processed/npds_leakage_safe/images/train/V_P_I_2040_jpg.rf.f8249ae9da39c1b01ff1b0f61cd7758e.jpg,/home/divya/projects/IndianANPR/data/processed/npds_leakage_safe/labels/train/V_P_I_2040_jpg.rf.f8249ae9da39c1b01ff1b0f61cd7758e.txt,0,1
npds_01281_V_P_I_908_jpg.rf.ed002d08b927ef7730d133fb6669a559,npds,/home/divya/projects/IndianANPR/data/processed/npds_leakage_safe/images/train/V_P_I_908_jpg.rf.ed002d08b927ef7730d133fb6669a559.jpg,/home/divya/projects/IndianANPR/data/processed/npds_leakage_safe/labels/train/V_P_I_908_jpg.rf.ed002d08b927ef7730d133fb6669a559.txt,0,1
npds_01282_V_P_I_349_jpg.rf.81f3b36f8cdb36f47842341916ef20a0,npds,/home/divya/projects/IndianANPR/data/processed/npds_leakage_safe/images/train/V_P_I_349_jpg.rf.81f3b36f8cdb36f47842341916ef20a0.jpg,/home/divya/projects/IndianANPR/data/processed/npds_leakage_safe/labels/train/V_P_I_349_jpg.rf.81f3b36f8cdb36f47842341916ef20a0.txt,0,1
npds_01283_V_P_I_586_jpg.rf.b75c7c5f238fe3c6f3edbcbad5cc13dd,npds,/home/divya/projects/IndianANPR/data/processed/npds_leakage_safe/images/train/V_P_I_586_jpg.rf.b75c7c5f238fe3c6f3edbcbad5cc13dd.jpg,/home/divya/projects/IndianANPR/data/processed/npds_leakage_safe/labels/train/V_P_I_586_jpg.rf.b75c7c5f238fe3c6f3edbcbad5cc13dd.txt,0,1
npds_01284_V_P_I_2883_jpg.rf.8a557913a8f69fef6bbd6e599f608c85,npds,/home/divya/projects/IndianANPR/data/processed/npds_leakage_safe/images/train/V_P_I_2883_jpg.rf.8a557913a8f69fef6bbd6e599f608c85.jpg,/home/divya/projects/IndianANPR/data/processed/npds_leakage_safe/labels/train/V_P_I_2883_jpg.rf.8a557913a8f69fef6bbd6e599f608c85.txt,0,1
npds_01285_V_P_I_196_jpg.rf.71e0033f57d8ede4789b2fbfbe992707,npds,/home/divya/projects/IndianANPR/data/processed/npds_leakage_safe/images/train/V_P_I_196_jpg.rf.71e0033f57d8ede4789b2fbfbe992707.jpg,/home/divya/projects/IndianANPR/data/processed/npds_leakage_safe/labels/train/V_P_I_196_jpg.rf.71e0033f57d8ede4789b2fbfbe992707.txt,0,1
npds_01286_V_P_I_2464_jpg.rf.a71de2288009da6cced5b5c006d1ef36,npds,/home/divya/projects/IndianANPR/data/processed/npds_leakage_safe/images/train/V_P_I_2464_jpg.rf.a71de2288009da6cced5b5c006d1ef36.jpg,/home/divya/projects/IndianANPR/data/processed/npds_leakage_safe/labels/train/V_P_I_2464_jpg.rf.a71de2288009da6cced5b5c006d1ef36.txt,0,1
npds_01287_V_P_I_1421_jpg.rf.90b77e233f3b482f7affd14f126622f7,npds,/home/divya/projects/IndianANPR/data/processed/npds_leakage_safe/images/train/V_P_I_1421_jpg.rf.90b77e233f3b482f7affd14f126622f7.jpg,/home/divya/projects/IndianANPR/data/processed/npds_leakage_safe/labels/train/V_P_I_1421_jpg.rf.90b77e233f3b482f7affd14f126622f7.txt,0,1
npds_01288_V_P_I_2561_jpg.rf.8cda6db4c6dd919eb337fb63cf603690,npds,/home/divya/projects/IndianANPR/data/processed/npds_leakage_safe/images/train/V_P_I_2561_jpg.rf.8cda6db4c6dd919eb337fb63cf603690.jpg,/home/divya/projects/IndianANPR/data/processed/npds_leakage_safe/labels/train/V_P_I_2561_jpg.rf.8cda6db4c6dd919eb337fb63cf603690.txt,0,1
npds_01289_V_P_I_326_jpg.rf.ed2e360f169263e86bf8f2b42170805d,npds,/home/divya/projects/IndianANPR/data/processed/npds_leakage_safe/images/train/V_P_I_326_jpg.rf.ed2e360f169263e86bf8f2b42170805d.jpg,/home/divya/projects/IndianANPR/data/processed/npds_leakage_safe/labels/train/V_P_I_326_jpg.rf.ed2e360f169263e86bf8f2b42170805d.txt,0,1
npds_01290_V_P_I_2031_jpg.rf.31592632594caacbd2c7607b351706f6,npds,/home/divya/projects/IndianANPR/data/processed/npds_leakage_safe/images/train/V_P_I_2031_jpg.rf.31592632594caacbd2c7607b351706f6.jpg,/home/divya/projects/IndianANPR/data/processed/npds_leakage_safe/labels/train/V_P_I_2031_jpg.rf.31592632594caacbd2c7607b351706f6.txt,0,1
npds_01291_V_P_I_331_jpg.rf.d461bb6e4e4dc05eb371272a58b6208c,npds,/home/divya/projects/IndianANPR/data/processed/npds_leakage_safe/images/train/V_P_I_331_jpg.rf.d461bb6e4e4dc05eb371272a58b6208c.jpg,/home/divya/projects/IndianANPR/data/processed/npds_leakage_safe/labels/train/V_P_I_331_jpg.rf.d461bb6e4e4dc05eb371272a58b6208c.txt,0,1
npds_01292_V_P_I_234_jpg.rf.2f0899afa419b09a1039e62f0ea562df,npds,/home/divya/projects/IndianANPR/data/processed/npds_leakage_safe/images/train/V_P_I_234_jpg.rf.2f0899afa419b09a1039e62f0ea562df.jpg,/home/divya/projects/IndianANPR/data/processed/npds_leakage_safe/labels/train/V_P_I_234_jpg.rf.2f0899afa419b09a1039e62f0ea562df.txt,0,1
npds_01293_V_P_I_1903_jpg.rf.3738b47a1790894c4ab44f2a6444606c,npds,/home/divya/projects/IndianANPR/data/processed/npds_leakage_safe/images/train/V_P_I_1903_jpg.rf.3738b47a1790894c4ab44f2a6444606c.jpg,/home/divya/projects/IndianANPR/data/processed/npds_leakage_safe/labels/train/V_P_I_1903_jpg.rf.3738b47a1790894c4ab44f2a6444606c.txt,0,1
npds_01294_V_P_I_2667_jpg.rf.adcc407f0b8291a857f9fa19f77c5c23,npds,/home/divya/projects/IndianANPR/data/processed/npds_leakage_safe/images/train/V_P_I_2667_jpg.rf.adcc407f0b8291a857f9fa19f77c5c23.jpg,/home/divya/projects/IndianANPR/data/processed/npds_leakage_safe/labels/train/V_P_I_2667_jpg.rf.adcc407f0b8291a857f9fa19f77c5c23.txt,0,1
npds_01295_V_P_I_2799_jpg.rf.1247bd48358cb5a926ac66495316c276,npds,/home/divya/projects/IndianANPR/data/processed/npds_leakage_safe/images/train/V_P_I_2799_jpg.rf.1247bd48358cb5a926ac66495316c276.jpg,/home/divya/projects/IndianANPR/data/processed/npds_leakage_safe/labels/train/V_P_I_2799_jpg.rf.1247bd48358cb5a926ac66495316c276.txt,0,1
npds_01296_V_P_I_2643_jpg.rf.47c48b5cc2e3156bad7291b41d3d1c48,npds,/home/divya/projects/IndianANPR/data/processed/npds_leakage_safe/images/train/V_P_I_2643_jpg.rf.47c48b5cc2e3156bad7291b41d3d1c48.jpg,/home/divya/projects/IndianANPR/data/processed/npds_leakage_safe/labels/train/V_P_I_2643_jpg.rf.47c48b5cc2e3156bad7291b41d3d1c48.txt,0,1
npds_01297_V_P_I_2450_jpg.rf.fad11b9396b84981918bc9c2c017d64f,npds,/home/divya/projects/IndianANPR/data/processed/npds_leakage_safe/images/train/V_P_I_2450_jpg.rf.fad11b9396b84981918bc9c2c017d64f.jpg,/home/divya/projects/IndianANPR/data/processed/npds_leakage_safe/labels/train/V_P_I_2450_jpg.rf.fad11b9396b84981918bc9c2c017d64f.txt,0,2
npds_01298_V_P_I_1280_jpg.rf.ea9bd0804cfbebeee6a871f132d62d55,npds,/home/divya/projects/IndianANPR/data/processed/npds_leakage_safe/images/train/V_P_I_1280_jpg.rf.ea9bd0804cfbebeee6a871f132d62d55.jpg,/home/divya/projects/IndianANPR/data/processed/npds_leakage_safe/labels/train/V_P_I_1280_jpg.rf.ea9bd0804cfbebeee6a871f132d62d55.txt,0,1
npds_01299_V_P_I_2974_jpg.rf.c0a9f3cf4795a6bcadc35e528bf08e1d,npds,/home/divya/projects/IndianANPR/data/processed/npds_leakage_safe/images/train/V_P_I_2974_jpg.rf.c0a9f3cf4795a6bcadc35e528bf08e1d.jpg,/home/divya/projects/IndianANPR/data/processed/npds_leakage_safe/labels/train/V_P_I_2974_jpg.rf.c0a9f3cf4795a6bcadc35e528bf08e1d.txt,0,1
npds_01300_V_P_I_883_jpg.rf.8196fcde0de7500bc6f386a877c6f318,npds,/home/divya/projects/IndianANPR/data/processed/npds_leakage_safe/images/train/V_P_I_883_jpg.rf.8196fcde0de7500bc6f386a877c6f318.jpg,/home/divya/projects/IndianANPR/data/processed/npds_leakage_safe/labels/train/V_P_I_883_jpg.rf.8196fcde0de7500bc6f386a877c6f318.txt,0,2
npds_01301_V_P_I_2439_jpg.rf.5f06ff96036719fdc55a329c74b6514c,npds,/home/divya/projects/IndianANPR/data/processed/npds_leakage_safe/images/train/V_P_I_2439_jpg.rf.5f06ff96036719fdc55a329c74b6514c.jpg,/home/divya/projects/IndianANPR/data/processed/npds_leakage_safe/labels/train/V_P_I_2439_jpg.rf.5f06ff96036719fdc55a329c74b6514c.txt,0,1
npds_01302_V_P_I_3438_jpeg_jpg.rf.5a7579f1c8b9b95f9a4aba8a5887ed9f,npds,/home/divya/projects/IndianANPR/data/processed/npds_leakage_safe/images/train/V_P_I_3438_jpeg_jpg.rf.5a7579f1c8b9b95f9a4aba8a5887ed9f.jpg,/home/divya/projects/IndianANPR/data/processed/npds_leakage_safe/labels/train/V_P_I_3438_jpeg_jpg.rf.5a7579f1c8b9b95f9a4aba8a5887ed9f.txt,0,1
npds_01303_V_P_I_77_jpg.rf.19534f8c810330ea4a202854a9d9207c,npds,/home/divya/projects/IndianANPR/data/processed/npds_leakage_safe/images/train/V_P_I_77_jpg.rf.19534f8c810330ea4a202854a9d9207c.jpg,/home/divya/projects/IndianANPR/data/processed/npds_leakage_safe/labels/train/V_P_I_77_jpg.rf.19534f8c810330ea4a202854a9d9207c.txt,0,1
npds_01304_V_P_I_989_jpg.rf.7f65594a30d68ccc6a2674e1695824e3,npds,/home/divya/projects/IndianANPR/data/processed/npds_leakage_safe/images/train/V_P_I_989_jpg.rf.7f65594a30d68ccc6a2674e1695824e3.jpg,/home/divya/projects/IndianANPR/data/processed/npds_leakage_safe/labels/train/V_P_I_989_jpg.rf.7f65594a30d68ccc6a2674e1695824e3.txt,0,1
npds_01305_V_P_I_181_jpg.rf.6737ae7b21d27357fad37da3f2d518b6,npds,/home/divya/projects/IndianANPR/data/processed/npds_leakage_safe/images/train/V_P_I_181_jpg.rf.6737ae7b21d27357fad37da3f2d518b6.jpg,/home/divya/projects/IndianANPR/data/processed/npds_leakage_safe/labels/train/V_P_I_181_jpg.rf.6737ae7b21d27357fad37da3f2d518b6.txt,0,1
npds_01306_V_P_I_1082_jpg.rf.50cd26fac882dd7a7cbe2b1ecf714614,npds,/home/divya/projects/IndianANPR/data/processed/npds_leakage_safe/images/train/V_P_I_1082_jpg.rf.50cd26fac882dd7a7cbe2b1ecf714614.jpg,/home/divya/projects/IndianANPR/data/processed/npds_leakage_safe/labels/train/V_P_I_1082_jpg.rf.50cd26fac882dd7a7cbe2b1ecf714614.txt,0,1
npds_01307_V_P_I_130_jpg.rf.78a1fc54d75cdf4e4c39fbadfaca801d,npds,/home/divya/projects/IndianANPR/data/processed/npds_leakage_safe/images/train/V_P_I_130_jpg.rf.78a1fc54d75cdf4e4c39fbadfaca801d.jpg,/home/divya/projects/IndianANPR/data/processed/npds_leakage_safe/labels/train/V_P_I_130_jpg.rf.78a1fc54d75cdf4e4c39fbadfaca801d.txt,0,1
npds_01308_V_P_I_935_jpg.rf.34d39f62753ba18c4450c3424f9f7c9f,npds,/home/divya/projects/IndianANPR/data/processed/npds_leakage_safe/images/train/V_P_I_935_jpg.rf.34d39f62753ba18c4450c3424f9f7c9f.jpg,/home/divya/projects/IndianANPR/data/processed/npds_leakage_safe/labels/train/V_P_I_935_jpg.rf.34d39f62753ba18c4450c3424f9f7c9f.txt,0,1
npds_01309_V_P_I_3212_jpg.rf.1e86bf110045ce06644f44796ef4e514,npds,/home/divya/projects/IndianANPR/data/processed/npds_leakage_safe/images/train/V_P_I_3212_jpg.rf.1e86bf110045ce06644f44796ef4e514.jpg,/home/divya/projects/IndianANPR/data/processed/npds_leakage_safe/labels/train/V_P_I_3212_jpg.rf.1e86bf110045ce06644f44796ef4e514.txt,0,1
npds_01310_V_P_I_620_jpg.rf.882033be6ac1a0cde277195900d53bd5,npds,/home/divya/projects/IndianANPR/data/processed/npds_leakage_safe/images/train/V_P_I_620_jpg.rf.882033be6ac1a0cde277195900d53bd5.jpg,/home/divya/projects/IndianANPR/data/processed/npds_leakage_safe/labels/train/V_P_I_620_jpg.rf.882033be6ac1a0cde277195900d53bd5.txt,0,1
npds_01311_V_P_I_713_jpg.rf.2589d239682399501907e059901d99dc,npds,/home/divya/projects/IndianANPR/data/processed/npds_leakage_safe/images/train/V_P_I_713_jpg.rf.2589d239682399501907e059901d99dc.jpg,/home/divya/projects/IndianANPR/data/processed/npds_leakage_safe/labels/train/V_P_I_713_jpg.rf.2589d239682399501907e059901d99dc.txt,0,1
npds_01312_V_P_I_28_jpg.rf.06df4570975d9346c445066b146a8ba0,npds,/home/divya/projects/IndianANPR/data/processed/npds_leakage_safe/images/train/V_P_I_28_jpg.rf.06df4570975d9346c445066b146a8ba0.jpg,/home/divya/projects/IndianANPR/data/processed/npds_leakage_safe/labels/train/V_P_I_28_jpg.rf.06df4570975d9346c445066b146a8ba0.txt,0,1
npds_01313_V_P_I_2935_jpg.rf.ca488d37136395af7af493f0ef4271f2,npds,/home/divya/projects/IndianANPR/data/processed/npds_leakage_safe/images/train/V_P_I_2935_jpg.rf.ca488d37136395af7af493f0ef4271f2.jpg,/home/divya/projects/IndianANPR/data/processed/npds_leakage_safe/labels/train/V_P_I_2935_jpg.rf.ca488d37136395af7af493f0ef4271f2.txt,0,1
npds_01314_V_P_I_1069_jpg.rf.895fc86997ad5d8af78188a84430ffe1,npds,/home/divya/projects/IndianANPR/data/processed/npds_leakage_safe/images/train/V_P_I_1069_jpg.rf.895fc86997ad5d8af78188a84430ffe1.jpg,/home/divya/projects/IndianANPR/data/processed/npds_leakage_safe/labels/train/V_P_I_1069_jpg.rf.895fc86997ad5d8af78188a84430ffe1.txt,0,1
npds_01315_V_P_I_372_jpg.rf.e37b6c281a387539eb9de3b8c8dffaff,npds,/home/divya/projects/IndianANPR/data/processed/npds_leakage_safe/images/train/V_P_I_372_jpg.rf.e37b6c281a387539eb9de3b8c8dffaff.jpg,/home/divya/projects/IndianANPR/data/processed/npds_leakage_safe/labels/train/V_P_I_372_jpg.rf.e37b6c281a387539eb9de3b8c8dffaff.txt,0,1
npds_01316_V_P_I_3202_jpg.rf.a5d7ad9d4f3b944dd4689b56f674c5e0,npds,/home/divya/projects/IndianANPR/data/processed/npds_leakage_safe/images/train/V_P_I_3202_jpg.rf.a5d7ad9d4f3b944dd4689b56f674c5e0.jpg,/home/divya/projects/IndianANPR/data/processed/npds_leakage_safe/labels/train/V_P_I_3202_jpg.rf.a5d7ad9d4f3b944dd4689b56f674c5e0.txt,0,1
npds_01317_V_P_I_576_jpg.rf.e73ae62d11b8d31092eb7df99c5bc22a,npds,/home/divya/projects/IndianANPR/data/processed/npds_leakage_safe/images/train/V_P_I_576_jpg.rf.e73ae62d11b8d31092eb7df99c5bc22a.jpg,/home/divya/projects/IndianANPR/data/processed/npds_leakage_safe/labels/train/V_P_I_576_jpg.rf.e73ae62d11b8d31092eb7df99c5bc22a.txt,0,1
npds_01318_V_P_I_1888_jpg.rf.c858f697b927398556bd89111ae2c92c,npds,/home/divya/projects/IndianANPR/data/processed/npds_leakage_safe/images/train/V_P_I_1888_jpg.rf.c858f697b927398556bd89111ae2c92c.jpg,/home/divya/projects/IndianANPR/data/processed/npds_leakage_safe/labels/train/V_P_I_1888_jpg.rf.c858f697b927398556bd89111ae2c92c.txt,0,1
npds_01319_V_P_I_2903_jpg.rf.a533d03486626b7348e930f1a175d7ec,npds,/home/divya/projects/IndianANPR/data/processed/npds_leakage_safe/images/train/V_P_I_2903_jpg.rf.a533d03486626b7348e930f1a175d7ec.jpg,/home/divya/projects/IndianANPR/data/processed/npds_leakage_safe/labels/train/V_P_I_2903_jpg.rf.a533d03486626b7348e930f1a175d7ec.txt,0,1
npds_01320_V_P_I_799_jpg.rf.8ab3b4fd53b8d8534b87d52f298fdb1c,npds,/home/divya/projects/IndianANPR/data/processed/npds_leakage_safe/images/train/V_P_I_799_jpg.rf.8ab3b4fd53b8d8534b87d52f298fdb1c.jpg,/home/divya/projects/IndianANPR/data/processed/npds_leakage_safe/labels/train/V_P_I_799_jpg.rf.8ab3b4fd53b8d8534b87d52f298fdb1c.txt,0,1
npds_01321_V_P_I_369_jpg.rf.754b669747205e7914adfec94560237a,npds,/home/divya/projects/IndianANPR/data/processed/npds_leakage_safe/images/train/V_P_I_369_jpg.rf.754b669747205e7914adfec94560237a.jpg,/home/divya/projects/IndianANPR/data/processed/npds_leakage_safe/labels/train/V_P_I_369_jpg.rf.754b669747205e7914adfec94560237a.txt,0,1
npds_01322_V_P_I_3527_jpg.rf.20eaf409738f782ef41a1f2406811298,npds,/home/divya/projects/IndianANPR/data/processed/npds_leakage_safe/images/train/V_P_I_3527_jpg.rf.20eaf409738f782ef41a1f2406811298.jpg,/home/divya/projects/IndianANPR/data/processed/npds_leakage_safe/labels/train/V_P_I_3527_jpg.rf.20eaf409738f782ef41a1f2406811298.txt,0,1
npds_01323_V_P_I_1576_jpg.rf.4132bdf69bc0d6318b87048347e293dc,npds,/home/divya/projects/IndianANPR/data/processed/npds_leakage_safe/images/train/V_P_I_1576_jpg.rf.4132bdf69bc0d6318b87048347e293dc.jpg,/home/divya/projects/IndianANPR/data/processed/npds_leakage_safe/labels/train/V_P_I_1576_jpg.rf.4132bdf69bc0d6318b87048347e293dc.txt,0,1
npds_01324_V_P_I_2564_jpg.rf.fbaca3ebc128c19eab199f495e6ce117,npds,/home/divya/projects/IndianANPR/data/processed/npds_leakage_safe/images/train/V_P_I_2564_jpg.rf.fbaca3ebc128c19eab199f495e6ce117.jpg,/home/divya/projects/IndianANPR/data/processed/npds_leakage_safe/labels/train/V_P_I_2564_jpg.rf.fbaca3ebc128c19eab199f495e6ce117.txt,0,1
npds_01325_V_P_I_2726_jpg.rf.7b073bdb552d1968612f9c7d1d7e2bc9,npds,/home/divya/projects/IndianANPR/data/processed/npds_leakage_safe/images/train/V_P_I_2726_jpg.rf.7b073bdb552d1968612f9c7d1d7e2bc9.jpg,/home/divya/projects/IndianANPR/data/processed/npds_leakage_safe/labels/train/V_P_I_2726_jpg.rf.7b073bdb552d1968612f9c7d1d7e2bc9.txt,0,1
npds_01326_V_P_I_3142_jpg.rf.3e461083a188e23fd3cde286cd5509a6,npds,/home/divya/projects/IndianANPR/data/processed/npds_leakage_safe/images/train/V_P_I_3142_jpg.rf.3e461083a188e23fd3cde286cd5509a6.jpg,/home/divya/projects/IndianANPR/data/processed/npds_leakage_safe/labels/train/V_P_I_3142_jpg.rf.3e461083a188e23fd3cde286cd5509a6.txt,0,1
npds_01327_V_P_I_2474_jpg.rf.84eea1079b65087c441893f861a58a64,npds,/home/divya/projects/IndianANPR/data/processed/npds_leakage_safe/images/train/V_P_I_2474_jpg.rf.84eea1079b65087c441893f861a58a64.jpg,/home/divya/projects/IndianANPR/data/processed/npds_leakage_safe/labels/train/V_P_I_2474_jpg.rf.84eea1079b65087c441893f861a58a64.txt,0,1
npds_01328_V_P_I_993_jpg.rf.85e814601cd37ec584b0ecfba3b2ff21,npds,/home/divya/projects/IndianANPR/data/processed/npds_leakage_safe/images/train/V_P_I_993_jpg.rf.85e814601cd37ec584b0ecfba3b2ff21.jpg,/home/divya/projects/IndianANPR/data/processed/npds_leakage_safe/labels/train/V_P_I_993_jpg.rf.85e814601cd37ec584b0ecfba3b2ff21.txt,0,1
npds_01329_V_P_I_1602_jpg.rf.c5f4bd1474c8fa229941abacedba2cf4,npds,/home/divya/projects/IndianANPR/data/processed/npds_leakage_safe/images/train/V_P_I_1602_jpg.rf.c5f4bd1474c8fa229941abacedba2cf4.jpg,/home/divya/projects/IndianANPR/data/processed/npds_leakage_safe/labels/train/V_P_I_1602_jpg.rf.c5f4bd1474c8fa229941abacedba2cf4.txt,0,1
npds_01330_V_P_I_292_jpg.rf.1ee8b44d21e2ecbdc4f2e800b11cb8f3,npds,/home/divya/projects/IndianANPR/data/processed/npds_leakage_safe/images/train/V_P_I_292_jpg.rf.1ee8b44d21e2ecbdc4f2e800b11cb8f3.jpg,/home/divya/projects/IndianANPR/data/processed/npds_leakage_safe/labels/train/V_P_I_292_jpg.rf.1ee8b44d21e2ecbdc4f2e800b11cb8f3.txt,0,1
npds_01331_V_P_I_2448_jpg.rf.1b2f31594ba4a1d788bfaa0724c6820c,npds,/home/divya/projects/IndianANPR/data/processed/npds_leakage_safe/images/train/V_P_I_2448_jpg.rf.1b2f31594ba4a1d788bfaa0724c6820c.jpg,/home/divya/projects/IndianANPR/data/processed/npds_leakage_safe/labels/train/V_P_I_2448_jpg.rf.1b2f31594ba4a1d788bfaa0724c6820c.txt,0,2
npds_01332_V_P_I_3084_jpg.rf.2e0eb6e705e23980764f4e53e4bf277d,npds,/home/divya/projects/IndianANPR/data/processed/npds_leakage_safe/images/train/V_P_I_3084_jpg.rf.2e0eb6e705e23980764f4e53e4bf277d.jpg,/home/divya/projects/IndianANPR/data/processed/npds_leakage_safe/labels/train/V_P_I_3084_jpg.rf.2e0eb6e705e23980764f4e53e4bf277d.txt,0,1
npds_01333_V_P_I_554_jpg.rf.ba8c9121dfd3d866db79c03a3f5b0d81,npds,/home/divya/projects/IndianANPR/data/processed/npds_leakage_safe/images/train/V_P_I_554_jpg.rf.ba8c9121dfd3d866db79c03a3f5b0d81.jpg,/home/divya/projects/IndianANPR/data/processed/npds_leakage_safe/labels/train/V_P_I_554_jpg.rf.ba8c9121dfd3d866db79c03a3f5b0d81.txt,0,1
npds_01334_V_P_I_73_jpg.rf.56de3e1a7263a19c6d35ee1c041fe5b9,npds,/home/divya/projects/IndianANPR/data/processed/npds_leakage_safe/images/train/V_P_I_73_jpg.rf.56de3e1a7263a19c6d35ee1c041fe5b9.jpg,/home/divya/projects/IndianANPR/data/processed/npds_leakage_safe/labels/train/V_P_I_73_jpg.rf.56de3e1a7263a19c6d35ee1c041fe5b9.txt,0,1
npds_01335_V_P_I_130_jpg.rf.3c4310fba620b952fea2d753539da3da,npds,/home/divya/projects/IndianANPR/data/processed/npds_leakage_safe/images/train/V_P_I_130_jpg.rf.3c4310fba620b952fea2d753539da3da.jpg,/home/divya/projects/IndianANPR/data/processed/npds_leakage_safe/labels/train/V_P_I_130_jpg.rf.3c4310fba620b952fea2d753539da3da.txt,0,1
npds_01336_V_P_I_2564_jpg.rf.5243712e5ad4dc0e7682f51269a1bd69,npds,/home/divya/projects/IndianANPR/data/processed/npds_leakage_safe/images/train/V_P_I_2564_jpg.rf.5243712e5ad4dc0e7682f51269a1bd69.jpg,/home/divya/projects/IndianANPR/data/processed/npds_leakage_safe/labels/train/V_P_I_2564_jpg.rf.5243712e5ad4dc0e7682f51269a1bd69.txt,0,1
npds_01337_V_P_I_216_jpg.rf.eb0685aab039635fb2831cc119a9bcfa,npds,/home/divya/projects/IndianANPR/data/processed/npds_leakage_safe/images/train/V_P_I_216_jpg.rf.eb0685aab039635fb2831cc119a9bcfa.jpg,/home/divya/projects/IndianANPR/data/processed/npds_leakage_safe/labels/train/V_P_I_216_jpg.rf.eb0685aab039635fb2831cc119a9bcfa.txt,0,1
npds_01338_V_P_I_2368_jpg.rf.f0e597a545dcf726596df93c58633882,npds,/home/divya/projects/IndianANPR/data/processed/npds_leakage_safe/images/train/V_P_I_2368_jpg.rf.f0e597a545dcf726596df93c58633882.jpg,/home/divya/projects/IndianANPR/data/processed/npds_leakage_safe/labels/train/V_P_I_2368_jpg.rf.f0e597a545dcf726596df93c58633882.txt,0,1
npds_01339_V_P_I_2128_jpg.rf.5da7befed1866fc8c8aa0bee7a8985ad,npds,/home/divya/projects/IndianANPR/data/processed/npds_leakage_safe/images/train/V_P_I_2128_jpg.rf.5da7befed1866fc8c8aa0bee7a8985ad.jpg,/home/divya/projects/IndianANPR/data/processed/npds_leakage_safe/labels/train/V_P_I_2128_jpg.rf.5da7befed1866fc8c8aa0bee7a8985ad.txt,0,1
npds_01340_V_P_I_2091_jpg.rf.49e409a56ccc3794c2303f27724fc520,npds,/home/divya/projects/IndianANPR/data/processed/npds_leakage_safe/images/train/V_P_I_2091_jpg.rf.49e409a56ccc3794c2303f27724fc520.jpg,/home/divya/projects/IndianANPR/data/processed/npds_leakage_safe/labels/train/V_P_I_2091_jpg.rf.49e409a56ccc3794c2303f27724fc520.txt,0,1
npds_01341_V_P_I_3197_jpg.rf.37503b1a579ca5c0d11333a4972e0d1b,npds,/home/divya/projects/IndianANPR/data/processed/npds_leakage_safe/images/train/V_P_I_3197_jpg.rf.37503b1a579ca5c0d11333a4972e0d1b.jpg,/home/divya/projects/IndianANPR/data/processed/npds_leakage_safe/labels/train/V_P_I_3197_jpg.rf.37503b1a579ca5c0d11333a4972e0d1b.txt,0,1
npds_01342_V_P_I_1350_jpg.rf.aac480c7afd750ae6a53964c650f9946,npds,/home/divya/projects/IndianANPR/data/processed/npds_leakage_safe/images/train/V_P_I_1350_jpg.rf.aac480c7afd750ae6a53964c650f9946.jpg,/home/divya/projects/IndianANPR/data/processed/npds_leakage_safe/labels/train/V_P_I_1350_jpg.rf.aac480c7afd750ae6a53964c650f9946.txt,0,1
npds_01343_V_P_I_705_jpg.rf.557f85e32cb7cdace37c997d4a214989,npds,/home/divya/projects/IndianANPR/data/processed/npds_leakage_safe/images/train/V_P_I_705_jpg.rf.557f85e32cb7cdace37c997d4a214989.jpg,/home/divya/projects/IndianANPR/data/processed/npds_leakage_safe/labels/train/V_P_I_705_jpg.rf.557f85e32cb7cdace37c997d4a214989.txt,0,1
npds_01344_V_P_I_1531_jpg.rf.e39cab2491bfba2d5ce753db6f7ff6aa,npds,/home/divya/projects/IndianANPR/data/processed/npds_leakage_safe/images/train/V_P_I_1531_jpg.rf.e39cab2491bfba2d5ce753db6f7ff6aa.jpg,/home/divya/projects/IndianANPR/data/processed/npds_leakage_safe/labels/train/V_P_I_1531_jpg.rf.e39cab2491bfba2d5ce753db6f7ff6aa.txt,0,3
npds_01345_V_P_I_2116_jpg.rf.93e4b524c7d0f8bc94ec9c430832e98f,npds,/home/divya/projects/IndianANPR/data/processed/npds_leakage_safe/images/train/V_P_I_2116_jpg.rf.93e4b524c7d0f8bc94ec9c430832e98f.jpg,/home/divya/projects/IndianANPR/data/processed/npds_leakage_safe/labels/train/V_P_I_2116_jpg.rf.93e4b524c7d0f8bc94ec9c430832e98f.txt,0,1
npds_01346_V_P_I_2377_jpg.rf.802461755fadc587aa9b450b59c79e31,npds,/home/divya/projects/IndianANPR/data/processed/npds_leakage_safe/images/train/V_P_I_2377_jpg.rf.802461755fadc587aa9b450b59c79e31.jpg,/home/divya/projects/IndianANPR/data/processed/npds_leakage_safe/labels/train/V_P_I_2377_jpg.rf.802461755fadc587aa9b450b59c79e31.txt,0,1
npds_01347_V_P_I_3292_jpg.rf.9aeb3347e99abe4af515843546a7bc3c,npds,/home/divya/projects/IndianANPR/data/processed/npds_leakage_safe/images/train/V_P_I_3292_jpg.rf.9aeb3347e99abe4af515843546a7bc3c.jpg,/home/divya/projects/IndianANPR/data/processed/npds_leakage_safe/labels/train/V_P_I_3292_jpg.rf.9aeb3347e99abe4af515843546a7bc3c.txt,0,1
npds_01348_V_P_I_2649_jpg.rf.8ad94b927e2b4f4a645aa92c872363b9,npds,/home/divya/projects/IndianANPR/data/processed/npds_leakage_safe/images/train/V_P_I_2649_jpg.rf.8ad94b927e2b4f4a645aa92c872363b9.jpg,/home/divya/projects/IndianANPR/data/processed/npds_leakage_safe/labels/train/V_P_I_2649_jpg.rf.8ad94b927e2b4f4a645aa92c872363b9.txt,0,1
npds_01349_V_P_I_1969_jpg.rf.b0e1da7b957ccbf36a1cdf5d49379d5e,npds,/home/divya/projects/IndianANPR/data/processed/npds_leakage_safe/images/train/V_P_I_1969_jpg.rf.b0e1da7b957ccbf36a1cdf5d49379d5e.jpg,/home/divya/projects/IndianANPR/data/processed/npds_leakage_safe/labels/train/V_P_I_1969_jpg.rf.b0e1da7b957ccbf36a1cdf5d49379d5e.txt,0,1
npds_01350_V_P_I_3177_jpg.rf.9b99f12387994dee1e2817b48331bfef,npds,/home/divya/projects/IndianANPR/data/processed/npds_leakage_safe/images/train/V_P_I_3177_jpg.rf.9b99f12387994dee1e2817b48331bfef.jpg,/home/divya/projects/IndianANPR/data/processed/npds_leakage_safe/labels/train/V_P_I_3177_jpg.rf.9b99f12387994dee1e2817b48331bfef.txt,0,1
npds_01351_V_P_I_2343_jpg.rf.b515fa806be3d0d4febf6dbf9059324d,npds,/home/divya/projects/IndianANPR/data/processed/npds_leakage_safe/images/train/V_P_I_2343_jpg.rf.b515fa806be3d0d4febf6dbf9059324d.jpg,/home/divya/projects/IndianANPR/data/processed/npds_leakage_safe/labels/train/V_P_I_2343_jpg.rf.b515fa806be3d0d4febf6dbf9059324d.txt,0,1
npds_01352_V_P_I_553_jpg.rf.64ca887dedb07aeaf80592042fe3eaca,npds,/home/divya/projects/IndianANPR/data/processed/npds_leakage_safe/images/train/V_P_I_553_jpg.rf.64ca887dedb07aeaf80592042fe3eaca.jpg,/home/divya/projects/IndianANPR/data/processed/npds_leakage_safe/labels/train/V_P_I_553_jpg.rf.64ca887dedb07aeaf80592042fe3eaca.txt,0,1
npds_01353_V_P_I_355_jpg.rf.df61fdcab04a4d1815283101c6f092f3,npds,/home/divya/projects/IndianANPR/data/processed/npds_leakage_safe/images/train/V_P_I_355_jpg.rf.df61fdcab04a4d1815283101c6f092f3.jpg,/home/divya/projects/IndianANPR/data/processed/npds_leakage_safe/labels/train/V_P_I_355_jpg.rf.df61fdcab04a4d1815283101c6f092f3.txt,0,1
npds_01354_V_P_I_2826_jpg.rf.63f30427127005f346721e75289c97fd,npds,/home/divya/projects/IndianANPR/data/processed/npds_leakage_safe/images/train/V_P_I_2826_jpg.rf.63f30427127005f346721e75289c97fd.jpg,/home/divya/projects/IndianANPR/data/processed/npds_leakage_safe/labels/train/V_P_I_2826_jpg.rf.63f30427127005f346721e75289c97fd.txt,0,1
npds_01355_V_P_I_1121_jpg.rf.8984102b0ab8b0cd13ab215ce2edc708,npds,/home/divya/projects/IndianANPR/data/processed/npds_leakage_safe/images/train/V_P_I_1121_jpg.rf.8984102b0ab8b0cd13ab215ce2edc708.jpg,/home/divya/projects/IndianANPR/data/processed/npds_leakage_safe/labels/train/V_P_I_1121_jpg.rf.8984102b0ab8b0cd13ab215ce2edc708.txt,0,1
npds_01356_V_P_I_2514_jpg.rf.85b8a154e5b2ff5745426bee42fe116b,npds,/home/divya/projects/IndianANPR/data/processed/npds_leakage_safe/images/train/V_P_I_2514_jpg.rf.85b8a154e5b2ff5745426bee42fe116b.jpg,/home/divya/projects/IndianANPR/data/processed/npds_leakage_safe/labels/train/V_P_I_2514_jpg.rf.85b8a154e5b2ff5745426bee42fe116b.txt,0,1
npds_01357_V_P_I_1299_jpg.rf.d15128ee3c0447a2b1869f712638d1c6,npds,/home/divya/projects/IndianANPR/data/processed/npds_leakage_safe/images/train/V_P_I_1299_jpg.rf.d15128ee3c0447a2b1869f712638d1c6.jpg,/home/divya/projects/IndianANPR/data/processed/npds_leakage_safe/labels/train/V_P_I_1299_jpg.rf.d15128ee3c0447a2b1869f712638d1c6.txt,0,1
npds_01358_V_P_I_2073_jpg.rf.d2e911325bba94450c5f4aff94e2e0d8,npds,/home/divya/projects/IndianANPR/data/processed/npds_leakage_safe/images/train/V_P_I_2073_jpg.rf.d2e911325bba94450c5f4aff94e2e0d8.jpg,/home/divya/projects/IndianANPR/data/processed/npds_leakage_safe/labels/train/V_P_I_2073_jpg.rf.d2e911325bba94450c5f4aff94e2e0d8.txt,0,1
npds_01359_V_P_I_1830_jpg.rf.0204f7682b316dc4ca0244ca18f42581,npds,/home/divya/projects/IndianANPR/data/processed/npds_leakage_safe/images/train/V_P_I_1830_jpg.rf.0204f7682b316dc4ca0244ca18f42581.jpg,/home/divya/projects/IndianANPR/data/processed/npds_leakage_safe/labels/train/V_P_I_1830_jpg.rf.0204f7682b316dc4ca0244ca18f42581.txt,0,1
npds_01360_V_P_I_20_jpg.rf.f4ac3d911a1d2873449c1394deb20b25,npds,/home/divya/projects/IndianANPR/data/processed/npds_leakage_safe/images/train/V_P_I_20_jpg.rf.f4ac3d911a1d2873449c1394deb20b25.jpg,/home/divya/projects/IndianANPR/data/processed/npds_leakage_safe/labels/train/V_P_I_20_jpg.rf.f4ac3d911a1d2873449c1394deb20b25.txt,0,1
npds_01361_V_P_I_1396_jpg.rf.e756e4c1263cef11f7c4a79cbef20299,npds,/home/divya/projects/IndianANPR/data/processed/npds_leakage_safe/images/train/V_P_I_1396_jpg.rf.e756e4c1263cef11f7c4a79cbef20299.jpg,/home/divya/projects/IndianANPR/data/processed/npds_leakage_safe/labels/train/V_P_I_1396_jpg.rf.e756e4c1263cef11f7c4a79cbef20299.txt,0,1
npds_01362_V_P_I_39_jpg.rf.2aa9ea2505523e2f5f867dcb85144bf0,npds,/home/divya/projects/IndianANPR/data/processed/npds_leakage_safe/images/train/V_P_I_39_jpg.rf.2aa9ea2505523e2f5f867dcb85144bf0.jpg,/home/divya/projects/IndianANPR/data/processed/npds_leakage_safe/labels/train/V_P_I_39_jpg.rf.2aa9ea2505523e2f5f867dcb85144bf0.txt,0,1
npds_01363_V_P_I_2355_jpg.rf.2281247ae87a6177f32cd81f12e0a858,npds,/home/divya/projects/IndianANPR/data/processed/npds_leakage_safe/images/train/V_P_I_2355_jpg.rf.2281247ae87a6177f32cd81f12e0a858.jpg,/home/divya/projects/IndianANPR/data/processed/npds_leakage_safe/labels/train/V_P_I_2355_jpg.rf.2281247ae87a6177f32cd81f12e0a858.txt,0,1
npds_01364_V_P_I_2717_jpg.rf.6493bda2de143d2995c1c376ef21b379,npds,/home/divya/projects/IndianANPR/data/processed/npds_leakage_safe/images/train/V_P_I_2717_jpg.rf.6493bda2de143d2995c1c376ef21b379.jpg,/home/divya/projects/IndianANPR/data/processed/npds_leakage_safe/labels/train/V_P_I_2717_jpg.rf.6493bda2de143d2995c1c376ef21b379.txt,0,1
npds_01365_V_P_I_588_jpg.rf.4b3faf87e4324b4a2a53382da45723b9,npds,/home/divya/projects/IndianANPR/data/processed/npds_leakage_safe/images/train/V_P_I_588_jpg.rf.4b3faf87e4324b4a2a53382da45723b9.jpg,/home/divya/projects/IndianANPR/data/processed/npds_leakage_safe/labels/train/V_P_I_588_jpg.rf.4b3faf87e4324b4a2a53382da45723b9.txt,0,1
npds_01366_V_P_I_1002_jpg.rf.48b7592aa17d983721776bda416a9535,npds,/home/divya/projects/IndianANPR/data/processed/npds_leakage_safe/images/train/V_P_I_1002_jpg.rf.48b7592aa17d983721776bda416a9535.jpg,/home/divya/projects/IndianANPR/data/processed/npds_leakage_safe/labels/train/V_P_I_1002_jpg.rf.48b7592aa17d983721776bda416a9535.txt,0,3
npds_01367_V_P_I_3161_jpg.rf.6f59e4334afa43a0eeeabebc397db9ca,npds,/home/divya/projects/IndianANPR/data/processed/npds_leakage_safe/images/train/V_P_I_3161_jpg.rf.6f59e4334afa43a0eeeabebc397db9ca.jpg,/home/divya/projects/IndianANPR/data/processed/npds_leakage_safe/labels/train/V_P_I_3161_jpg.rf.6f59e4334afa43a0eeeabebc397db9ca.txt,0,1
npds_01368_V_P_I_2803_jpg.rf.c67a85cffd02f7a24bd416640d9193f6,npds,/home/divya/projects/IndianANPR/data/processed/npds_leakage_safe/images/train/V_P_I_2803_jpg.rf.c67a85cffd02f7a24bd416640d9193f6.jpg,/home/divya/projects/IndianANPR/data/processed/npds_leakage_safe/labels/train/V_P_I_2803_jpg.rf.c67a85cffd02f7a24bd416640d9193f6.txt,0,1
npds_01369_V_P_I_2535_jpg.rf.529b0bb79e4b50fa229848795dc7dfe2,npds,/home/divya/projects/IndianANPR/data/processed/npds_leakage_safe/images/train/V_P_I_2535_jpg.rf.529b0bb79e4b50fa229848795dc7dfe2.jpg,/home/divya/projects/IndianANPR/data/processed/npds_leakage_safe/labels/train/V_P_I_2535_jpg.rf.529b0bb79e4b50fa229848795dc7dfe2.txt,0,1
npds_01370_V_P_I_2381_jpg.rf.95a3c535a91506ebcebdb9f16324c79e,npds,/home/divya/projects/IndianANPR/data/processed/npds_leakage_safe/images/train/V_P_I_2381_jpg.rf.95a3c535a91506ebcebdb9f16324c79e.jpg,/home/divya/projects/IndianANPR/data/processed/npds_leakage_safe/labels/train/V_P_I_2381_jpg.rf.95a3c535a91506ebcebdb9f16324c79e.txt,0,1
npds_01371_V_P_I_1181_jpg.rf.a3b3aa488dcbe7e8954ee3c541a64471,npds,/home/divya/projects/IndianANPR/data/processed/npds_leakage_safe/images/train/V_P_I_1181_jpg.rf.a3b3aa488dcbe7e8954ee3c541a64471.jpg,/home/divya/projects/IndianANPR/data/processed/npds_leakage_safe/labels/train/V_P_I_1181_jpg.rf.a3b3aa488dcbe7e8954ee3c541a64471.txt,0,1
npds_01372_V_P_I_1625_jpg.rf.3b4238292e357243eb73ab53d4e9b0e3,npds,/home/divya/projects/IndianANPR/data/processed/npds_leakage_safe/images/train/V_P_I_1625_jpg.rf.3b4238292e357243eb73ab53d4e9b0e3.jpg,/home/divya/projects/IndianANPR/data/processed/npds_leakage_safe/labels/train/V_P_I_1625_jpg.rf.3b4238292e357243eb73ab53d4e9b0e3.txt,0,1
npds_01373_V_P_I_2725_jpg.rf.94064dce0bf42d9be8906df2d3a3f298,npds,/home/divya/projects/IndianANPR/data/processed/npds_leakage_safe/images/train/V_P_I_2725_jpg.rf.94064dce0bf42d9be8906df2d3a3f298.jpg,/home/divya/projects/IndianANPR/data/processed/npds_leakage_safe/labels/train/V_P_I_2725_jpg.rf.94064dce0bf42d9be8906df2d3a3f298.txt,0,1
npds_01374_V_P_I_2217_jpg.rf.7e6b5ca34a6e19d39df5a35573fcbceb,npds,/home/divya/projects/IndianANPR/data/processed/npds_leakage_safe/images/train/V_P_I_2217_jpg.rf.7e6b5ca34a6e19d39df5a35573fcbceb.jpg,/home/divya/projects/IndianANPR/data/processed/npds_leakage_safe/labels/train/V_P_I_2217_jpg.rf.7e6b5ca34a6e19d39df5a35573fcbceb.txt,0,1
npds_01375_V_P_I_3044_jpg.rf.f47c4b2d918d6531c692b36dfb3cc137,npds,/home/divya/projects/IndianANPR/data/processed/npds_leakage_safe/images/train/V_P_I_3044_jpg.rf.f47c4b2d918d6531c692b36dfb3cc137.jpg,/home/divya/projects/IndianANPR/data/processed/npds_leakage_safe/labels/train/V_P_I_3044_jpg.rf.f47c4b2d918d6531c692b36dfb3cc137.txt,0,1
npds_01376_V_P_I_3527_jpg.rf.9f2867654d0150d52a7da17aae8a13bc,npds,/home/divya/projects/IndianANPR/data/processed/npds_leakage_safe/images/train/V_P_I_3527_jpg.rf.9f2867654d0150d52a7da17aae8a13bc.jpg,/home/divya/projects/IndianANPR/data/processed/npds_leakage_safe/labels/train/V_P_I_3527_jpg.rf.9f2867654d0150d52a7da17aae8a13bc.txt,0,1
npds_01377_V_P_I_2663_jpg.rf.bac6a8cadee9cb2944ec95c1be6c94ca,npds,/home/divya/projects/IndianANPR/data/processed/npds_leakage_safe/images/train/V_P_I_2663_jpg.rf.bac6a8cadee9cb2944ec95c1be6c94ca.jpg,/home/divya/projects/IndianANPR/data/processed/npds_leakage_safe/labels/train/V_P_I_2663_jpg.rf.bac6a8cadee9cb2944ec95c1be6c94ca.txt,0,1
npds_01378_V_P_I_3054_jpg.rf.d4ad0ec91d4643f96475a6fc1e1aa225,npds,/home/divya/projects/IndianANPR/data/processed/npds_leakage_safe/images/train/V_P_I_3054_jpg.rf.d4ad0ec91d4643f96475a6fc1e1aa225.jpg,/home/divya/projects/IndianANPR/data/processed/npds_leakage_safe/labels/train/V_P_I_3054_jpg.rf.d4ad0ec91d4643f96475a6fc1e1aa225.txt,0,1
npds_01379_V_P_I_2471_jpg.rf.ae739eab463a23b705ae699de26bde2f,npds,/home/divya/projects/IndianANPR/data/processed/npds_leakage_safe/images/train/V_P_I_2471_jpg.rf.ae739eab463a23b705ae699de26bde2f.jpg,/home/divya/projects/IndianANPR/data/processed/npds_leakage_safe/labels/train/V_P_I_2471_jpg.rf.ae739eab463a23b705ae699de26bde2f.txt,0,1
npds_01380_V_P_I_354_jpg.rf.cfaa11ea74623c5299c0f651fcbc6e1f,npds,/home/divya/projects/IndianANPR/data/processed/npds_leakage_safe/images/train/V_P_I_354_jpg.rf.cfaa11ea74623c5299c0f651fcbc6e1f.jpg,/home/divya/projects/IndianANPR/data/processed/npds_leakage_safe/labels/train/V_P_I_354_jpg.rf.cfaa11ea74623c5299c0f651fcbc6e1f.txt,0,1
npds_01381_V_P_I_1169_jpg.rf.97ca0fa2c65e05aad306adb78761efa7,npds,/home/divya/projects/IndianANPR/data/processed/npds_leakage_safe/images/train/V_P_I_1169_jpg.rf.97ca0fa2c65e05aad306adb78761efa7.jpg,/home/divya/projects/IndianANPR/data/processed/npds_leakage_safe/labels/train/V_P_I_1169_jpg.rf.97ca0fa2c65e05aad306adb78761efa7.txt,0,1
npds_01382_V_P_I_892_jpg.rf.a3e08003c8245e12872d937b54b3bde7,npds,/home/divya/projects/IndianANPR/data/processed/npds_leakage_safe/images/train/V_P_I_892_jpg.rf.a3e08003c8245e12872d937b54b3bde7.jpg,/home/divya/projects/IndianANPR/data/processed/npds_leakage_safe/labels/train/V_P_I_892_jpg.rf.a3e08003c8245e12872d937b54b3bde7.txt,0,1
npds_01383_V_P_I_1879_jpg.rf.db1ea3ef4e0109f4a9fcff1eb498ee10,npds,/home/divya/projects/IndianANPR/data/processed/npds_leakage_safe/images/train/V_P_I_1879_jpg.rf.db1ea3ef4e0109f4a9fcff1eb498ee10.jpg,/home/divya/projects/IndianANPR/data/processed/npds_leakage_safe/labels/train/V_P_I_1879_jpg.rf.db1ea3ef4e0109f4a9fcff1eb498ee10.txt,0,2
npds_01384_V_P_I_2820_jpg.rf.f4285eabed2ca7ebb7e9450158b20613,npds,/home/divya/projects/IndianANPR/data/processed/npds_leakage_safe/images/train/V_P_I_2820_jpg.rf.f4285eabed2ca7ebb7e9450158b20613.jpg,/home/divya/projects/IndianANPR/data/processed/npds_leakage_safe/labels/train/V_P_I_2820_jpg.rf.f4285eabed2ca7ebb7e9450158b20613.txt,0,1
npds_01385_V_P_I_1443_jpg.rf.0c226e6ea242dec17b0bcd2615a1ea0b,npds,/home/divya/projects/IndianANPR/data/processed/npds_leakage_safe/images/train/V_P_I_1443_jpg.rf.0c226e6ea242dec17b0bcd2615a1ea0b.jpg,/home/divya/projects/IndianANPR/data/processed/npds_leakage_safe/labels/train/V_P_I_1443_jpg.rf.0c226e6ea242dec17b0bcd2615a1ea0b.txt,0,2
npds_01386_V_P_I_1969_jpg.rf.58d23801d7aae02076ddcec67bf507e5,npds,/home/divya/projects/IndianANPR/data/processed/npds_leakage_safe/images/train/V_P_I_1969_jpg.rf.58d23801d7aae02076ddcec67bf507e5.jpg,/home/divya/projects/IndianANPR/data/processed/npds_leakage_safe/labels/train/V_P_I_1969_jpg.rf.58d23801d7aae02076ddcec67bf507e5.txt,0,1
npds_01387_V_P_I_245_jpg.rf.49864ea5936618363d19c16ce58d95b0,npds,/home/divya/projects/IndianANPR/data/processed/npds_leakage_safe/images/train/V_P_I_245_jpg.rf.49864ea5936618363d19c16ce58d95b0.jpg,/home/divya/projects/IndianANPR/data/processed/npds_leakage_safe/labels/train/V_P_I_245_jpg.rf.49864ea5936618363d19c16ce58d95b0.txt,0,1
npds_01388_V_P_I_3314_jpg.rf.f5585b3082c24c47eed8b349f94cb1b2,npds,/home/divya/projects/IndianANPR/data/processed/npds_leakage_safe/images/train/V_P_I_3314_jpg.rf.f5585b3082c24c47eed8b349f94cb1b2.jpg,/home/divya/projects/IndianANPR/data/processed/npds_leakage_safe/labels/train/V_P_I_3314_jpg.rf.f5585b3082c24c47eed8b349f94cb1b2.txt,0,1
npds_01389_V_P_I_2607_jpg.rf.8af0feabb8e9264df5c43473cfd634c8,npds,/home/divya/projects/IndianANPR/data/processed/npds_leakage_safe/images/train/V_P_I_2607_jpg.rf.8af0feabb8e9264df5c43473cfd634c8.jpg,/home/divya/projects/IndianANPR/data/processed/npds_leakage_safe/labels/train/V_P_I_2607_jpg.rf.8af0feabb8e9264df5c43473cfd634c8.txt,0,1
npds_01390_V_P_I_1413_jpg.rf.2802633587857de5d5e4046651ee5c1a,npds,/home/divya/projects/IndianANPR/data/processed/npds_leakage_safe/images/train/V_P_I_1413_jpg.rf.2802633587857de5d5e4046651ee5c1a.jpg,/home/divya/projects/IndianANPR/data/processed/npds_leakage_safe/labels/train/V_P_I_1413_jpg.rf.2802633587857de5d5e4046651ee5c1a.txt,0,1
npds_01391_V_P_I_1094_jpg.rf.117e003885b18cd58127d0a5ee378e50,npds,/home/divya/projects/IndianANPR/data/processed/npds_leakage_safe/images/train/V_P_I_1094_jpg.rf.117e003885b18cd58127d0a5ee378e50.jpg,/home/divya/projects/IndianANPR/data/processed/npds_leakage_safe/labels/train/V_P_I_1094_jpg.rf.117e003885b18cd58127d0a5ee378e50.txt,0,1
npds_01392_V_P_I_3068_jpg.rf.f9a44aeb7f46c6555710f94646ce2109,npds,/home/divya/projects/IndianANPR/data/processed/npds_leakage_safe/images/train/V_P_I_3068_jpg.rf.f9a44aeb7f46c6555710f94646ce2109.jpg,/home/divya/projects/IndianANPR/data/processed/npds_leakage_safe/labels/train/V_P_I_3068_jpg.rf.f9a44aeb7f46c6555710f94646ce2109.txt,0,1
npds_01393_V_P_I_3001_jpg.rf.44d69195dd47a451384144b2ded76b73,npds,/home/divya/projects/IndianANPR/data/processed/npds_leakage_safe/images/train/V_P_I_3001_jpg.rf.44d69195dd47a451384144b2ded76b73.jpg,/home/divya/projects/IndianANPR/data/processed/npds_leakage_safe/labels/train/V_P_I_3001_jpg.rf.44d69195dd47a451384144b2ded76b73.txt,0,1
npds_01394_V_P_I_498_jpg.rf.b0dd910d6558f73c0dcbd334d36a389a,npds,/home/divya/projects/IndianANPR/data/processed/npds_leakage_safe/images/train/V_P_I_498_jpg.rf.b0dd910d6558f73c0dcbd334d36a389a.jpg,/home/divya/projects/IndianANPR/data/processed/npds_leakage_safe/labels/train/V_P_I_498_jpg.rf.b0dd910d6558f73c0dcbd334d36a389a.txt,0,1
npds_01395_V_P_I_1783_jpg.rf.ebeebfdf7c794d313b0749bd54b102a7,npds,/home/divya/projects/IndianANPR/data/processed/npds_leakage_safe/images/train/V_P_I_1783_jpg.rf.ebeebfdf7c794d313b0749bd54b102a7.jpg,/home/divya/projects/IndianANPR/data/processed/npds_leakage_safe/labels/train/V_P_I_1783_jpg.rf.ebeebfdf7c794d313b0749bd54b102a7.txt,0,1
npds_01396_V_P_I_3358_jpg.rf.5517c6adbe320094a0dee94b2a4dab3a,npds,/home/divya/projects/IndianANPR/data/processed/npds_leakage_safe/images/train/V_P_I_3358_jpg.rf.5517c6adbe320094a0dee94b2a4dab3a.jpg,/home/divya/projects/IndianANPR/data/processed/npds_leakage_safe/labels/train/V_P_I_3358_jpg.rf.5517c6adbe320094a0dee94b2a4dab3a.txt,0,1
npds_01397_V_P_I_1523_jpg.rf.083d4164b9e32750bf422cbe640ecbe6,npds,/home/divya/projects/IndianANPR/data/processed/npds_leakage_safe/images/train/V_P_I_1523_jpg.rf.083d4164b9e32750bf422cbe640ecbe6.jpg,/home/divya/projects/IndianANPR/data/processed/npds_leakage_safe/labels/train/V_P_I_1523_jpg.rf.083d4164b9e32750bf422cbe640ecbe6.txt,0,1
npds_01398_V_P_I_2051_jpg.rf.de785fe18373c06b3d355fe940282eea,npds,/home/divya/projects/IndianANPR/data/processed/npds_leakage_safe/images/train/V_P_I_2051_jpg.rf.de785fe18373c06b3d355fe940282eea.jpg,/home/divya/projects/IndianANPR/data/processed/npds_leakage_safe/labels/train/V_P_I_2051_jpg.rf.de785fe18373c06b3d355fe940282eea.txt,0,2
npds_01399_V_P_I_2829_jpg.rf.369bb9590555e578102d8cbe5a418c9c,npds,/home/divya/projects/IndianANPR/data/processed/npds_leakage_safe/images/train/V_P_I_2829_jpg.rf.369bb9590555e578102d8cbe5a418c9c.jpg,/home/divya/projects/IndianANPR/data/processed/npds_leakage_safe/labels/train/V_P_I_2829_jpg.rf.369bb9590555e578102d8cbe5a418c9c.txt,0,1
npds_01400_V_P_I_104_jpg.rf.ef369e2bfbf1d416d48514166eb4ae4c,npds,/home/divya/projects/IndianANPR/data/processed/npds_leakage_safe/images/train/V_P_I_104_jpg.rf.ef369e2bfbf1d416d48514166eb4ae4c.jpg,/home/divya/projects/IndianANPR/data/processed/npds_leakage_safe/labels/train/V_P_I_104_jpg.rf.ef369e2bfbf1d416d48514166eb4ae4c.txt,0,1
npds_01401_V_P_I_2834_jpg.rf.ebff0d1deb71fddcfcc5dee2994c2ca3,npds,/home/divya/projects/IndianANPR/data/processed/npds_leakage_safe/images/train/V_P_I_2834_jpg.rf.ebff0d1deb71fddcfcc5dee2994c2ca3.jpg,/home/divya/projects/IndianANPR/data/processed/npds_leakage_safe/labels/train/V_P_I_2834_jpg.rf.ebff0d1deb71fddcfcc5dee2994c2ca3.txt,0,1
npds_01402_V_P_I_2368_jpg.rf.20750047554ea307806c6c80b54becbc,npds,/home/divya/projects/IndianANPR/data/processed/npds_leakage_safe/images/train/V_P_I_2368_jpg.rf.20750047554ea307806c6c80b54becbc.jpg,/home/divya/projects/IndianANPR/data/processed/npds_leakage_safe/labels/train/V_P_I_2368_jpg.rf.20750047554ea307806c6c80b54becbc.txt,0,1
npds_01403_V_P_I_1316_jpg.rf.c39a213d91b976fff86e749246d21d4d,npds,/home/divya/projects/IndianANPR/data/processed/npds_leakage_safe/images/train/V_P_I_1316_jpg.rf.c39a213d91b976fff86e749246d21d4d.jpg,/home/divya/projects/IndianANPR/data/processed/npds_leakage_safe/labels/train/V_P_I_1316_jpg.rf.c39a213d91b976fff86e749246d21d4d.txt,0,1
npds_01404_V_P_I_938_jpg.rf.363d6abe4cc46434335369ae7f19a3ef,npds,/home/divya/projects/IndianANPR/data/processed/npds_leakage_safe/images/train/V_P_I_938_jpg.rf.363d6abe4cc46434335369ae7f19a3ef.jpg,/home/divya/projects/IndianANPR/data/processed/npds_leakage_safe/labels/train/V_P_I_938_jpg.rf.363d6abe4cc46434335369ae7f19a3ef.txt,0,1
npds_01405_V_P_I_640_jpg.rf.aacc55e35b8901c589a406c8b7e1c50f,npds,/home/divya/projects/IndianANPR/data/processed/npds_leakage_safe/images/train/V_P_I_640_jpg.rf.aacc55e35b8901c589a406c8b7e1c50f.jpg,/home/divya/projects/IndianANPR/data/processed/npds_leakage_safe/labels/train/V_P_I_640_jpg.rf.aacc55e35b8901c589a406c8b7e1c50f.txt,0,1
npds_01406_V_P_I_1387_jpg.rf.4d62265cfcd7b991a9c14d1311c81bbc,npds,/home/divya/projects/IndianANPR/data/processed/npds_leakage_safe/images/train/V_P_I_1387_jpg.rf.4d62265cfcd7b991a9c14d1311c81bbc.jpg,/home/divya/projects/IndianANPR/data/processed/npds_leakage_safe/labels/train/V_P_I_1387_jpg.rf.4d62265cfcd7b991a9c14d1311c81bbc.txt,0,1
npds_01407_V_P_I_2533_jpg.rf.5fb7047f3e236224805f8168a1b13568,npds,/home/divya/projects/IndianANPR/data/processed/npds_leakage_safe/images/train/V_P_I_2533_jpg.rf.5fb7047f3e236224805f8168a1b13568.jpg,/home/divya/projects/IndianANPR/data/processed/npds_leakage_safe/labels/train/V_P_I_2533_jpg.rf.5fb7047f3e236224805f8168a1b13568.txt,0,1
npds_01408_V_P_I_1399_jpg.rf.ed8b58116d1885c157d73d947713ed29,npds,/home/divya/projects/IndianANPR/data/processed/npds_leakage_safe/images/train/V_P_I_1399_jpg.rf.ed8b58116d1885c157d73d947713ed29.jpg,/home/divya/projects/IndianANPR/data/processed/npds_leakage_safe/labels/train/V_P_I_1399_jpg.rf.ed8b58116d1885c157d73d947713ed29.txt,0,3
npds_01409_V_P_I_3129_jpg.rf.89f74a00aa755e00a4b5fdd2694f2584,npds,/home/divya/projects/IndianANPR/data/processed/npds_leakage_safe/images/train/V_P_I_3129_jpg.rf.89f74a00aa755e00a4b5fdd2694f2584.jpg,/home/divya/projects/IndianANPR/data/processed/npds_leakage_safe/labels/train/V_P_I_3129_jpg.rf.89f74a00aa755e00a4b5fdd2694f2584.txt,0,1
npds_01410_V_P_I_60_jpg.rf.da4713f967b50b1fe6a0eef3f3c721d4,npds,/home/divya/projects/IndianANPR/data/processed/npds_leakage_safe/images/train/V_P_I_60_jpg.rf.da4713f967b50b1fe6a0eef3f3c721d4.jpg,/home/divya/projects/IndianANPR/data/processed/npds_leakage_safe/labels/train/V_P_I_60_jpg.rf.da4713f967b50b1fe6a0eef3f3c721d4.txt,0,1
npds_01411_V_P_I_1509_jpg.rf.faeddde3f4fc83d86a5a97b3b89eea3c,npds,/home/divya/projects/IndianANPR/data/processed/npds_leakage_safe/images/train/V_P_I_1509_jpg.rf.faeddde3f4fc83d86a5a97b3b89eea3c.jpg,/home/divya/projects/IndianANPR/data/processed/npds_leakage_safe/labels/train/V_P_I_1509_jpg.rf.faeddde3f4fc83d86a5a97b3b89eea3c.txt,0,1
npds_01412_V_P_I_2663_jpg.rf.47a6c350d22c92b9953c685ba067dd9d,npds,/home/divya/projects/IndianANPR/data/processed/npds_leakage_safe/images/train/V_P_I_2663_jpg.rf.47a6c350d22c92b9953c685ba067dd9d.jpg,/home/divya/projects/IndianANPR/data/processed/npds_leakage_safe/labels/train/V_P_I_2663_jpg.rf.47a6c350d22c92b9953c685ba067dd9d.txt,0,1
npds_01413_V_P_I_3377_jpg.rf.92f7f7a451ef358d7d9bcc3e6d4476db,npds,/home/divya/projects/IndianANPR/data/processed/npds_leakage_safe/images/train/V_P_I_3377_jpg.rf.92f7f7a451ef358d7d9bcc3e6d4476db.jpg,/home/divya/projects/IndianANPR/data/processed/npds_leakage_safe/labels/train/V_P_I_3377_jpg.rf.92f7f7a451ef358d7d9bcc3e6d4476db.txt,0,1
npds_01414_V_P_I_197_jpg.rf.5aae969e1a8d1d5064a9dddf0609e913,npds,/home/divya/projects/IndianANPR/data/processed/npds_leakage_safe/images/train/V_P_I_197_jpg.rf.5aae969e1a8d1d5064a9dddf0609e913.jpg,/home/divya/projects/IndianANPR/data/processed/npds_leakage_safe/labels/train/V_P_I_197_jpg.rf.5aae969e1a8d1d5064a9dddf0609e913.txt,0,1
npds_01415_V_P_I_2696_jpg.rf.bc77685bc58a2d2387911a9bd894bb90,npds,/home/divya/projects/IndianANPR/data/processed/npds_leakage_safe/images/train/V_P_I_2696_jpg.rf.bc77685bc58a2d2387911a9bd894bb90.jpg,/home/divya/projects/IndianANPR/data/processed/npds_leakage_safe/labels/train/V_P_I_2696_jpg.rf.bc77685bc58a2d2387911a9bd894bb90.txt,0,1
npds_01416_V_P_I_3344_jpg.rf.130fd68b2e6d98e26e29eb7f432a24a6,npds,/home/divya/projects/IndianANPR/data/processed/npds_leakage_safe/images/train/V_P_I_3344_jpg.rf.130fd68b2e6d98e26e29eb7f432a24a6.jpg,/home/divya/projects/IndianANPR/data/processed/npds_leakage_safe/labels/train/V_P_I_3344_jpg.rf.130fd68b2e6d98e26e29eb7f432a24a6.txt,0,3
npds_01417_V_P_I_1907_jpg.rf.b1459b1252360ab5f9c87f1226cd701b,npds,/home/divya/projects/IndianANPR/data/processed/npds_leakage_safe/images/train/V_P_I_1907_jpg.rf.b1459b1252360ab5f9c87f1226cd701b.jpg,/home/divya/projects/IndianANPR/data/processed/npds_leakage_safe/labels/train/V_P_I_1907_jpg.rf.b1459b1252360ab5f9c87f1226cd701b.txt,0,1
npds_01418_V_P_I_2387_jpg.rf.b016d6280e695c0cf6d16d1de36bba0f,npds,/home/divya/projects/IndianANPR/data/processed/npds_leakage_safe/images/train/V_P_I_2387_jpg.rf.b016d6280e695c0cf6d16d1de36bba0f.jpg,/home/divya/projects/IndianANPR/data/processed/npds_leakage_safe/labels/train/V_P_I_2387_jpg.rf.b016d6280e695c0cf6d16d1de36bba0f.txt,0,1
npds_01419_V_P_I_618_jpg.rf.b715f20f0fafda3f71b7ef34144ce3be,npds,/home/divya/projects/IndianANPR/data/processed/npds_leakage_safe/images/train/V_P_I_618_jpg.rf.b715f20f0fafda3f71b7ef34144ce3be.jpg,/home/divya/projects/IndianANPR/data/processed/npds_leakage_safe/labels/train/V_P_I_618_jpg.rf.b715f20f0fafda3f71b7ef34144ce3be.txt,0,3
npds_01420_V_P_I_2600_jpg.rf.b1fb41bd9f718fc7be87399da8836cea,npds,/home/divya/projects/IndianANPR/data/processed/npds_leakage_safe/images/train/V_P_I_2600_jpg.rf.b1fb41bd9f718fc7be87399da8836cea.jpg,/home/divya/projects/IndianANPR/data/processed/npds_leakage_safe/labels/train/V_P_I_2600_jpg.rf.b1fb41bd9f718fc7be87399da8836cea.txt,0,1
npds_01421_V_P_I_2573_jpg.rf.f05e59eed01c23443ffa857882cd3e77,npds,/home/divya/projects/IndianANPR/data/processed/npds_leakage_safe/images/train/V_P_I_2573_jpg.rf.f05e59eed01c23443ffa857882cd3e77.jpg,/home/divya/projects/IndianANPR/data/processed/npds_leakage_safe/labels/train/V_P_I_2573_jpg.rf.f05e59eed01c23443ffa857882cd3e77.txt,0,1
npds_01422_V_P_I_1799_jpg.rf.258c452621e8753c919e6b1d795d183b,npds,/home/divya/projects/IndianANPR/data/processed/npds_leakage_safe/images/train/V_P_I_1799_jpg.rf.258c452621e8753c919e6b1d795d183b.jpg,/home/divya/projects/IndianANPR/data/processed/npds_leakage_safe/labels/train/V_P_I_1799_jpg.rf.258c452621e8753c919e6b1d795d183b.txt,0,1
npds_01423_V_P_I_251_jpg.rf.28d5a3a512e3266f188b336a587df4cb,npds,/home/divya/projects/IndianANPR/data/processed/npds_leakage_safe/images/train/V_P_I_251_jpg.rf.28d5a3a512e3266f188b336a587df4cb.jpg,/home/divya/projects/IndianANPR/data/processed/npds_leakage_safe/labels/train/V_P_I_251_jpg.rf.28d5a3a512e3266f188b336a587df4cb.txt,0,1
npds_01424_V_P_I_282_jpg.rf.86a11324c9fbf14cfa13ccba2559b017,npds,/home/divya/projects/IndianANPR/data/processed/npds_leakage_safe/images/train/V_P_I_282_jpg.rf.86a11324c9fbf14cfa13ccba2559b017.jpg,/home/divya/projects/IndianANPR/data/processed/npds_leakage_safe/labels/train/V_P_I_282_jpg.rf.86a11324c9fbf14cfa13ccba2559b017.txt,0,1
npds_01425_V_P_I_1480_jpg.rf.f9c85814f36b0e66350bcbd910dda3d7,npds,/home/divya/projects/IndianANPR/data/processed/npds_leakage_safe/images/train/V_P_I_1480_jpg.rf.f9c85814f36b0e66350bcbd910dda3d7.jpg,/home/divya/projects/IndianANPR/data/processed/npds_leakage_safe/labels/train/V_P_I_1480_jpg.rf.f9c85814f36b0e66350bcbd910dda3d7.txt,0,1
npds_01426_V_P_I_2296_jpg.rf.223f62ba27c28ab368e8e4abc96d7d00,npds,/home/divya/projects/IndianANPR/data/processed/npds_leakage_safe/images/train/V_P_I_2296_jpg.rf.223f62ba27c28ab368e8e4abc96d7d00.jpg,/home/divya/projects/IndianANPR/data/processed/npds_leakage_safe/labels/train/V_P_I_2296_jpg.rf.223f62ba27c28ab368e8e4abc96d7d00.txt,0,1
npds_01427_V_P_I_1632_jpg.rf.b833f5c524f9dd86c838c4f1ab0af5cf,npds,/home/divya/projects/IndianANPR/data/processed/npds_leakage_safe/images/train/V_P_I_1632_jpg.rf.b833f5c524f9dd86c838c4f1ab0af5cf.jpg,/home/divya/projects/IndianANPR/data/processed/npds_leakage_safe/labels/train/V_P_I_1632_jpg.rf.b833f5c524f9dd86c838c4f1ab0af5cf.txt,0,1
npds_01428_V_P_I_297_jpg.rf.ab371a7e31a809253cf493e1ae8ec38b,npds,/home/divya/projects/IndianANPR/data/processed/npds_leakage_safe/images/train/V_P_I_297_jpg.rf.ab371a7e31a809253cf493e1ae8ec38b.jpg,/home/divya/projects/IndianANPR/data/processed/npds_leakage_safe/labels/train/V_P_I_297_jpg.rf.ab371a7e31a809253cf493e1ae8ec38b.txt,0,1
npds_01429_V_P_I_2694_jpg.rf.66ff48c4774c1378f0846e8633d1547c,npds,/home/divya/projects/IndianANPR/data/processed/npds_leakage_safe/images/train/V_P_I_2694_jpg.rf.66ff48c4774c1378f0846e8633d1547c.jpg,/home/divya/projects/IndianANPR/data/processed/npds_leakage_safe/labels/train/V_P_I_2694_jpg.rf.66ff48c4774c1378f0846e8633d1547c.txt,0,1
npds_01430_V_P_I_3491_jpg.rf.5db2d6c888c9e7b44acff23430136c55,npds,/home/divya/projects/IndianANPR/data/processed/npds_leakage_safe/images/train/V_P_I_3491_jpg.rf.5db2d6c888c9e7b44acff23430136c55.jpg,/home/divya/projects/IndianANPR/data/processed/npds_leakage_safe/labels/train/V_P_I_3491_jpg.rf.5db2d6c888c9e7b44acff23430136c55.txt,0,1
npds_01431_V_P_I_1459_jpg.rf.68de57541ac3616fb64081b6cdb06167,npds,/home/divya/projects/IndianANPR/data/processed/npds_leakage_safe/images/train/V_P_I_1459_jpg.rf.68de57541ac3616fb64081b6cdb06167.jpg,/home/divya/projects/IndianANPR/data/processed/npds_leakage_safe/labels/train/V_P_I_1459_jpg.rf.68de57541ac3616fb64081b6cdb06167.txt,0,1
npds_01432_V_P_I_1237_jpg.rf.99de40ec0a6cb2eba57530b6b832853f,npds,/home/divya/projects/IndianANPR/data/processed/npds_leakage_safe/images/train/V_P_I_1237_jpg.rf.99de40ec0a6cb2eba57530b6b832853f.jpg,/home/divya/projects/IndianANPR/data/processed/npds_leakage_safe/labels/train/V_P_I_1237_jpg.rf.99de40ec0a6cb2eba57530b6b832853f.txt,0,1
npds_01433_V_P_I_773_jpg.rf.88e4e067db047e91a76b63518e8af86c,npds,/home/divya/projects/IndianANPR/data/processed/npds_leakage_safe/images/train/V_P_I_773_jpg.rf.88e4e067db047e91a76b63518e8af86c.jpg,/home/divya/projects/IndianANPR/data/processed/npds_leakage_safe/labels/train/V_P_I_773_jpg.rf.88e4e067db047e91a76b63518e8af86c.txt,0,1
npds_01434_V_P_I_39_jpg.rf.4a4512ff0eb09b5ca53ce742c9ffc535,npds,/home/divya/projects/IndianANPR/data/processed/npds_leakage_safe/images/train/V_P_I_39_jpg.rf.4a4512ff0eb09b5ca53ce742c9ffc535.jpg,/home/divya/projects/IndianANPR/data/processed/npds_leakage_safe/labels/train/V_P_I_39_jpg.rf.4a4512ff0eb09b5ca53ce742c9ffc535.txt,0,1
npds_01435_V_P_I_467_jpg.rf.2daa0d128a5a5a49f134dfc86e8243d5,npds,/home/divya/projects/IndianANPR/data/processed/npds_leakage_safe/images/train/V_P_I_467_jpg.rf.2daa0d128a5a5a49f134dfc86e8243d5.jpg,/home/divya/projects/IndianANPR/data/processed/npds_leakage_safe/labels/train/V_P_I_467_jpg.rf.2daa0d128a5a5a49f134dfc86e8243d5.txt,0,1
npds_01436_V_P_I_2385_jpg.rf.d873e3682da84c5c1f32e6bae5663b28,npds,/home/divya/projects/IndianANPR/data/processed/npds_leakage_safe/images/train/V_P_I_2385_jpg.rf.d873e3682da84c5c1f32e6bae5663b28.jpg,/home/divya/projects/IndianANPR/data/processed/npds_leakage_safe/labels/train/V_P_I_2385_jpg.rf.d873e3682da84c5c1f32e6bae5663b28.txt,0,1
npds_01437_V_P_I_2144_jpg.rf.7af2b0af9e67814403b8f0fa03422392,npds,/home/divya/projects/IndianANPR/data/processed/npds_leakage_safe/images/train/V_P_I_2144_jpg.rf.7af2b0af9e67814403b8f0fa03422392.jpg,/home/divya/projects/IndianANPR/data/processed/npds_leakage_safe/labels/train/V_P_I_2144_jpg.rf.7af2b0af9e67814403b8f0fa03422392.txt,0,1
npds_01438_V_P_I_45_jpg.rf.d8b28eeae1af7859ddbbea1a5cf601e9,npds,/home/divya/projects/IndianANPR/data/processed/npds_leakage_safe/images/train/V_P_I_45_jpg.rf.d8b28eeae1af7859ddbbea1a5cf601e9.jpg,/home/divya/projects/IndianANPR/data/processed/npds_leakage_safe/labels/train/V_P_I_45_jpg.rf.d8b28eeae1af7859ddbbea1a5cf601e9.txt,0,1
npds_01439_V_P_I_2692_jpg.rf.fb14da616f98a87eda92448549060fa3,npds,/home/divya/projects/IndianANPR/data/processed/npds_leakage_safe/images/train/V_P_I_2692_jpg.rf.fb14da616f98a87eda92448549060fa3.jpg,/home/divya/projects/IndianANPR/data/processed/npds_leakage_safe/labels/train/V_P_I_2692_jpg.rf.fb14da616f98a87eda92448549060fa3.txt,0,1
npds_01440_V_P_I_1880_jpg.rf.83909a32e70624f57bd3bbe9be2f7cf8,npds,/home/divya/projects/IndianANPR/data/processed/npds_leakage_safe/images/train/V_P_I_1880_jpg.rf.83909a32e70624f57bd3bbe9be2f7cf8.jpg,/home/divya/projects/IndianANPR/data/processed/npds_leakage_safe/labels/train/V_P_I_1880_jpg.rf.83909a32e70624f57bd3bbe9be2f7cf8.txt,0,1
npds_01441_V_P_I_871_jpg.rf.14a3dac2d916e808e204b84d420199b1,npds,/home/divya/projects/IndianANPR/data/processed/npds_leakage_safe/images/train/V_P_I_871_jpg.rf.14a3dac2d916e808e204b84d420199b1.jpg,/home/divya/projects/IndianANPR/data/processed/npds_leakage_safe/labels/train/V_P_I_871_jpg.rf.14a3dac2d916e808e204b84d420199b1.txt,0,1
npds_01442_V_P_I_1013_jpg.rf.2d7f305e82a4f7bbe45952c9efc66047,npds,/home/divya/projects/IndianANPR/data/processed/npds_leakage_safe/images/train/V_P_I_1013_jpg.rf.2d7f305e82a4f7bbe45952c9efc66047.jpg,/home/divya/projects/IndianANPR/data/processed/npds_leakage_safe/labels/train/V_P_I_1013_jpg.rf.2d7f305e82a4f7bbe45952c9efc66047.txt,0,1
npds_01443_V_P_I_1948_jpg.rf.8739cc1afad3f035b17048cdc0130c5d,npds,/home/divya/projects/IndianANPR/data/processed/npds_leakage_safe/images/train/V_P_I_1948_jpg.rf.8739cc1afad3f035b17048cdc0130c5d.jpg,/home/divya/projects/IndianANPR/data/processed/npds_leakage_safe/labels/train/V_P_I_1948_jpg.rf.8739cc1afad3f035b17048cdc0130c5d.txt,0,1
npds_01444_V_P_I_3406_jpg.rf.a24d8e881a1b2e542dd48d53c91a8a92,npds,/home/divya/projects/IndianANPR/data/processed/npds_leakage_safe/images/train/V_P_I_3406_jpg.rf.a24d8e881a1b2e542dd48d53c91a8a92.jpg,/home/divya/projects/IndianANPR/data/processed/npds_leakage_safe/labels/train/V_P_I_3406_jpg.rf.a24d8e881a1b2e542dd48d53c91a8a92.txt,0,1
npds_01445_V_P_I_2002_jpg.rf.47bfc1818e0a0fbd6bd3af270123ab88,npds,/home/divya/projects/IndianANPR/data/processed/npds_leakage_safe/images/train/V_P_I_2002_jpg.rf.47bfc1818e0a0fbd6bd3af270123ab88.jpg,/home/divya/projects/IndianANPR/data/processed/npds_leakage_safe/labels/train/V_P_I_2002_jpg.rf.47bfc1818e0a0fbd6bd3af270123ab88.txt,0,1
npds_01446_V_P_I_625_jpg.rf.23d4ad0b9d6170b3dbbcfcf32079910a,npds,/home/divya/projects/IndianANPR/data/processed/npds_leakage_safe/images/train/V_P_I_625_jpg.rf.23d4ad0b9d6170b3dbbcfcf32079910a.jpg,/home/divya/projects/IndianANPR/data/processed/npds_leakage_safe/labels/train/V_P_I_625_jpg.rf.23d4ad0b9d6170b3dbbcfcf32079910a.txt,0,1
npds_01447_V_P_I_2935_jpg.rf.a03aac7775c186b7bb3e8b910c104050,npds,/home/divya/projects/IndianANPR/data/processed/npds_leakage_safe/images/train/V_P_I_2935_jpg.rf.a03aac7775c186b7bb3e8b910c104050.jpg,/home/divya/projects/IndianANPR/data/processed/npds_leakage_safe/labels/train/V_P_I_2935_jpg.rf.a03aac7775c186b7bb3e8b910c104050.txt,0,1
npds_01448_V_P_I_2915_jpg.rf.847077efe996e377793b0ea31564c5fc,npds,/home/divya/projects/IndianANPR/data/processed/npds_leakage_safe/images/train/V_P_I_2915_jpg.rf.847077efe996e377793b0ea31564c5fc.jpg,/home/divya/projects/IndianANPR/data/processed/npds_leakage_safe/labels/train/V_P_I_2915_jpg.rf.847077efe996e377793b0ea31564c5fc.txt,0,1
npds_01449_V_P_I_3167_jpg.rf.ef8eae80ac1319a3711f50e86330ee4a,npds,/home/divya/projects/IndianANPR/data/processed/npds_leakage_safe/images/train/V_P_I_3167_jpg.rf.ef8eae80ac1319a3711f50e86330ee4a.jpg,/home/divya/projects/IndianANPR/data/processed/npds_leakage_safe/labels/train/V_P_I_3167_jpg.rf.ef8eae80ac1319a3711f50e86330ee4a.txt,0,1
npds_01450_V_P_I_2620_jpg.rf.c2819f1341e9be524bd94587a9fe911d,npds,/home/divya/projects/IndianANPR/data/processed/npds_leakage_safe/images/train/V_P_I_2620_jpg.rf.c2819f1341e9be524bd94587a9fe911d.jpg,/home/divya/projects/IndianANPR/data/processed/npds_leakage_safe/labels/train/V_P_I_2620_jpg.rf.c2819f1341e9be524bd94587a9fe911d.txt,0,1
npds_01451_V_P_I_1496_jpg.rf.2de917d3ab5d87fafcf028f86d7f0752,npds,/home/divya/projects/IndianANPR/data/processed/npds_leakage_safe/images/train/V_P_I_1496_jpg.rf.2de917d3ab5d87fafcf028f86d7f0752.jpg,/home/divya/projects/IndianANPR/data/processed/npds_leakage_safe/labels/train/V_P_I_1496_jpg.rf.2de917d3ab5d87fafcf028f86d7f0752.txt,0,1
npds_01452_V_P_I_2489_jpg.rf.1b7205df5dce68813633a62fa3ee4782,npds,/home/divya/projects/IndianANPR/data/processed/npds_leakage_safe/images/train/V_P_I_2489_jpg.rf.1b7205df5dce68813633a62fa3ee4782.jpg,/home/divya/projects/IndianANPR/data/processed/npds_leakage_safe/labels/train/V_P_I_2489_jpg.rf.1b7205df5dce68813633a62fa3ee4782.txt,0,1
npds_01453_V_P_I_2792_jpg.rf.13d72effcb75f4f1d2a4f855a03e310e,npds,/home/divya/projects/IndianANPR/data/processed/npds_leakage_safe/images/train/V_P_I_2792_jpg.rf.13d72effcb75f4f1d2a4f855a03e310e.jpg,/home/divya/projects/IndianANPR/data/processed/npds_leakage_safe/labels/train/V_P_I_2792_jpg.rf.13d72effcb75f4f1d2a4f855a03e310e.txt,0,1
npds_01454_V_P_I_2606_jpg.rf.6c097d2c3d1dce1f12710c32f6ed4042,npds,/home/divya/projects/IndianANPR/data/processed/npds_leakage_safe/images/train/V_P_I_2606_jpg.rf.6c097d2c3d1dce1f12710c32f6ed4042.jpg,/home/divya/projects/IndianANPR/data/processed/npds_leakage_safe/labels/train/V_P_I_2606_jpg.rf.6c097d2c3d1dce1f12710c32f6ed4042.txt,0,1
npds_01455_V_P_I_2164_jpg.rf.a1c88326481c0e95aea58fb7bc1ffb39,npds,/home/divya/projects/IndianANPR/data/processed/npds_leakage_safe/images/train/V_P_I_2164_jpg.rf.a1c88326481c0e95aea58fb7bc1ffb39.jpg,/home/divya/projects/IndianANPR/data/processed/npds_leakage_safe/labels/train/V_P_I_2164_jpg.rf.a1c88326481c0e95aea58fb7bc1ffb39.txt,0,1
npds_01456_V_P_I_2124_jpg.rf.a39329b47cdd8af5be1d00fe4db813ae,npds,/home/divya/projects/IndianANPR/data/processed/npds_leakage_safe/images/train/V_P_I_2124_jpg.rf.a39329b47cdd8af5be1d00fe4db813ae.jpg,/home/divya/projects/IndianANPR/data/processed/npds_leakage_safe/labels/train/V_P_I_2124_jpg.rf.a39329b47cdd8af5be1d00fe4db813ae.txt,0,1
npds_01457_V_P_I_2833_jpg.rf.ce7e438ab14ab7b80df248720f5fe491,npds,/home/divya/projects/IndianANPR/data/processed/npds_leakage_safe/images/train/V_P_I_2833_jpg.rf.ce7e438ab14ab7b80df248720f5fe491.jpg,/home/divya/projects/IndianANPR/data/processed/npds_leakage_safe/labels/train/V_P_I_2833_jpg.rf.ce7e438ab14ab7b80df248720f5fe491.txt,0,1
npds_01458_V_P_I_368_jpg.rf.cdb4b00287e685a7ab53635262f7261b,npds,/home/divya/projects/IndianANPR/data/processed/npds_leakage_safe/images/train/V_P_I_368_jpg.rf.cdb4b00287e685a7ab53635262f7261b.jpg,/home/divya/projects/IndianANPR/data/processed/npds_leakage_safe/labels/train/V_P_I_368_jpg.rf.cdb4b00287e685a7ab53635262f7261b.txt,0,1
npds_01459_V_P_I_2805_jpg.rf.9e19bc4c913a57b1616e2b71a9c4d06e,npds,/home/divya/projects/IndianANPR/data/processed/npds_leakage_safe/images/train/V_P_I_2805_jpg.rf.9e19bc4c913a57b1616e2b71a9c4d06e.jpg,/home/divya/projects/IndianANPR/data/processed/npds_leakage_safe/labels/train/V_P_I_2805_jpg.rf.9e19bc4c913a57b1616e2b71a9c4d06e.txt,0,1
npds_01460_V_P_I_2268_jpg.rf.bd0dfbe8cfb4865188503b7a0300bfd8,npds,/home/divya/projects/IndianANPR/data/processed/npds_leakage_safe/images/train/V_P_I_2268_jpg.rf.bd0dfbe8cfb4865188503b7a0300bfd8.jpg,/home/divya/projects/IndianANPR/data/processed/npds_leakage_safe/labels/train/V_P_I_2268_jpg.rf.bd0dfbe8cfb4865188503b7a0300bfd8.txt,0,1
npds_01461_V_P_I_2515_jpg.rf.8d16718a432ec903a5236d8a3db317c2,npds,/home/divya/projects/IndianANPR/data/processed/npds_leakage_safe/images/train/V_P_I_2515_jpg.rf.8d16718a432ec903a5236d8a3db317c2.jpg,/home/divya/projects/IndianANPR/data/processed/npds_leakage_safe/labels/train/V_P_I_2515_jpg.rf.8d16718a432ec903a5236d8a3db317c2.txt,0,1
npds_01462_V_P_I_2096_jpg.rf.18b7b309d1d9ea75b66fa030a0daf856,npds,/home/divya/projects/IndianANPR/data/processed/npds_leakage_safe/images/train/V_P_I_2096_jpg.rf.18b7b309d1d9ea75b66fa030a0daf856.jpg,/home/divya/projects/IndianANPR/data/processed/npds_leakage_safe/labels/train/V_P_I_2096_jpg.rf.18b7b309d1d9ea75b66fa030a0daf856.txt,0,1
npds_01463_V_P_I_1629_jpg.rf.b21d291e636eb54c3855671e5e8bc72c,npds,/home/divya/projects/IndianANPR/data/processed/npds_leakage_safe/images/train/V_P_I_1629_jpg.rf.b21d291e636eb54c3855671e5e8bc72c.jpg,/home/divya/projects/IndianANPR/data/processed/npds_leakage_safe/labels/train/V_P_I_1629_jpg.rf.b21d291e636eb54c3855671e5e8bc72c.txt,0,1
npds_01464_V_P_I_3312_jpg.rf.57f1e165d07427eeba7ca110f6fad674,npds,/home/divya/projects/IndianANPR/data/processed/npds_leakage_safe/images/train/V_P_I_3312_jpg.rf.57f1e165d07427eeba7ca110f6fad674.jpg,/home/divya/projects/IndianANPR/data/processed/npds_leakage_safe/labels/train/V_P_I_3312_jpg.rf.57f1e165d07427eeba7ca110f6fad674.txt,0,1
npds_01465_V_P_I_1783_jpg.rf.40a9e70953929d667ed21e9a6282aa18,npds,/home/divya/projects/IndianANPR/data/processed/npds_leakage_safe/images/train/V_P_I_1783_jpg.rf.40a9e70953929d667ed21e9a6282aa18.jpg,/home/divya/projects/IndianANPR/data/processed/npds_leakage_safe/labels/train/V_P_I_1783_jpg.rf.40a9e70953929d667ed21e9a6282aa18.txt,0,1
npds_01466_V_P_I_2890_jpg.rf.f7278a8e503920ac4bda770620e72006,npds,/home/divya/projects/IndianANPR/data/processed/npds_leakage_safe/images/train/V_P_I_2890_jpg.rf.f7278a8e503920ac4bda770620e72006.jpg,/home/divya/projects/IndianANPR/data/processed/npds_leakage_safe/labels/train/V_P_I_2890_jpg.rf.f7278a8e503920ac4bda770620e72006.txt,0,1
npds_01467_V_P_I_2293_jpg.rf.d77a51c739f4fc022d99ddd52f9cbf5f,npds,/home/divya/projects/IndianANPR/data/processed/npds_leakage_safe/images/train/V_P_I_2293_jpg.rf.d77a51c739f4fc022d99ddd52f9cbf5f.jpg,/home/divya/projects/IndianANPR/data/processed/npds_leakage_safe/labels/train/V_P_I_2293_jpg.rf.d77a51c739f4fc022d99ddd52f9cbf5f.txt,0,1
npds_01468_V_P_I_1767_jpg.rf.a9d835c2398eb5f6db2c421069ee610d,npds,/home/divya/projects/IndianANPR/data/processed/npds_leakage_safe/images/train/V_P_I_1767_jpg.rf.a9d835c2398eb5f6db2c421069ee610d.jpg,/home/divya/projects/IndianANPR/data/processed/npds_leakage_safe/labels/train/V_P_I_1767_jpg.rf.a9d835c2398eb5f6db2c421069ee610d.txt,0,1
npds_01469_V_P_I_413_jpg.rf.0838ec46cf4eff7521d148178c2d2ff9,npds,/home/divya/projects/IndianANPR/data/processed/npds_leakage_safe/images/train/V_P_I_413_jpg.rf.0838ec46cf4eff7521d148178c2d2ff9.jpg,/home/divya/projects/IndianANPR/data/processed/npds_leakage_safe/labels/train/V_P_I_413_jpg.rf.0838ec46cf4eff7521d148178c2d2ff9.txt,0,1
npds_01470_V_P_I_2375_jpg.rf.8f7a9d3aa6296909f61e0ef07d63a175,npds,/home/divya/projects/IndianANPR/data/processed/npds_leakage_safe/images/train/V_P_I_2375_jpg.rf.8f7a9d3aa6296909f61e0ef07d63a175.jpg,/home/divya/projects/IndianANPR/data/processed/npds_leakage_safe/labels/train/V_P_I_2375_jpg.rf.8f7a9d3aa6296909f61e0ef07d63a175.txt,0,1
npds_01471_V_P_I_1141_jpg.rf.4e029e3bc3237ac46ccad78d89ac27f9,npds,/home/divya/projects/IndianANPR/data/processed/npds_leakage_safe/images/train/V_P_I_1141_jpg.rf.4e029e3bc3237ac46ccad78d89ac27f9.jpg,/home/divya/projects/IndianANPR/data/processed/npds_leakage_safe/labels/train/V_P_I_1141_jpg.rf.4e029e3bc3237ac46ccad78d89ac27f9.txt,0,1
npds_01472_V_P_I_2081_jpg.rf.62c375bf9c93a0658158405069253101,npds,/home/divya/projects/IndianANPR/data/processed/npds_leakage_safe/images/train/V_P_I_2081_jpg.rf.62c375bf9c93a0658158405069253101.jpg,/home/divya/projects/IndianANPR/data/processed/npds_leakage_safe/labels/train/V_P_I_2081_jpg.rf.62c375bf9c93a0658158405069253101.txt,0,1
npds_01473_V_P_I_3484_jpg.rf.f103b7c4ca0ac5dc72c0218d41e9365c,npds,/home/divya/projects/IndianANPR/data/processed/npds_leakage_safe/images/train/V_P_I_3484_jpg.rf.f103b7c4ca0ac5dc72c0218d41e9365c.jpg,/home/divya/projects/IndianANPR/data/processed/npds_leakage_safe/labels/train/V_P_I_3484_jpg.rf.f103b7c4ca0ac5dc72c0218d41e9365c.txt,0,1
npds_01474_V_P_I_930_jpg.rf.27fc124603f0676ab2139a0f3908e233,npds,/home/divya/projects/IndianANPR/data/processed/npds_leakage_safe/images/train/V_P_I_930_jpg.rf.27fc124603f0676ab2139a0f3908e233.jpg,/home/divya/projects/IndianANPR/data/processed/npds_leakage_safe/labels/train/V_P_I_930_jpg.rf.27fc124603f0676ab2139a0f3908e233.txt,0,1
npds_01475_V_P_I_3343_jpg.rf.b3bbcf884573769c2640c8823f6799c0,npds,/home/divya/projects/IndianANPR/data/processed/npds_leakage_safe/images/train/V_P_I_3343_jpg.rf.b3bbcf884573769c2640c8823f6799c0.jpg,/home/divya/projects/IndianANPR/data/processed/npds_leakage_safe/labels/train/V_P_I_3343_jpg.rf.b3bbcf884573769c2640c8823f6799c0.txt,0,4
npds_01476_V_P_I_544_jpg.rf.a5e8718b18cbfa7915d46151848baaf0,npds,/home/divya/projects/IndianANPR/data/processed/npds_leakage_safe/images/train/V_P_I_544_jpg.rf.a5e8718b18cbfa7915d46151848baaf0.jpg,/home/divya/projects/IndianANPR/data/processed/npds_leakage_safe/labels/train/V_P_I_544_jpg.rf.a5e8718b18cbfa7915d46151848baaf0.txt,0,1
npds_01477_V_P_I_2288_jpg.rf.457b3f55714429ec8c49598c9769e241,npds,/home/divya/projects/IndianANPR/data/processed/npds_leakage_safe/images/train/V_P_I_2288_jpg.rf.457b3f55714429ec8c49598c9769e241.jpg,/home/divya/projects/IndianANPR/data/processed/npds_leakage_safe/labels/train/V_P_I_2288_jpg.rf.457b3f55714429ec8c49598c9769e241.txt,0,1
npds_01478_V_P_I_2303_jpg.rf.3d4a4c46d2e5c7afa936aa9c9a2c996b,npds,/home/divya/projects/IndianANPR/data/processed/npds_leakage_safe/images/train/V_P_I_2303_jpg.rf.3d4a4c46d2e5c7afa936aa9c9a2c996b.jpg,/home/divya/projects/IndianANPR/data/processed/npds_leakage_safe/labels/train/V_P_I_2303_jpg.rf.3d4a4c46d2e5c7afa936aa9c9a2c996b.txt,0,1
npds_01479_V_P_I_3180_jpg.rf.243fcbdab6c294633997494b9a0672e0,npds,/home/divya/projects/IndianANPR/data/processed/npds_leakage_safe/images/train/V_P_I_3180_jpg.rf.243fcbdab6c294633997494b9a0672e0.jpg,/home/divya/projects/IndianANPR/data/processed/npds_leakage_safe/labels/train/V_P_I_3180_jpg.rf.243fcbdab6c294633997494b9a0672e0.txt,0,1
npds_01480_V_P_I_474_jpg.rf.67876d0f758c1c8e7d7905d48c32967a,npds,/home/divya/projects/IndianANPR/data/processed/npds_leakage_safe/images/train/V_P_I_474_jpg.rf.67876d0f758c1c8e7d7905d48c32967a.jpg,/home/divya/projects/IndianANPR/data/processed/npds_leakage_safe/labels/train/V_P_I_474_jpg.rf.67876d0f758c1c8e7d7905d48c32967a.txt,0,1
npds_01481_V_P_I_572_jpg.rf.d84d07022ef34a4686c55f09304f3e4f,npds,/home/divya/projects/IndianANPR/data/processed/npds_leakage_safe/images/train/V_P_I_572_jpg.rf.d84d07022ef34a4686c55f09304f3e4f.jpg,/home/divya/projects/IndianANPR/data/processed/npds_leakage_safe/labels/train/V_P_I_572_jpg.rf.d84d07022ef34a4686c55f09304f3e4f.txt,0,1
npds_01482_V_P_I_3143_jpg.rf.6f43b09d321864f117c71e365aa528ea,npds,/home/divya/projects/IndianANPR/data/processed/npds_leakage_safe/images/train/V_P_I_3143_jpg.rf.6f43b09d321864f117c71e365aa528ea.jpg,/home/divya/projects/IndianANPR/data/processed/npds_leakage_safe/labels/train/V_P_I_3143_jpg.rf.6f43b09d321864f117c71e365aa528ea.txt,0,1
npds_01483_V_P_I_1504_jpg.rf.c5cc0e549841c557614a2c16e4e5f854,npds,/home/divya/projects/IndianANPR/data/processed/npds_leakage_safe/images/train/V_P_I_1504_jpg.rf.c5cc0e549841c557614a2c16e4e5f854.jpg,/home/divya/projects/IndianANPR/data/processed/npds_leakage_safe/labels/train/V_P_I_1504_jpg.rf.c5cc0e549841c557614a2c16e4e5f854.txt,0,1
npds_01484_V_P_I_2645_jpg.rf.dc9ff6c28791f46760c4d20126944193,npds,/home/divya/projects/IndianANPR/data/processed/npds_leakage_safe/images/train/V_P_I_2645_jpg.rf.dc9ff6c28791f46760c4d20126944193.jpg,/home/divya/projects/IndianANPR/data/processed/npds_leakage_safe/labels/train/V_P_I_2645_jpg.rf.dc9ff6c28791f46760c4d20126944193.txt,0,1
npds_01485_V_P_I_1123_jpg.rf.e2c48a3e37cc7ddc176dbd43fdb19090,npds,/home/divya/projects/IndianANPR/data/processed/npds_leakage_safe/images/train/V_P_I_1123_jpg.rf.e2c48a3e37cc7ddc176dbd43fdb19090.jpg,/home/divya/projects/IndianANPR/data/processed/npds_leakage_safe/labels/train/V_P_I_1123_jpg.rf.e2c48a3e37cc7ddc176dbd43fdb19090.txt,0,1
npds_01486_V_P_I_749_jpg.rf.d2e2789f752a64e0ccc71d1fc778e491,npds,/home/divya/projects/IndianANPR/data/processed/npds_leakage_safe/images/train/V_P_I_749_jpg.rf.d2e2789f752a64e0ccc71d1fc778e491.jpg,/home/divya/projects/IndianANPR/data/processed/npds_leakage_safe/labels/train/V_P_I_749_jpg.rf.d2e2789f752a64e0ccc71d1fc778e491.txt,0,1
npds_01487_V_P_I_2671_jpg.rf.d6b0736c1bc3ace20620ba90d5899255,npds,/home/divya/projects/IndianANPR/data/processed/npds_leakage_safe/images/train/V_P_I_2671_jpg.rf.d6b0736c1bc3ace20620ba90d5899255.jpg,/home/divya/projects/IndianANPR/data/processed/npds_leakage_safe/labels/train/V_P_I_2671_jpg.rf.d6b0736c1bc3ace20620ba90d5899255.txt,0,1
npds_01488_V_P_I_2949_jpg.rf.61852acb07e573eb446d0b516dae59de,npds,/home/divya/projects/IndianANPR/data/processed/npds_leakage_safe/images/train/V_P_I_2949_jpg.rf.61852acb07e573eb446d0b516dae59de.jpg,/home/divya/projects/IndianANPR/data/processed/npds_leakage_safe/labels/train/V_P_I_2949_jpg.rf.61852acb07e573eb446d0b516dae59de.txt,0,1
npds_01489_V_P_I_2122_jpg.rf.677dae5b4055508be8970a470c298a9f,npds,/home/divya/projects/IndianANPR/data/processed/npds_leakage_safe/images/train/V_P_I_2122_jpg.rf.677dae5b4055508be8970a470c298a9f.jpg,/home/divya/projects/IndianANPR/data/processed/npds_leakage_safe/labels/train/V_P_I_2122_jpg.rf.677dae5b4055508be8970a470c298a9f.txt,0,1
npds_01490_V_P_I_1340_jpg.rf.0da666dccb4641d790b0596c4a3bf53b,npds,/home/divya/projects/IndianANPR/data/processed/npds_leakage_safe/images/train/V_P_I_1340_jpg.rf.0da666dccb4641d790b0596c4a3bf53b.jpg,/home/divya/projects/IndianANPR/data/processed/npds_leakage_safe/labels/train/V_P_I_1340_jpg.rf.0da666dccb4641d790b0596c4a3bf53b.txt,0,1
npds_01491_V_P_I_654_jpg.rf.3251f0e7aee4b3858acbf92ec9ad491e,npds,/home/divya/projects/IndianANPR/data/processed/npds_leakage_safe/images/train/V_P_I_654_jpg.rf.3251f0e7aee4b3858acbf92ec9ad491e.jpg,/home/divya/projects/IndianANPR/data/processed/npds_leakage_safe/labels/train/V_P_I_654_jpg.rf.3251f0e7aee4b3858acbf92ec9ad491e.txt,0,1
npds_01492_V_P_I_2468_jpg.rf.e17e0ac03fa6c5218667ba522f99db9f,npds,/home/divya/projects/IndianANPR/data/processed/npds_leakage_safe/images/train/V_P_I_2468_jpg.rf.e17e0ac03fa6c5218667ba522f99db9f.jpg,/home/divya/projects/IndianANPR/data/processed/npds_leakage_safe/labels/train/V_P_I_2468_jpg.rf.e17e0ac03fa6c5218667ba522f99db9f.txt,0,3
npds_01493_V_P_I_1339_jpg.rf.4ec03bf1b2090c99c18bb1c6de8a9b89,npds,/home/divya/projects/IndianANPR/data/processed/npds_leakage_safe/images/train/V_P_I_1339_jpg.rf.4ec03bf1b2090c99c18bb1c6de8a9b89.jpg,/home/divya/projects/IndianANPR/data/processed/npds_leakage_safe/labels/train/V_P_I_1339_jpg.rf.4ec03bf1b2090c99c18bb1c6de8a9b89.txt,0,1
npds_01494_V_P_I_274_jpg.rf.4561b3b674ec6e16f20075d723b697ab,npds,/home/divya/projects/IndianANPR/data/processed/npds_leakage_safe/images/train/V_P_I_274_jpg.rf.4561b3b674ec6e16f20075d723b697ab.jpg,/home/divya/projects/IndianANPR/data/processed/npds_leakage_safe/labels/train/V_P_I_274_jpg.rf.4561b3b674ec6e16f20075d723b697ab.txt,0,1
npds_01495_V_P_I_251_jpg.rf.80670019a15982cc19dc76c5e2515402,npds,/home/divya/projects/IndianANPR/data/processed/npds_leakage_safe/images/train/V_P_I_251_jpg.rf.80670019a15982cc19dc76c5e2515402.jpg,/home/divya/projects/IndianANPR/data/processed/npds_leakage_safe/labels/train/V_P_I_251_jpg.rf.80670019a15982cc19dc76c5e2515402.txt,0,1
npds_01496_V_P_I_1052_jpg.rf.e218da2e7f2516cabb9eb7547a85bd9b,npds,/home/divya/projects/IndianANPR/data/processed/npds_leakage_safe/images/train/V_P_I_1052_jpg.rf.e218da2e7f2516cabb9eb7547a85bd9b.jpg,/home/divya/projects/IndianANPR/data/processed/npds_leakage_safe/labels/train/V_P_I_1052_jpg.rf.e218da2e7f2516cabb9eb7547a85bd9b.txt,0,1
npds_01497_V_P_I_3398_jpg.rf.ac16785b98835d056c1fe4280b3a5b2e,npds,/home/divya/projects/IndianANPR/data/processed/npds_leakage_safe/images/train/V_P_I_3398_jpg.rf.ac16785b98835d056c1fe4280b3a5b2e.jpg,/home/divya/projects/IndianANPR/data/processed/npds_leakage_safe/labels/train/V_P_I_3398_jpg.rf.ac16785b98835d056c1fe4280b3a5b2e.txt,0,4
npds_01498_V_P_I_1479_jpg.rf.fba61aae131231bceeaa1b34d62e5d92,npds,/home/divya/projects/IndianANPR/data/processed/npds_leakage_safe/images/train/V_P_I_1479_jpg.rf.fba61aae131231bceeaa1b34d62e5d92.jpg,/home/divya/projects/IndianANPR/data/processed/npds_leakage_safe/labels/train/V_P_I_1479_jpg.rf.fba61aae131231bceeaa1b34d62e5d92.txt,0,1
npds_01499_V_P_I_2372_jpg.rf.f7c1711d5cdca717ab4ccfdefb762fc4,npds,/home/divya/projects/IndianANPR/data/processed/npds_leakage_safe/images/train/V_P_I_2372_jpg.rf.f7c1711d5cdca717ab4ccfdefb762fc4.jpg,/home/divya/projects/IndianANPR/data/processed/npds_leakage_safe/labels/train/V_P_I_2372_jpg.rf.f7c1711d5cdca717ab4ccfdefb762fc4.txt,0,1
npds_01500_V_P_I_3154_jpg.rf.6223cac724fd102bd8180b94c81422b1,npds,/home/divya/projects/IndianANPR/data/processed/npds_leakage_safe/images/train/V_P_I_3154_jpg.rf.6223cac724fd102bd8180b94c81422b1.jpg,/home/divya/projects/IndianANPR/data/processed/npds_leakage_safe/labels/train/V_P_I_3154_jpg.rf.6223cac724fd102bd8180b94c81422b1.txt,0,1
npds_01501_V_P_I_1511_jpg.rf.e02cf158034e036b090f8fdedb45bbee,npds,/home/divya/projects/IndianANPR/data/processed/npds_leakage_safe/images/train/V_P_I_1511_jpg.rf.e02cf158034e036b090f8fdedb45bbee.jpg,/home/divya/projects/IndianANPR/data/processed/npds_leakage_safe/labels/train/V_P_I_1511_jpg.rf.e02cf158034e036b090f8fdedb45bbee.txt,0,1
npds_01502_V_P_I_1258_jpg.rf.10cb1bb595152471184057179a0f4e5a,npds,/home/divya/projects/IndianANPR/data/processed/npds_leakage_safe/images/train/V_P_I_1258_jpg.rf.10cb1bb595152471184057179a0f4e5a.jpg,/home/divya/projects/IndianANPR/data/processed/npds_leakage_safe/labels/train/V_P_I_1258_jpg.rf.10cb1bb595152471184057179a0f4e5a.txt,0,1
npds_01503_V_P_I_2563_jpg.rf.47009bf0e1869cdc372e397df9a84cf8,npds,/home/divya/projects/IndianANPR/data/processed/npds_leakage_safe/images/train/V_P_I_2563_jpg.rf.47009bf0e1869cdc372e397df9a84cf8.jpg,/home/divya/projects/IndianANPR/data/processed/npds_leakage_safe/labels/train/V_P_I_2563_jpg.rf.47009bf0e1869cdc372e397df9a84cf8.txt,0,1
npds_01504_V_P_I_434_jpg.rf.f1ed5c3225b87eac961a956524e4c907,npds,/home/divya/projects/IndianANPR/data/processed/npds_leakage_safe/images/train/V_P_I_434_jpg.rf.f1ed5c3225b87eac961a956524e4c907.jpg,/home/divya/projects/IndianANPR/data/processed/npds_leakage_safe/labels/train/V_P_I_434_jpg.rf.f1ed5c3225b87eac961a956524e4c907.txt,0,1
npds_01505_V_P_I_946_jpg.rf.391c1ed8ebcae1c3ac328e777ebe8d92,npds,/home/divya/projects/IndianANPR/data/processed/npds_leakage_safe/images/train/V_P_I_946_jpg.rf.391c1ed8ebcae1c3ac328e777ebe8d92.jpg,/home/divya/projects/IndianANPR/data/processed/npds_leakage_safe/labels/train/V_P_I_946_jpg.rf.391c1ed8ebcae1c3ac328e777ebe8d92.txt,0,1
npds_01506_V_P_I_2140_jpg.rf.39e17b8c0b0f632c7078b0bed404b3d4,npds,/home/divya/projects/IndianANPR/data/processed/npds_leakage_safe/images/train/V_P_I_2140_jpg.rf.39e17b8c0b0f632c7078b0bed404b3d4.jpg,/home/divya/projects/IndianANPR/data/processed/npds_leakage_safe/labels/train/V_P_I_2140_jpg.rf.39e17b8c0b0f632c7078b0bed404b3d4.txt,0,1
npds_01507_V_P_I_3046_jpg.rf.1ac1d4d72db098981b86e04a21d8deed,npds,/home/divya/projects/IndianANPR/data/processed/npds_leakage_safe/images/train/V_P_I_3046_jpg.rf.1ac1d4d72db098981b86e04a21d8deed.jpg,/home/divya/projects/IndianANPR/data/processed/npds_leakage_safe/labels/train/V_P_I_3046_jpg.rf.1ac1d4d72db098981b86e04a21d8deed.txt,0,1
npds_01508_V_P_I_3284_jpg.rf.050c1a5ba460680e16b973469338e9bc,npds,/home/divya/projects/IndianANPR/data/processed/npds_leakage_safe/images/train/V_P_I_3284_jpg.rf.050c1a5ba460680e16b973469338e9bc.jpg,/home/divya/projects/IndianANPR/data/processed/npds_leakage_safe/labels/train/V_P_I_3284_jpg.rf.050c1a5ba460680e16b973469338e9bc.txt,0,1
npds_01509_V_P_I_2335_jpg.rf.df78d21a160367c06992c618e47af97d,npds,/home/divya/projects/IndianANPR/data/processed/npds_leakage_safe/images/train/V_P_I_2335_jpg.rf.df78d21a160367c06992c618e47af97d.jpg,/home/divya/projects/IndianANPR/data/processed/npds_leakage_safe/labels/train/V_P_I_2335_jpg.rf.df78d21a160367c06992c618e47af97d.txt,0,1
npds_01510_V_P_I_3135_jpg.rf.717d5c00fc7a5e832d4b799c8b3e7c59,npds,/home/divya/projects/IndianANPR/data/processed/npds_leakage_safe/images/train/V_P_I_3135_jpg.rf.717d5c00fc7a5e832d4b799c8b3e7c59.jpg,/home/divya/projects/IndianANPR/data/processed/npds_leakage_safe/labels/train/V_P_I_3135_jpg.rf.717d5c00fc7a5e832d4b799c8b3e7c59.txt,0,1
npds_01511_V_P_I_1280_jpg.rf.dcb3d0001b26cb27b2999226ed02bbda,npds,/home/divya/projects/IndianANPR/data/processed/npds_leakage_safe/images/train/V_P_I_1280_jpg.rf.dcb3d0001b26cb27b2999226ed02bbda.jpg,/home/divya/projects/IndianANPR/data/processed/npds_leakage_safe/labels/train/V_P_I_1280_jpg.rf.dcb3d0001b26cb27b2999226ed02bbda.txt,0,1
npds_01512_V_P_I_2113_jpg.rf.9933060650575390777907da21895a62,npds,/home/divya/projects/IndianANPR/data/processed/npds_leakage_safe/images/train/V_P_I_2113_jpg.rf.9933060650575390777907da21895a62.jpg,/home/divya/projects/IndianANPR/data/processed/npds_leakage_safe/labels/train/V_P_I_2113_jpg.rf.9933060650575390777907da21895a62.txt,0,1
npds_01513_V_P_I_3212_jpg.rf.2ba01caa849ed04ceca2dc2887d54117,npds,/home/divya/projects/IndianANPR/data/processed/npds_leakage_safe/images/train/V_P_I_3212_jpg.rf.2ba01caa849ed04ceca2dc2887d54117.jpg,/home/divya/projects/IndianANPR/data/processed/npds_leakage_safe/labels/train/V_P_I_3212_jpg.rf.2ba01caa849ed04ceca2dc2887d54117.txt,0,1
npds_01514_V_P_I_2777_jpg.rf.e6fc0fdd3319e3490e0e7839deda0fe3,npds,/home/divya/projects/IndianANPR/data/processed/npds_leakage_safe/images/train/V_P_I_2777_jpg.rf.e6fc0fdd3319e3490e0e7839deda0fe3.jpg,/home/divya/projects/IndianANPR/data/processed/npds_leakage_safe/labels/train/V_P_I_2777_jpg.rf.e6fc0fdd3319e3490e0e7839deda0fe3.txt,0,1
npds_01515_V_P_I_2281_jpg.rf.fe498ebd4ca13f4f58ba9afa2ff65147,npds,/home/divya/projects/IndianANPR/data/processed/npds_leakage_safe/images/train/V_P_I_2281_jpg.rf.fe498ebd4ca13f4f58ba9afa2ff65147.jpg,/home/divya/projects/IndianANPR/data/processed/npds_leakage_safe/labels/train/V_P_I_2281_jpg.rf.fe498ebd4ca13f4f58ba9afa2ff65147.txt,0,1
npds_01516_V_P_I_2078_jpg.rf.cc126db7d5a587d64bc8f913ac09aa6f,npds,/home/divya/projects/IndianANPR/data/processed/npds_leakage_safe/images/train/V_P_I_2078_jpg.rf.cc126db7d5a587d64bc8f913ac09aa6f.jpg,/home/divya/projects/IndianANPR/data/processed/npds_leakage_safe/labels/train/V_P_I_2078_jpg.rf.cc126db7d5a587d64bc8f913ac09aa6f.txt,0,1
npds_01517_V_P_I_3057_jpg.rf.9a519ab5d4b4b7a8287998112d23b1fe,npds,/home/divya/projects/IndianANPR/data/processed/npds_leakage_safe/images/train/V_P_I_3057_jpg.rf.9a519ab5d4b4b7a8287998112d23b1fe.jpg,/home/divya/projects/IndianANPR/data/processed/npds_leakage_safe/labels/train/V_P_I_3057_jpg.rf.9a519ab5d4b4b7a8287998112d23b1fe.txt,0,1
npds_01518_V_P_I_3384_jpg.rf.1d4ac61119e8434d0bac44aa57056de9,npds,/home/divya/projects/IndianANPR/data/processed/npds_leakage_safe/images/train/V_P_I_3384_jpg.rf.1d4ac61119e8434d0bac44aa57056de9.jpg,/home/divya/projects/IndianANPR/data/processed/npds_leakage_safe/labels/train/V_P_I_3384_jpg.rf.1d4ac61119e8434d0bac44aa57056de9.txt,0,1
npds_01519_V_P_I_3540_jpg.rf.f8129f1e9005a97fcd2c0f41ed518aee,npds,/home/divya/projects/IndianANPR/data/processed/npds_leakage_safe/images/train/V_P_I_3540_jpg.rf.f8129f1e9005a97fcd2c0f41ed518aee.jpg,/home/divya/projects/IndianANPR/data/processed/npds_leakage_safe/labels/train/V_P_I_3540_jpg.rf.f8129f1e9005a97fcd2c0f41ed518aee.txt,0,1
npds_01520_V_P_I_2617_jpg.rf.229b2ff98ea1f98de699bd17c82216c6,npds,/home/divya/projects/IndianANPR/data/processed/npds_leakage_safe/images/train/V_P_I_2617_jpg.rf.229b2ff98ea1f98de699bd17c82216c6.jpg,/home/divya/projects/IndianANPR/data/processed/npds_leakage_safe/labels/train/V_P_I_2617_jpg.rf.229b2ff98ea1f98de699bd17c82216c6.txt,0,1
npds_01521_V_P_I_27_jpg.rf.7c28d243151814c9491deb5296bcc4e9,npds,/home/divya/projects/IndianANPR/data/processed/npds_leakage_safe/images/train/V_P_I_27_jpg.rf.7c28d243151814c9491deb5296bcc4e9.jpg,/home/divya/projects/IndianANPR/data/processed/npds_leakage_safe/labels/train/V_P_I_27_jpg.rf.7c28d243151814c9491deb5296bcc4e9.txt,0,1
npds_01522_V_P_I_1117_jpg.rf.f901ac055222f508197cbed4d5a22334,npds,/home/divya/projects/IndianANPR/data/processed/npds_leakage_safe/images/train/V_P_I_1117_jpg.rf.f901ac055222f508197cbed4d5a22334.jpg,/home/divya/projects/IndianANPR/data/processed/npds_leakage_safe/labels/train/V_P_I_1117_jpg.rf.f901ac055222f508197cbed4d5a22334.txt,0,1
npds_01523_V_P_I_3024_jpg.rf.d481f676e4733a73a01f5231382b3b06,npds,/home/divya/projects/IndianANPR/data/processed/npds_leakage_safe/images/train/V_P_I_3024_jpg.rf.d481f676e4733a73a01f5231382b3b06.jpg,/home/divya/projects/IndianANPR/data/processed/npds_leakage_safe/labels/train/V_P_I_3024_jpg.rf.d481f676e4733a73a01f5231382b3b06.txt,0,1
npds_01524_V_P_I_122_jpg.rf.803f938b252c8d9a03a093a18793583f,npds,/home/divya/projects/IndianANPR/data/processed/npds_leakage_safe/images/train/V_P_I_122_jpg.rf.803f938b252c8d9a03a093a18793583f.jpg,/home/divya/projects/IndianANPR/data/processed/npds_leakage_safe/labels/train/V_P_I_122_jpg.rf.803f938b252c8d9a03a093a18793583f.txt,0,1
npds_01525_V_P_I_1771_jpg.rf.aba5fafeb2060755d36b6d9cf0f056f9,npds,/home/divya/projects/IndianANPR/data/processed/npds_leakage_safe/images/train/V_P_I_1771_jpg.rf.aba5fafeb2060755d36b6d9cf0f056f9.jpg,/home/divya/projects/IndianANPR/data/processed/npds_leakage_safe/labels/train/V_P_I_1771_jpg.rf.aba5fafeb2060755d36b6d9cf0f056f9.txt,0,1
npds_01526_V_P_I_3074_jpg.rf.1a159bf6f57f11df0ae6a6ea390c0e37,npds,/home/divya/projects/IndianANPR/data/processed/npds_leakage_safe/images/train/V_P_I_3074_jpg.rf.1a159bf6f57f11df0ae6a6ea390c0e37.jpg,/home/divya/projects/IndianANPR/data/processed/npds_leakage_safe/labels/train/V_P_I_3074_jpg.rf.1a159bf6f57f11df0ae6a6ea390c0e37.txt,0,1
npds_01527_V_P_I_3256_jpg.rf.8bab8756bd2918e5c18ecb6076f7c530,npds,/home/divya/projects/IndianANPR/data/processed/npds_leakage_safe/images/train/V_P_I_3256_jpg.rf.8bab8756bd2918e5c18ecb6076f7c530.jpg,/home/divya/projects/IndianANPR/data/processed/npds_leakage_safe/labels/train/V_P_I_3256_jpg.rf.8bab8756bd2918e5c18ecb6076f7c530.txt,0,1
npds_01528_V_P_I_1966_jpg.rf.aa0146f49e55498fdd72dd0fa7d2f2b7,npds,/home/divya/projects/IndianANPR/data/processed/npds_leakage_safe/images/train/V_P_I_1966_jpg.rf.aa0146f49e55498fdd72dd0fa7d2f2b7.jpg,/home/divya/projects/IndianANPR/data/processed/npds_leakage_safe/labels/train/V_P_I_1966_jpg.rf.aa0146f49e55498fdd72dd0fa7d2f2b7.txt,0,1
npds_01529_V_P_I_86_jpg.rf.dfb89c47345f541a857fb1a31c6d26ae,npds,/home/divya/projects/IndianANPR/data/processed/npds_leakage_safe/images/train/V_P_I_86_jpg.rf.dfb89c47345f541a857fb1a31c6d26ae.jpg,/home/divya/projects/IndianANPR/data/processed/npds_leakage_safe/labels/train/V_P_I_86_jpg.rf.dfb89c47345f541a857fb1a31c6d26ae.txt,0,1
npds_01530_V_P_I_3493_jpg.rf.1d24df0269339b3b0c3f7d4ebadbfb09,npds,/home/divya/projects/IndianANPR/data/processed/npds_leakage_safe/images/train/V_P_I_3493_jpg.rf.1d24df0269339b3b0c3f7d4ebadbfb09.jpg,/home/divya/projects/IndianANPR/data/processed/npds_leakage_safe/labels/train/V_P_I_3493_jpg.rf.1d24df0269339b3b0c3f7d4ebadbfb09.txt,0,1
npds_01531_V_P_I_1306_jpg.rf.d6e4bb45bebbfe47174dca553f235c84,npds,/home/divya/projects/IndianANPR/data/processed/npds_leakage_safe/images/train/V_P_I_1306_jpg.rf.d6e4bb45bebbfe47174dca553f235c84.jpg,/home/divya/projects/IndianANPR/data/processed/npds_leakage_safe/labels/train/V_P_I_1306_jpg.rf.d6e4bb45bebbfe47174dca553f235c84.txt,0,1
npds_01532_V_P_I_2442_jpg.rf.11ec1d3c8b3bbe4fb9f2c2f8491deeaf,npds,/home/divya/projects/IndianANPR/data/processed/npds_leakage_safe/images/train/V_P_I_2442_jpg.rf.11ec1d3c8b3bbe4fb9f2c2f8491deeaf.jpg,/home/divya/projects/IndianANPR/data/processed/npds_leakage_safe/labels/train/V_P_I_2442_jpg.rf.11ec1d3c8b3bbe4fb9f2c2f8491deeaf.txt,0,1
npds_01533_V_P_I_925_jpg.rf.e7aa519f6d663b720e34c7fcaebf6b8b,npds,/home/divya/projects/IndianANPR/data/processed/npds_leakage_safe/images/train/V_P_I_925_jpg.rf.e7aa519f6d663b720e34c7fcaebf6b8b.jpg,/home/divya/projects/IndianANPR/data/processed/npds_leakage_safe/labels/train/V_P_I_925_jpg.rf.e7aa519f6d663b720e34c7fcaebf6b8b.txt,0,1
npds_01534_V_P_I_355_jpg.rf.86732658f7881f4e94c97110a55cf6ba,npds,/home/divya/projects/IndianANPR/data/processed/npds_leakage_safe/images/train/V_P_I_355_jpg.rf.86732658f7881f4e94c97110a55cf6ba.jpg,/home/divya/projects/IndianANPR/data/processed/npds_leakage_safe/labels/train/V_P_I_355_jpg.rf.86732658f7881f4e94c97110a55cf6ba.txt,0,1
npds_01535_V_P_I_3081_jpg.rf.1aa78aad6d78450fef1c188d24b08fb2,npds,/home/divya/projects/IndianANPR/data/processed/npds_leakage_safe/images/train/V_P_I_3081_jpg.rf.1aa78aad6d78450fef1c188d24b08fb2.jpg,/home/divya/projects/IndianANPR/data/processed/npds_leakage_safe/labels/train/V_P_I_3081_jpg.rf.1aa78aad6d78450fef1c188d24b08fb2.txt,0,1
npds_01536_V_P_I_3335_jpg.rf.e982c97d276e0dd619544d35cfc72fa9,npds,/home/divya/projects/IndianANPR/data/processed/npds_leakage_safe/images/train/V_P_I_3335_jpg.rf.e982c97d276e0dd619544d35cfc72fa9.jpg,/home/divya/projects/IndianANPR/data/processed/npds_leakage_safe/labels/train/V_P_I_3335_jpg.rf.e982c97d276e0dd619544d35cfc72fa9.txt,0,1
npds_01537_V_P_I_1340_jpg.rf.a0ccd35893cf3c52f9b17e83b9c1e825,npds,/home/divya/projects/IndianANPR/data/processed/npds_leakage_safe/images/train/V_P_I_1340_jpg.rf.a0ccd35893cf3c52f9b17e83b9c1e825.jpg,/home/divya/projects/IndianANPR/data/processed/npds_leakage_safe/labels/train/V_P_I_1340_jpg.rf.a0ccd35893cf3c52f9b17e83b9c1e825.txt,0,1
npds_01538_V_P_I_2478_jpg.rf.e82fab16342c419849f873daf27d92d5,npds,/home/divya/projects/IndianANPR/data/processed/npds_leakage_safe/images/train/V_P_I_2478_jpg.rf.e82fab16342c419849f873daf27d92d5.jpg,/home/divya/projects/IndianANPR/data/processed/npds_leakage_safe/labels/train/V_P_I_2478_jpg.rf.e82fab16342c419849f873daf27d92d5.txt,0,1
npds_01539_V_P_I_1549_jpg.rf.b16c058e56b0e08c8aa14358241edc66,npds,/home/divya/projects/IndianANPR/data/processed/npds_leakage_safe/images/train/V_P_I_1549_jpg.rf.b16c058e56b0e08c8aa14358241edc66.jpg,/home/divya/projects/IndianANPR/data/processed/npds_leakage_safe/labels/train/V_P_I_1549_jpg.rf.b16c058e56b0e08c8aa14358241edc66.txt,0,1
npds_01540_V_P_I_3295_jpg.rf.5fc7b4419e9cab6e34b78708dbee71d5,npds,/home/divya/projects/IndianANPR/data/processed/npds_leakage_safe/images/train/V_P_I_3295_jpg.rf.5fc7b4419e9cab6e34b78708dbee71d5.jpg,/home/divya/projects/IndianANPR/data/processed/npds_leakage_safe/labels/train/V_P_I_3295_jpg.rf.5fc7b4419e9cab6e34b78708dbee71d5.txt,0,1
npds_01541_V_P_I_2011_jpg.rf.669a377e2fc4a45b50cd46bd3744b91f,npds,/home/divya/projects/IndianANPR/data/processed/npds_leakage_safe/images/train/V_P_I_2011_jpg.rf.669a377e2fc4a45b50cd46bd3744b91f.jpg,/home/divya/projects/IndianANPR/data/processed/npds_leakage_safe/labels/train/V_P_I_2011_jpg.rf.669a377e2fc4a45b50cd46bd3744b91f.txt,0,1
npds_01542_V_P_I_1094_jpg.rf.bb861d015e92c2f7718743b3c8771177,npds,/home/divya/projects/IndianANPR/data/processed/npds_leakage_safe/images/train/V_P_I_1094_jpg.rf.bb861d015e92c2f7718743b3c8771177.jpg,/home/divya/projects/IndianANPR/data/processed/npds_leakage_safe/labels/train/V_P_I_1094_jpg.rf.bb861d015e92c2f7718743b3c8771177.txt,0,1
npds_01543_V_P_I_1152_jpg.rf.091055dc24915bfaa31b1d1ec3b35644,npds,/home/divya/projects/IndianANPR/data/processed/npds_leakage_safe/images/train/V_P_I_1152_jpg.rf.091055dc24915bfaa31b1d1ec3b35644.jpg,/home/divya/projects/IndianANPR/data/processed/npds_leakage_safe/labels/train/V_P_I_1152_jpg.rf.091055dc24915bfaa31b1d1ec3b35644.txt,0,1
npds_01544_V_P_I_2103_jpg.rf.a5bb0a24d97946468c6dbde6ed126a99,npds,/home/divya/projects/IndianANPR/data/processed/npds_leakage_safe/images/train/V_P_I_2103_jpg.rf.a5bb0a24d97946468c6dbde6ed126a99.jpg,/home/divya/projects/IndianANPR/data/processed/npds_leakage_safe/labels/train/V_P_I_2103_jpg.rf.a5bb0a24d97946468c6dbde6ed126a99.txt,0,2
npds_01545_V_P_I_489_jpg.rf.4fdfcf0a98ccc57ab1902fcc57347e01,npds,/home/divya/projects/IndianANPR/data/processed/npds_leakage_safe/images/train/V_P_I_489_jpg.rf.4fdfcf0a98ccc57ab1902fcc57347e01.jpg,/home/divya/projects/IndianANPR/data/processed/npds_leakage_safe/labels/train/V_P_I_489_jpg.rf.4fdfcf0a98ccc57ab1902fcc57347e01.txt,0,1
npds_01546_V_P_I_1187_jpg.rf.0491b64f44f1ed835c74863524d75ef9,npds,/home/divya/projects/IndianANPR/data/processed/npds_leakage_safe/images/train/V_P_I_1187_jpg.rf.0491b64f44f1ed835c74863524d75ef9.jpg,/home/divya/projects/IndianANPR/data/processed/npds_leakage_safe/labels/train/V_P_I_1187_jpg.rf.0491b64f44f1ed835c74863524d75ef9.txt,0,1
npds_01547_V_P_I_1985_jpg.rf.e064fa367698657c4065c5c624f9d0b4,npds,/home/divya/projects/IndianANPR/data/processed/npds_leakage_safe/images/train/V_P_I_1985_jpg.rf.e064fa367698657c4065c5c624f9d0b4.jpg,/home/divya/projects/IndianANPR/data/processed/npds_leakage_safe/labels/train/V_P_I_1985_jpg.rf.e064fa367698657c4065c5c624f9d0b4.txt,0,1
npds_01548_V_P_I_2206_jpg.rf.2a1bb2ff3387dec9602cecc79c13164b,npds,/home/divya/projects/IndianANPR/data/processed/npds_leakage_safe/images/train/V_P_I_2206_jpg.rf.2a1bb2ff3387dec9602cecc79c13164b.jpg,/home/divya/projects/IndianANPR/data/processed/npds_leakage_safe/labels/train/V_P_I_2206_jpg.rf.2a1bb2ff3387dec9602cecc79c13164b.txt,0,1
npds_01549_V_P_I_2262_jpg.rf.8b32fac51c82a2178552b0a1dfb7d5e0,npds,/home/divya/projects/IndianANPR/data/processed/npds_leakage_safe/images/train/V_P_I_2262_jpg.rf.8b32fac51c82a2178552b0a1dfb7d5e0.jpg,/home/divya/projects/IndianANPR/data/processed/npds_leakage_safe/labels/train/V_P_I_2262_jpg.rf.8b32fac51c82a2178552b0a1dfb7d5e0.txt,0,1
npds_01550_V_P_I_2435_jpg.rf.b7a6ccb8f992e002f4c653b9d492097a,npds,/home/divya/projects/IndianANPR/data/processed/npds_leakage_safe/images/train/V_P_I_2435_jpg.rf.b7a6ccb8f992e002f4c653b9d492097a.jpg,/home/divya/projects/IndianANPR/data/processed/npds_leakage_safe/labels/train/V_P_I_2435_jpg.rf.b7a6ccb8f992e002f4c653b9d492097a.txt,0,1
npds_01551_V_P_I_1486_jpg.rf.3b91b71dcaaadd4d7cfde5c1ed8e79b5,npds,/home/divya/projects/IndianANPR/data/processed/npds_leakage_safe/images/train/V_P_I_1486_jpg.rf.3b91b71dcaaadd4d7cfde5c1ed8e79b5.jpg,/home/divya/projects/IndianANPR/data/processed/npds_leakage_safe/labels/train/V_P_I_1486_jpg.rf.3b91b71dcaaadd4d7cfde5c1ed8e79b5.txt,0,1
npds_01552_V_P_I_179_jpg.rf.dd60562044f5ea1a53a9e98ca2b04f5d,npds,/home/divya/projects/IndianANPR/data/processed/npds_leakage_safe/images/train/V_P_I_179_jpg.rf.dd60562044f5ea1a53a9e98ca2b04f5d.jpg,/home/divya/projects/IndianANPR/data/processed/npds_leakage_safe/labels/train/V_P_I_179_jpg.rf.dd60562044f5ea1a53a9e98ca2b04f5d.txt,0,1
npds_01553_V_P_I_831_jpg.rf.941f6bb8ad3d4ae3cf6365cc5d5695e2,npds,/home/divya/projects/IndianANPR/data/processed/npds_leakage_safe/images/train/V_P_I_831_jpg.rf.941f6bb8ad3d4ae3cf6365cc5d5695e2.jpg,/home/divya/projects/IndianANPR/data/processed/npds_leakage_safe/labels/train/V_P_I_831_jpg.rf.941f6bb8ad3d4ae3cf6365cc5d5695e2.txt,0,1
npds_01554_V_P_I_237_jpg.rf.12ec440e42881bfd03f4205b5f5ffea1,npds,/home/divya/projects/IndianANPR/data/processed/npds_leakage_safe/images/train/V_P_I_237_jpg.rf.12ec440e42881bfd03f4205b5f5ffea1.jpg,/home/divya/projects/IndianANPR/data/processed/npds_leakage_safe/labels/train/V_P_I_237_jpg.rf.12ec440e42881bfd03f4205b5f5ffea1.txt,0,1
npds_01555_V_P_I_786_jpg.rf.5e61b47521e8110388caa6e627a03857,npds,/home/divya/projects/IndianANPR/data/processed/npds_leakage_safe/images/train/V_P_I_786_jpg.rf.5e61b47521e8110388caa6e627a03857.jpg,/home/divya/projects/IndianANPR/data/processed/npds_leakage_safe/labels/train/V_P_I_786_jpg.rf.5e61b47521e8110388caa6e627a03857.txt,0,1
npds_01556_V_P_I_3249_jpg.rf.4809191d1dca4e5dbd7cd840f891ca72,npds,/home/divya/projects/IndianANPR/data/processed/npds_leakage_safe/images/train/V_P_I_3249_jpg.rf.4809191d1dca4e5dbd7cd840f891ca72.jpg,/home/divya/projects/IndianANPR/data/processed/npds_leakage_safe/labels/train/V_P_I_3249_jpg.rf.4809191d1dca4e5dbd7cd840f891ca72.txt,0,1
npds_01557_V_P_I_474_jpg.rf.8d80f6d380d28fc04b84574f0920e319,npds,/home/divya/projects/IndianANPR/data/processed/npds_leakage_safe/images/train/V_P_I_474_jpg.rf.8d80f6d380d28fc04b84574f0920e319.jpg,/home/divya/projects/IndianANPR/data/processed/npds_leakage_safe/labels/train/V_P_I_474_jpg.rf.8d80f6d380d28fc04b84574f0920e319.txt,0,1
npds_01558_V_P_I_1595_jpg.rf.9c2e506fc6eeb8cf2e85e6f772887106,npds,/home/divya/projects/IndianANPR/data/processed/npds_leakage_safe/images/train/V_P_I_1595_jpg.rf.9c2e506fc6eeb8cf2e85e6f772887106.jpg,/home/divya/projects/IndianANPR/data/processed/npds_leakage_safe/labels/train/V_P_I_1595_jpg.rf.9c2e506fc6eeb8cf2e85e6f772887106.txt,0,1
npds_01559_V_P_I_1560_jpg.rf.af2e5e4824f2faf9811d15501242eb34,npds,/home/divya/projects/IndianANPR/data/processed/npds_leakage_safe/images/train/V_P_I_1560_jpg.rf.af2e5e4824f2faf9811d15501242eb34.jpg,/home/divya/projects/IndianANPR/data/processed/npds_leakage_safe/labels/train/V_P_I_1560_jpg.rf.af2e5e4824f2faf9811d15501242eb34.txt,0,1
npds_01560_V_P_I_1576_jpg.rf.04d7f6158c2e6fb8cf69392366d944a7,npds,/home/divya/projects/IndianANPR/data/processed/npds_leakage_safe/images/train/V_P_I_1576_jpg.rf.04d7f6158c2e6fb8cf69392366d944a7.jpg,/home/divya/projects/IndianANPR/data/processed/npds_leakage_safe/labels/train/V_P_I_1576_jpg.rf.04d7f6158c2e6fb8cf69392366d944a7.txt,0,1
npds_01561_V_P_I_1273_jpg.rf.b87f8b4a182af6e4eb064a9d033e56ff,npds,/home/divya/projects/IndianANPR/data/processed/npds_leakage_safe/images/train/V_P_I_1273_jpg.rf.b87f8b4a182af6e4eb064a9d033e56ff.jpg,/home/divya/projects/IndianANPR/data/processed/npds_leakage_safe/labels/train/V_P_I_1273_jpg.rf.b87f8b4a182af6e4eb064a9d033e56ff.txt,0,1
npds_01562_V_P_I_3003_jpg.rf.b734016f413230824fba1ce81bb66f81,npds,/home/divya/projects/IndianANPR/data/processed/npds_leakage_safe/images/train/V_P_I_3003_jpg.rf.b734016f413230824fba1ce81bb66f81.jpg,/home/divya/projects/IndianANPR/data/processed/npds_leakage_safe/labels/train/V_P_I_3003_jpg.rf.b734016f413230824fba1ce81bb66f81.txt,0,1
npds_01563_V_P_I_873_jpg.rf.bc3b8bf5f14adc2742571f1ce73e26c1,npds,/home/divya/projects/IndianANPR/data/processed/npds_leakage_safe/images/train/V_P_I_873_jpg.rf.bc3b8bf5f14adc2742571f1ce73e26c1.jpg,/home/divya/projects/IndianANPR/data/processed/npds_leakage_safe/labels/train/V_P_I_873_jpg.rf.bc3b8bf5f14adc2742571f1ce73e26c1.txt,0,1
npds_01564_V_P_I_3031_jpg.rf.a1b84e6bf04603f2db0e1270fbc7f7e9,npds,/home/divya/projects/IndianANPR/data/processed/npds_leakage_safe/images/train/V_P_I_3031_jpg.rf.a1b84e6bf04603f2db0e1270fbc7f7e9.jpg,/home/divya/projects/IndianANPR/data/processed/npds_leakage_safe/labels/train/V_P_I_3031_jpg.rf.a1b84e6bf04603f2db0e1270fbc7f7e9.txt,0,1
npds_01565_V_P_I_3252_jpg.rf.50352a484f3c4c1e4f0171f08cf54df3,npds,/home/divya/projects/IndianANPR/data/processed/npds_leakage_safe/images/train/V_P_I_3252_jpg.rf.50352a484f3c4c1e4f0171f08cf54df3.jpg,/home/divya/projects/IndianANPR/data/processed/npds_leakage_safe/labels/train/V_P_I_3252_jpg.rf.50352a484f3c4c1e4f0171f08cf54df3.txt,0,1
npds_01566_V_P_I_1788_jpg.rf.f2b42257fccdcb98d50a8c289cda1128,npds,/home/divya/projects/IndianANPR/data/processed/npds_leakage_safe/images/train/V_P_I_1788_jpg.rf.f2b42257fccdcb98d50a8c289cda1128.jpg,/home/divya/projects/IndianANPR/data/processed/npds_leakage_safe/labels/train/V_P_I_1788_jpg.rf.f2b42257fccdcb98d50a8c289cda1128.txt,0,1
npds_01567_V_P_I_2657_jpg.rf.f07056f0d7184bf5669a8c742924825a,npds,/home/divya/projects/IndianANPR/data/processed/npds_leakage_safe/images/train/V_P_I_2657_jpg.rf.f07056f0d7184bf5669a8c742924825a.jpg,/home/divya/projects/IndianANPR/data/processed/npds_leakage_safe/labels/train/V_P_I_2657_jpg.rf.f07056f0d7184bf5669a8c742924825a.txt,0,1
npds_01568_V_P_I_2923_jpg.rf.0eae1b231e5906752751667157f08860,npds,/home/divya/projects/IndianANPR/data/processed/npds_leakage_safe/images/train/V_P_I_2923_jpg.rf.0eae1b231e5906752751667157f08860.jpg,/home/divya/projects/IndianANPR/data/processed/npds_leakage_safe/labels/train/V_P_I_2923_jpg.rf.0eae1b231e5906752751667157f08860.txt,0,1
npds_01569_V_P_I_1477_jpg.rf.47cdbdca5c137f3ff76c65016f437a43,npds,/home/divya/projects/IndianANPR/data/processed/npds_leakage_safe/images/train/V_P_I_1477_jpg.rf.47cdbdca5c137f3ff76c65016f437a43.jpg,/home/divya/projects/IndianANPR/data/processed/npds_leakage_safe/labels/train/V_P_I_1477_jpg.rf.47cdbdca5c137f3ff76c65016f437a43.txt,0,1
npds_01570_V_P_I_1763_jpg.rf.d871186cd6d8f5890163c29c9b701db9,npds,/home/divya/projects/IndianANPR/data/processed/npds_leakage_safe/images/train/V_P_I_1763_jpg.rf.d871186cd6d8f5890163c29c9b701db9.jpg,/home/divya/projects/IndianANPR/data/processed/npds_leakage_safe/labels/train/V_P_I_1763_jpg.rf.d871186cd6d8f5890163c29c9b701db9.txt,0,1
npds_01571_V_P_I_2532_jpg.rf.12e1308f4769e6d6f5551d16b7f6ddf9,npds,/home/divya/projects/IndianANPR/data/processed/npds_leakage_safe/images/train/V_P_I_2532_jpg.rf.12e1308f4769e6d6f5551d16b7f6ddf9.jpg,/home/divya/projects/IndianANPR/data/processed/npds_leakage_safe/labels/train/V_P_I_2532_jpg.rf.12e1308f4769e6d6f5551d16b7f6ddf9.txt,0,1
npds_01572_V_P_I_3092_jpg.rf.803977a91b938255de5061a2314a4b23,npds,/home/divya/projects/IndianANPR/data/processed/npds_leakage_safe/images/train/V_P_I_3092_jpg.rf.803977a91b938255de5061a2314a4b23.jpg,/home/divya/projects/IndianANPR/data/processed/npds_leakage_safe/labels/train/V_P_I_3092_jpg.rf.803977a91b938255de5061a2314a4b23.txt,0,1
npds_01573_V_P_I_1836_jpg.rf.552a199c5c497e1faac9488d9c11e6d3,npds,/home/divya/projects/IndianANPR/data/processed/npds_leakage_safe/images/train/V_P_I_1836_jpg.rf.552a199c5c497e1faac9488d9c11e6d3.jpg,/home/divya/projects/IndianANPR/data/processed/npds_leakage_safe/labels/train/V_P_I_1836_jpg.rf.552a199c5c497e1faac9488d9c11e6d3.txt,0,1
npds_01574_V_P_I_2528_jpg.rf.942ef11ad9b3427126631be47971fd7d,npds,/home/divya/projects/IndianANPR/data/processed/npds_leakage_safe/images/train/V_P_I_2528_jpg.rf.942ef11ad9b3427126631be47971fd7d.jpg,/home/divya/projects/IndianANPR/data/processed/npds_leakage_safe/labels/train/V_P_I_2528_jpg.rf.942ef11ad9b3427126631be47971fd7d.txt,0,1
npds_01575_V_P_I_1840_jpg.rf.d71c2d00b2b5142e7e4b6838e7712c4e,npds,/home/divya/projects/IndianANPR/data/processed/npds_leakage_safe/images/train/V_P_I_1840_jpg.rf.d71c2d00b2b5142e7e4b6838e7712c4e.jpg,/home/divya/projects/IndianANPR/data/processed/npds_leakage_safe/labels/train/V_P_I_1840_jpg.rf.d71c2d00b2b5142e7e4b6838e7712c4e.txt,0,1
npds_01576_V_P_I_318_jpg.rf.1ee6377b79c7e4a4202dba670a21d805,npds,/home/divya/projects/IndianANPR/data/processed/npds_leakage_safe/images/train/V_P_I_318_jpg.rf.1ee6377b79c7e4a4202dba670a21d805.jpg,/home/divya/projects/IndianANPR/data/processed/npds_leakage_safe/labels/train/V_P_I_318_jpg.rf.1ee6377b79c7e4a4202dba670a21d805.txt,0,1
npds_01577_V_P_I_1038_jpg.rf.c4f96caf964dc5605c9d638d6b4851a5,npds,/home/divya/projects/IndianANPR/data/processed/npds_leakage_safe/images/train/V_P_I_1038_jpg.rf.c4f96caf964dc5605c9d638d6b4851a5.jpg,/home/divya/projects/IndianANPR/data/processed/npds_leakage_safe/labels/train/V_P_I_1038_jpg.rf.c4f96caf964dc5605c9d638d6b4851a5.txt,0,1
npds_01578_V_P_I_515_jpg.rf.ecd30d4e5b3ccf3150fc3a509879ed5a,npds,/home/divya/projects/IndianANPR/data/processed/npds_leakage_safe/images/train/V_P_I_515_jpg.rf.ecd30d4e5b3ccf3150fc3a509879ed5a.jpg,/home/divya/projects/IndianANPR/data/processed/npds_leakage_safe/labels/train/V_P_I_515_jpg.rf.ecd30d4e5b3ccf3150fc3a509879ed5a.txt,0,1
npds_01579_V_P_I_2552_jpg.rf.74555cd5f8e6cb39e8ce7d8b0c499928,npds,/home/divya/projects/IndianANPR/data/processed/npds_leakage_safe/images/train/V_P_I_2552_jpg.rf.74555cd5f8e6cb39e8ce7d8b0c499928.jpg,/home/divya/projects/IndianANPR/data/processed/npds_leakage_safe/labels/train/V_P_I_2552_jpg.rf.74555cd5f8e6cb39e8ce7d8b0c499928.txt,0,1
npds_01580_V_P_I_1967_jpg.rf.1552fdc05feddc500c10b0870c84441e,npds,/home/divya/projects/IndianANPR/data/processed/npds_leakage_safe/images/train/V_P_I_1967_jpg.rf.1552fdc05feddc500c10b0870c84441e.jpg,/home/divya/projects/IndianANPR/data/processed/npds_leakage_safe/labels/train/V_P_I_1967_jpg.rf.1552fdc05feddc500c10b0870c84441e.txt,0,1
npds_01581_V_P_I_3224_jpg.rf.969e1949a06719d5dbcebd498f8527bb,npds,/home/divya/projects/IndianANPR/data/processed/npds_leakage_safe/images/train/V_P_I_3224_jpg.rf.969e1949a06719d5dbcebd498f8527bb.jpg,/home/divya/projects/IndianANPR/data/processed/npds_leakage_safe/labels/train/V_P_I_3224_jpg.rf.969e1949a06719d5dbcebd498f8527bb.txt,0,1
npds_01582_V_P_I_2812_jpg.rf.dffc41f40367c914c9f30157ca623449,npds,/home/divya/projects/IndianANPR/data/processed/npds_leakage_safe/images/train/V_P_I_2812_jpg.rf.dffc41f40367c914c9f30157ca623449.jpg,/home/divya/projects/IndianANPR/data/processed/npds_leakage_safe/labels/train/V_P_I_2812_jpg.rf.dffc41f40367c914c9f30157ca623449.txt,0,1
npds_01583_V_P_I_1521_jpg.rf.736fe58b3b67164abbb849d7ced87c90,npds,/home/divya/projects/IndianANPR/data/processed/npds_leakage_safe/images/train/V_P_I_1521_jpg.rf.736fe58b3b67164abbb849d7ced87c90.jpg,/home/divya/projects/IndianANPR/data/processed/npds_leakage_safe/labels/train/V_P_I_1521_jpg.rf.736fe58b3b67164abbb849d7ced87c90.txt,0,2
npds_01584_V_P_I_1250_jpg.rf.bcf42a1850d7c2a392443fa2cf510d97,npds,/home/divya/projects/IndianANPR/data/processed/npds_leakage_safe/images/train/V_P_I_1250_jpg.rf.bcf42a1850d7c2a392443fa2cf510d97.jpg,/home/divya/projects/IndianANPR/data/processed/npds_leakage_safe/labels/train/V_P_I_1250_jpg.rf.bcf42a1850d7c2a392443fa2cf510d97.txt,0,1
npds_01585_V_P_I_2471_jpg.rf.286caccdc4df5218667ec02dac13d2c4,npds,/home/divya/projects/IndianANPR/data/processed/npds_leakage_safe/images/train/V_P_I_2471_jpg.rf.286caccdc4df5218667ec02dac13d2c4.jpg,/home/divya/projects/IndianANPR/data/processed/npds_leakage_safe/labels/train/V_P_I_2471_jpg.rf.286caccdc4df5218667ec02dac13d2c4.txt,0,1
npds_01586_V_P_I_2165_jpg.rf.6429e895f1ebabc8315d357d058e9e73,npds,/home/divya/projects/IndianANPR/data/processed/npds_leakage_safe/images/train/V_P_I_2165_jpg.rf.6429e895f1ebabc8315d357d058e9e73.jpg,/home/divya/projects/IndianANPR/data/processed/npds_leakage_safe/labels/train/V_P_I_2165_jpg.rf.6429e895f1ebabc8315d357d058e9e73.txt,0,1
npds_01587_V_P_I_2938_jpg.rf.054654a8633c61c5027626def2eb83d8,npds,/home/divya/projects/IndianANPR/data/processed/npds_leakage_safe/images/train/V_P_I_2938_jpg.rf.054654a8633c61c5027626def2eb83d8.jpg,/home/divya/projects/IndianANPR/data/processed/npds_leakage_safe/labels/train/V_P_I_2938_jpg.rf.054654a8633c61c5027626def2eb83d8.txt,0,1
npds_01588_V_P_I_2003_jpg.rf.38d98e833a146aa9ee5b3d84f304f1cc,npds,/home/divya/projects/IndianANPR/data/processed/npds_leakage_safe/images/train/V_P_I_2003_jpg.rf.38d98e833a146aa9ee5b3d84f304f1cc.jpg,/home/divya/projects/IndianANPR/data/processed/npds_leakage_safe/labels/train/V_P_I_2003_jpg.rf.38d98e833a146aa9ee5b3d84f304f1cc.txt,0,1
npds_01589_V_P_I_956_jpg.rf.c29c330f4b2d4b8dd61df49a739d3108,npds,/home/divya/projects/IndianANPR/data/processed/npds_leakage_safe/images/train/V_P_I_956_jpg.rf.c29c330f4b2d4b8dd61df49a739d3108.jpg,/home/divya/projects/IndianANPR/data/processed/npds_leakage_safe/labels/train/V_P_I_956_jpg.rf.c29c330f4b2d4b8dd61df49a739d3108.txt,0,1
npds_01590_V_P_I_2418_jpg.rf.e2d7530839049ea2e23cbdfc6b8217d4,npds,/home/divya/projects/IndianANPR/data/processed/npds_leakage_safe/images/train/V_P_I_2418_jpg.rf.e2d7530839049ea2e23cbdfc6b8217d4.jpg,/home/divya/projects/IndianANPR/data/processed/npds_leakage_safe/labels/train/V_P_I_2418_jpg.rf.e2d7530839049ea2e23cbdfc6b8217d4.txt,0,1
npds_01591_V_P_I_3277_jpg.rf.4d544d119f1fb6d431bafb25ca947857,npds,/home/divya/projects/IndianANPR/data/processed/npds_leakage_safe/images/train/V_P_I_3277_jpg.rf.4d544d119f1fb6d431bafb25ca947857.jpg,/home/divya/projects/IndianANPR/data/processed/npds_leakage_safe/labels/train/V_P_I_3277_jpg.rf.4d544d119f1fb6d431bafb25ca947857.txt,0,1
npds_01592_V_P_I_1819_jpg.rf.6d6bcac4a3644add15f778d7a2194fdf,npds,/home/divya/projects/IndianANPR/data/processed/npds_leakage_safe/images/train/V_P_I_1819_jpg.rf.6d6bcac4a3644add15f778d7a2194fdf.jpg,/home/divya/projects/IndianANPR/data/processed/npds_leakage_safe/labels/train/V_P_I_1819_jpg.rf.6d6bcac4a3644add15f778d7a2194fdf.txt,0,1
npds_01593_V_P_I_251_jpg.rf.39fe83dfbc8335ce9bc5dcbf7ce5b7fb,npds,/home/divya/projects/IndianANPR/data/processed/npds_leakage_safe/images/train/V_P_I_251_jpg.rf.39fe83dfbc8335ce9bc5dcbf7ce5b7fb.jpg,/home/divya/projects/IndianANPR/data/processed/npds_leakage_safe/labels/train/V_P_I_251_jpg.rf.39fe83dfbc8335ce9bc5dcbf7ce5b7fb.txt,0,1
npds_01594_V_P_I_2023_jpg.rf.28157a86cfa5bb2d051856ff7ff52ffe,npds,/home/divya/projects/IndianANPR/data/processed/npds_leakage_safe/images/train/V_P_I_2023_jpg.rf.28157a86cfa5bb2d051856ff7ff52ffe.jpg,/home/divya/projects/IndianANPR/data/processed/npds_leakage_safe/labels/train/V_P_I_2023_jpg.rf.28157a86cfa5bb2d051856ff7ff52ffe.txt,0,1
npds_01595_V_P_I_1657_jpg.rf.6ea53f92aa168cb9fb0b3d4d231c8564,npds,/home/divya/projects/IndianANPR/data/processed/npds_leakage_safe/images/train/V_P_I_1657_jpg.rf.6ea53f92aa168cb9fb0b3d4d231c8564.jpg,/home/divya/projects/IndianANPR/data/processed/npds_leakage_safe/labels/train/V_P_I_1657_jpg.rf.6ea53f92aa168cb9fb0b3d4d231c8564.txt,0,1
npds_01596_V_P_I_2299_jpg.rf.8b3d06e5e4fe212b104cdffae6bb2ca6,npds,/home/divya/projects/IndianANPR/data/processed/npds_leakage_safe/images/train/V_P_I_2299_jpg.rf.8b3d06e5e4fe212b104cdffae6bb2ca6.jpg,/home/divya/projects/IndianANPR/data/processed/npds_leakage_safe/labels/train/V_P_I_2299_jpg.rf.8b3d06e5e4fe212b104cdffae6bb2ca6.txt,0,1
npds_01597_V_P_I_2603_jpg.rf.4fe9e5568bbbf2ec5b7c462960fa16ec,npds,/home/divya/projects/IndianANPR/data/processed/npds_leakage_safe/images/train/V_P_I_2603_jpg.rf.4fe9e5568bbbf2ec5b7c462960fa16ec.jpg,/home/divya/projects/IndianANPR/data/processed/npds_leakage_safe/labels/train/V_P_I_2603_jpg.rf.4fe9e5568bbbf2ec5b7c462960fa16ec.txt,0,1
npds_01598_V_P_I_1362_jpg.rf.3d828730e9d4410f5b5107a317f2d28a,npds,/home/divya/projects/IndianANPR/data/processed/npds_leakage_safe/images/train/V_P_I_1362_jpg.rf.3d828730e9d4410f5b5107a317f2d28a.jpg,/home/divya/projects/IndianANPR/data/processed/npds_leakage_safe/labels/train/V_P_I_1362_jpg.rf.3d828730e9d4410f5b5107a317f2d28a.txt,0,1
npds_01599_V_P_I_1777_jpg.rf.ec7e3549f4ffac7da689a6321bb5e4aa,npds,/home/divya/projects/IndianANPR/data/processed/npds_leakage_safe/images/train/V_P_I_1777_jpg.rf.ec7e3549f4ffac7da689a6321bb5e4aa.jpg,/home/divya/projects/IndianANPR/data/processed/npds_leakage_safe/labels/train/V_P_I_1777_jpg.rf.ec7e3549f4ffac7da689a6321bb5e4aa.txt,0,1
npds_01600_V_P_I_2288_jpg.rf.acbcd22895d3065bea70b989e280cfb1,npds,/home/divya/projects/IndianANPR/data/processed/npds_leakage_safe/images/train/V_P_I_2288_jpg.rf.acbcd22895d3065bea70b989e280cfb1.jpg,/home/divya/projects/IndianANPR/data/processed/npds_leakage_safe/labels/train/V_P_I_2288_jpg.rf.acbcd22895d3065bea70b989e280cfb1.txt,0,1
npds_01601_V_P_I_2892_jpg.rf.4ef6b4bd05829ef3f56000ee2738ae89,npds,/home/divya/projects/IndianANPR/data/processed/npds_leakage_safe/images/train/V_P_I_2892_jpg.rf.4ef6b4bd05829ef3f56000ee2738ae89.jpg,/home/divya/projects/IndianANPR/data/processed/npds_leakage_safe/labels/train/V_P_I_2892_jpg.rf.4ef6b4bd05829ef3f56000ee2738ae89.txt,0,1
npds_01602_V_P_I_990_jpg.rf.05140d6897de23356c7982d102aa16c7,npds,/home/divya/projects/IndianANPR/data/processed/npds_leakage_safe/images/train/V_P_I_990_jpg.rf.05140d6897de23356c7982d102aa16c7.jpg,/home/divya/projects/IndianANPR/data/processed/npds_leakage_safe/labels/train/V_P_I_990_jpg.rf.05140d6897de23356c7982d102aa16c7.txt,0,1
npds_01603_V_P_I_289_jpg.rf.5fe1d6c3f98e65b712ec930236c2d097,npds,/home/divya/projects/IndianANPR/data/processed/npds_leakage_safe/images/train/V_P_I_289_jpg.rf.5fe1d6c3f98e65b712ec930236c2d097.jpg,/home/divya/projects/IndianANPR/data/processed/npds_leakage_safe/labels/train/V_P_I_289_jpg.rf.5fe1d6c3f98e65b712ec930236c2d097.txt,0,1
npds_01604_V_P_I_1992_jpg.rf.7806d9f3f70d246a0701d4559d6d8904,npds,/home/divya/projects/IndianANPR/data/processed/npds_leakage_safe/images/train/V_P_I_1992_jpg.rf.7806d9f3f70d246a0701d4559d6d8904.jpg,/home/divya/projects/IndianANPR/data/processed/npds_leakage_safe/labels/train/V_P_I_1992_jpg.rf.7806d9f3f70d246a0701d4559d6d8904.txt,0,1
npds_01605_V_P_I_3319_jpg.rf.592487446feec0824d97c847e7f4cca6,npds,/home/divya/projects/IndianANPR/data/processed/npds_leakage_safe/images/train/V_P_I_3319_jpg.rf.592487446feec0824d97c847e7f4cca6.jpg,/home/divya/projects/IndianANPR/data/processed/npds_leakage_safe/labels/train/V_P_I_3319_jpg.rf.592487446feec0824d97c847e7f4cca6.txt,0,2
npds_01606_V_P_I_198_jpg.rf.d12c1c05ce6eacbf84a72d738a5abfe4,npds,/home/divya/projects/IndianANPR/data/processed/npds_leakage_safe/images/train/V_P_I_198_jpg.rf.d12c1c05ce6eacbf84a72d738a5abfe4.jpg,/home/divya/projects/IndianANPR/data/processed/npds_leakage_safe/labels/train/V_P_I_198_jpg.rf.d12c1c05ce6eacbf84a72d738a5abfe4.txt,0,1
npds_01607_V_P_I_1072_jpg.rf.9c799d9425a4739e395bfb264747bd4e,npds,/home/divya/projects/IndianANPR/data/processed/npds_leakage_safe/images/train/V_P_I_1072_jpg.rf.9c799d9425a4739e395bfb264747bd4e.jpg,/home/divya/projects/IndianANPR/data/processed/npds_leakage_safe/labels/train/V_P_I_1072_jpg.rf.9c799d9425a4739e395bfb264747bd4e.txt,0,1
npds_01608_V_P_I_604_jpg.rf.cae4ef8c5ccf35ed622016bb37a7b667,npds,/home/divya/projects/IndianANPR/data/processed/npds_leakage_safe/images/train/V_P_I_604_jpg.rf.cae4ef8c5ccf35ed622016bb37a7b667.jpg,/home/divya/projects/IndianANPR/data/processed/npds_leakage_safe/labels/train/V_P_I_604_jpg.rf.cae4ef8c5ccf35ed622016bb37a7b667.txt,0,3
npds_01609_V_P_I_3163_jpg.rf.494a9154ca3a032e92a8097d40586ebe,npds,/home/divya/projects/IndianANPR/data/processed/npds_leakage_safe/images/train/V_P_I_3163_jpg.rf.494a9154ca3a032e92a8097d40586ebe.jpg,/home/divya/projects/IndianANPR/data/processed/npds_leakage_safe/labels/train/V_P_I_3163_jpg.rf.494a9154ca3a032e92a8097d40586ebe.txt,0,1
npds_01610_V_P_I_903_jpg.rf.1c7695a4bc93b355d73895107ac4aec9,npds,/home/divya/projects/IndianANPR/data/processed/npds_leakage_safe/images/train/V_P_I_903_jpg.rf.1c7695a4bc93b355d73895107ac4aec9.jpg,/home/divya/projects/IndianANPR/data/processed/npds_leakage_safe/labels/train/V_P_I_903_jpg.rf.1c7695a4bc93b355d73895107ac4aec9.txt,0,1
npds_01611_V_P_I_1913_jpg.rf.7e5078089fb7be99278836bfade0eca1,npds,/home/divya/projects/IndianANPR/data/processed/npds_leakage_safe/images/train/V_P_I_1913_jpg.rf.7e5078089fb7be99278836bfade0eca1.jpg,/home/divya/projects/IndianANPR/data/processed/npds_leakage_safe/labels/train/V_P_I_1913_jpg.rf.7e5078089fb7be99278836bfade0eca1.txt,0,1
npds_01612_V_P_I_1031_jpg.rf.c8e86a82ba4616721b9267f56194bb64,npds,/home/divya/projects/IndianANPR/data/processed/npds_leakage_safe/images/train/V_P_I_1031_jpg.rf.c8e86a82ba4616721b9267f56194bb64.jpg,/home/divya/projects/IndianANPR/data/processed/npds_leakage_safe/labels/train/V_P_I_1031_jpg.rf.c8e86a82ba4616721b9267f56194bb64.txt,0,1
npds_01613_V_P_I_659_jpg.rf.674e976a3e75e5cea6b8239d6424766e,npds,/home/divya/projects/IndianANPR/data/processed/npds_leakage_safe/images/train/V_P_I_659_jpg.rf.674e976a3e75e5cea6b8239d6424766e.jpg,/home/divya/projects/IndianANPR/data/processed/npds_leakage_safe/labels/train/V_P_I_659_jpg.rf.674e976a3e75e5cea6b8239d6424766e.txt,0,1
npds_01614_V_P_I_3261_jpg.rf.fd260ec2eed6c961e259f142fee4c715,npds,/home/divya/projects/IndianANPR/data/processed/npds_leakage_safe/images/train/V_P_I_3261_jpg.rf.fd260ec2eed6c961e259f142fee4c715.jpg,/home/divya/projects/IndianANPR/data/processed/npds_leakage_safe/labels/train/V_P_I_3261_jpg.rf.fd260ec2eed6c961e259f142fee4c715.txt,0,1
npds_01615_V_P_I_423_jpg.rf.d9fb38f0ac004f6c7ceb1f2fe1558c13,npds,/home/divya/projects/IndianANPR/data/processed/npds_leakage_safe/images/train/V_P_I_423_jpg.rf.d9fb38f0ac004f6c7ceb1f2fe1558c13.jpg,/home/divya/projects/IndianANPR/data/processed/npds_leakage_safe/labels/train/V_P_I_423_jpg.rf.d9fb38f0ac004f6c7ceb1f2fe1558c13.txt,0,1
npds_01616_V_P_I_3484_jpg.rf.b48316177ab3d62b6f6e47ef5d507344,npds,/home/divya/projects/IndianANPR/data/processed/npds_leakage_safe/images/train/V_P_I_3484_jpg.rf.b48316177ab3d62b6f6e47ef5d507344.jpg,/home/divya/projects/IndianANPR/data/processed/npds_leakage_safe/labels/train/V_P_I_3484_jpg.rf.b48316177ab3d62b6f6e47ef5d507344.txt,0,1
npds_01617_V_P_I_1160_jpg.rf.4087159c14ccdce01a775f8a2c84be31,npds,/home/divya/projects/IndianANPR/data/processed/npds_leakage_safe/images/train/V_P_I_1160_jpg.rf.4087159c14ccdce01a775f8a2c84be31.jpg,/home/divya/projects/IndianANPR/data/processed/npds_leakage_safe/labels/train/V_P_I_1160_jpg.rf.4087159c14ccdce01a775f8a2c84be31.txt,0,1
npds_01618_V_P_I_2999_jpg.rf.2b3ac58a90f05d784d105021dae87f2d,npds,/home/divya/projects/IndianANPR/data/processed/npds_leakage_safe/images/train/V_P_I_2999_jpg.rf.2b3ac58a90f05d784d105021dae87f2d.jpg,/home/divya/projects/IndianANPR/data/processed/npds_leakage_safe/labels/train/V_P_I_2999_jpg.rf.2b3ac58a90f05d784d105021dae87f2d.txt,0,1
npds_01619_V_P_I_3485_jpg.rf.ccf948873aca09d24cb3ef3d77b57518,npds,/home/divya/projects/IndianANPR/data/processed/npds_leakage_safe/images/train/V_P_I_3485_jpg.rf.ccf948873aca09d24cb3ef3d77b57518.jpg,/home/divya/projects/IndianANPR/data/processed/npds_leakage_safe/labels/train/V_P_I_3485_jpg.rf.ccf948873aca09d24cb3ef3d77b57518.txt,0,1
npds_01620_V_P_I_2653_jpg.rf.065cff4f399851504fb27babb3ecce91,npds,/home/divya/projects/IndianANPR/data/processed/npds_leakage_safe/images/train/V_P_I_2653_jpg.rf.065cff4f399851504fb27babb3ecce91.jpg,/home/divya/projects/IndianANPR/data/processed/npds_leakage_safe/labels/train/V_P_I_2653_jpg.rf.065cff4f399851504fb27babb3ecce91.txt,0,1
npds_01621_V_P_I_612_jpg.rf.a5a035aadca723e37c12aa3c68f258ce,npds,/home/divya/projects/IndianANPR/data/processed/npds_leakage_safe/images/train/V_P_I_612_jpg.rf.a5a035aadca723e37c12aa3c68f258ce.jpg,/home/divya/projects/IndianANPR/data/processed/npds_leakage_safe/labels/train/V_P_I_612_jpg.rf.a5a035aadca723e37c12aa3c68f258ce.txt,0,1
npds_01622_V_P_I_1964_jpg.rf.cf3d6f7335e75a680b80193c8a829fc1,npds,/home/divya/projects/IndianANPR/data/processed/npds_leakage_safe/images/train/V_P_I_1964_jpg.rf.cf3d6f7335e75a680b80193c8a829fc1.jpg,/home/divya/projects/IndianANPR/data/processed/npds_leakage_safe/labels/train/V_P_I_1964_jpg.rf.cf3d6f7335e75a680b80193c8a829fc1.txt,0,1
npds_01623_V_P_I_414_jpg.rf.16cec13e7e759192883ef4f619267fb9,npds,/home/divya/projects/IndianANPR/data/processed/npds_leakage_safe/images/train/V_P_I_414_jpg.rf.16cec13e7e759192883ef4f619267fb9.jpg,/home/divya/projects/IndianANPR/data/processed/npds_leakage_safe/labels/train/V_P_I_414_jpg.rf.16cec13e7e759192883ef4f619267fb9.txt,0,1
npds_01624_V_P_I_498_jpg.rf.179d672a088aecdb4407d81f5415d9ed,npds,/home/divya/projects/IndianANPR/data/processed/npds_leakage_safe/images/train/V_P_I_498_jpg.rf.179d672a088aecdb4407d81f5415d9ed.jpg,/home/divya/projects/IndianANPR/data/processed/npds_leakage_safe/labels/train/V_P_I_498_jpg.rf.179d672a088aecdb4407d81f5415d9ed.txt,0,1
npds_01625_V_P_I_937_jpg.rf.3698f8ffb9bff2d48542d674d7bcd465,npds,/home/divya/projects/IndianANPR/data/processed/npds_leakage_safe/images/train/V_P_I_937_jpg.rf.3698f8ffb9bff2d48542d674d7bcd465.jpg,/home/divya/projects/IndianANPR/data/processed/npds_leakage_safe/labels/train/V_P_I_937_jpg.rf.3698f8ffb9bff2d48542d674d7bcd465.txt,0,1
npds_01626_V_P_I_299_jpg.rf.7324ab1c0da4085c615902356d2e8646,npds,/home/divya/projects/IndianANPR/data/processed/npds_leakage_safe/images/train/V_P_I_299_jpg.rf.7324ab1c0da4085c615902356d2e8646.jpg,/home/divya/projects/IndianANPR/data/processed/npds_leakage_safe/labels/train/V_P_I_299_jpg.rf.7324ab1c0da4085c615902356d2e8646.txt,0,1
npds_01627_V_P_I_504_jpg.rf.70227b38f5c4c17cc91376352c94ea37,npds,/home/divya/projects/IndianANPR/data/processed/npds_leakage_safe/images/train/V_P_I_504_jpg.rf.70227b38f5c4c17cc91376352c94ea37.jpg,/home/divya/projects/IndianANPR/data/processed/npds_leakage_safe/labels/train/V_P_I_504_jpg.rf.70227b38f5c4c17cc91376352c94ea37.txt,0,1
npds_01628_V_P_I_2182_jpg.rf.07257182c9b76f91ec23a17d0f9249be,npds,/home/divya/projects/IndianANPR/data/processed/npds_leakage_safe/images/train/V_P_I_2182_jpg.rf.07257182c9b76f91ec23a17d0f9249be.jpg,/home/divya/projects/IndianANPR/data/processed/npds_leakage_safe/labels/train/V_P_I_2182_jpg.rf.07257182c9b76f91ec23a17d0f9249be.txt,0,1
npds_01629_V_P_I_1717_jpg.rf.08e34bb433526231c00c089dbdbe7c3d,npds,/home/divya/projects/IndianANPR/data/processed/npds_leakage_safe/images/train/V_P_I_1717_jpg.rf.08e34bb433526231c00c089dbdbe7c3d.jpg,/home/divya/projects/IndianANPR/data/processed/npds_leakage_safe/labels/train/V_P_I_1717_jpg.rf.08e34bb433526231c00c089dbdbe7c3d.txt,0,1
npds_01630_V_P_I_308_jpg.rf.2e668c8e25c1958434e27317e6beaa67,npds,/home/divya/projects/IndianANPR/data/processed/npds_leakage_safe/images/train/V_P_I_308_jpg.rf.2e668c8e25c1958434e27317e6beaa67.jpg,/home/divya/projects/IndianANPR/data/processed/npds_leakage_safe/labels/train/V_P_I_308_jpg.rf.2e668c8e25c1958434e27317e6beaa67.txt,0,1
npds_01631_V_P_I_1631_jpg.rf.c64f7d28c0f22ff194c3c27b53b86b3d,npds,/home/divya/projects/IndianANPR/data/processed/npds_leakage_safe/images/train/V_P_I_1631_jpg.rf.c64f7d28c0f22ff194c3c27b53b86b3d.jpg,/home/divya/projects/IndianANPR/data/processed/npds_leakage_safe/labels/train/V_P_I_1631_jpg.rf.c64f7d28c0f22ff194c3c27b53b86b3d.txt,0,1
npds_01632_V_P_I_303_jpg.rf.52f0ee1fa641d7bf84de11dd29e80b42,npds,/home/divya/projects/IndianANPR/data/processed/npds_leakage_safe/images/train/V_P_I_303_jpg.rf.52f0ee1fa641d7bf84de11dd29e80b42.jpg,/home/divya/projects/IndianANPR/data/processed/npds_leakage_safe/labels/train/V_P_I_303_jpg.rf.52f0ee1fa641d7bf84de11dd29e80b42.txt,0,1
npds_01633_V_P_I_181_jpg.rf.d1da3b687e7f1c716fae1adccd193df0,npds,/home/divya/projects/IndianANPR/data/processed/npds_leakage_safe/images/train/V_P_I_181_jpg.rf.d1da3b687e7f1c716fae1adccd193df0.jpg,/home/divya/projects/IndianANPR/data/processed/npds_leakage_safe/labels/train/V_P_I_181_jpg.rf.d1da3b687e7f1c716fae1adccd193df0.txt,0,1
npds_01634_V_P_I_3225_jpg.rf.583b91ebf92a36e34c7acf5a26f36ec1,npds,/home/divya/projects/IndianANPR/data/processed/npds_leakage_safe/images/train/V_P_I_3225_jpg.rf.583b91ebf92a36e34c7acf5a26f36ec1.jpg,/home/divya/projects/IndianANPR/data/processed/npds_leakage_safe/labels/train/V_P_I_3225_jpg.rf.583b91ebf92a36e34c7acf5a26f36ec1.txt,0,1
npds_01635_V_P_I_3523_jpg.rf.57230d33862daad62099ce0a954884c6,npds,/home/divya/projects/IndianANPR/data/processed/npds_leakage_safe/images/train/V_P_I_3523_jpg.rf.57230d33862daad62099ce0a954884c6.jpg,/home/divya/projects/IndianANPR/data/processed/npds_leakage_safe/labels/train/V_P_I_3523_jpg.rf.57230d33862daad62099ce0a954884c6.txt,0,1
npds_01636_V_P_I_3391_jpg.rf.5f4726caf57c42bd09e2fb30bcffa6d1,npds,/home/divya/projects/IndianANPR/data/processed/npds_leakage_safe/images/train/V_P_I_3391_jpg.rf.5f4726caf57c42bd09e2fb30bcffa6d1.jpg,/home/divya/projects/IndianANPR/data/processed/npds_leakage_safe/labels/train/V_P_I_3391_jpg.rf.5f4726caf57c42bd09e2fb30bcffa6d1.txt,0,1
npds_01637_V_P_I_383_jpg.rf.9896696c95c4bf782689385dc0bd49d4,npds,/home/divya/projects/IndianANPR/data/processed/npds_leakage_safe/images/train/V_P_I_383_jpg.rf.9896696c95c4bf782689385dc0bd49d4.jpg,/home/divya/projects/IndianANPR/data/processed/npds_leakage_safe/labels/train/V_P_I_383_jpg.rf.9896696c95c4bf782689385dc0bd49d4.txt,0,1
npds_01638_V_P_I_3165_jpg.rf.95025ba7d7713a882122d508326df536,npds,/home/divya/projects/IndianANPR/data/processed/npds_leakage_safe/images/train/V_P_I_3165_jpg.rf.95025ba7d7713a882122d508326df536.jpg,/home/divya/projects/IndianANPR/data/processed/npds_leakage_safe/labels/train/V_P_I_3165_jpg.rf.95025ba7d7713a882122d508326df536.txt,0,1
npds_01639_V_P_I_3243_jpg.rf.bd3a089df7185660d901cdcc5c21c75b,npds,/home/divya/projects/IndianANPR/data/processed/npds_leakage_safe/images/train/V_P_I_3243_jpg.rf.bd3a089df7185660d901cdcc5c21c75b.jpg,/home/divya/projects/IndianANPR/data/processed/npds_leakage_safe/labels/train/V_P_I_3243_jpg.rf.bd3a089df7185660d901cdcc5c21c75b.txt,0,1
npds_01640_V_P_I_628_jpg.rf.1a7e1c3f15085a82777c16f1e547e4cf,npds,/home/divya/projects/IndianANPR/data/processed/npds_leakage_safe/images/train/V_P_I_628_jpg.rf.1a7e1c3f15085a82777c16f1e547e4cf.jpg,/home/divya/projects/IndianANPR/data/processed/npds_leakage_safe/labels/train/V_P_I_628_jpg.rf.1a7e1c3f15085a82777c16f1e547e4cf.txt,0,1
npds_01641_V_P_I_1459_jpg.rf.a66fef9575fdb2c6302a3f486b93a226,npds,/home/divya/projects/IndianANPR/data/processed/npds_leakage_safe/images/train/V_P_I_1459_jpg.rf.a66fef9575fdb2c6302a3f486b93a226.jpg,/home/divya/projects/IndianANPR/data/processed/npds_leakage_safe/labels/train/V_P_I_1459_jpg.rf.a66fef9575fdb2c6302a3f486b93a226.txt,0,1
npds_01642_V_P_I_3061_jpg.rf.eaa605ac78dd9fcf342cd860381e50af,npds,/home/divya/projects/IndianANPR/data/processed/npds_leakage_safe/images/train/V_P_I_3061_jpg.rf.eaa605ac78dd9fcf342cd860381e50af.jpg,/home/divya/projects/IndianANPR/data/processed/npds_leakage_safe/labels/train/V_P_I_3061_jpg.rf.eaa605ac78dd9fcf342cd860381e50af.txt,0,1
npds_01643_V_P_I_1328_jpg.rf.b411352a3939aa75b995af81c3bbaa6c,npds,/home/divya/projects/IndianANPR/data/processed/npds_leakage_safe/images/train/V_P_I_1328_jpg.rf.b411352a3939aa75b995af81c3bbaa6c.jpg,/home/divya/projects/IndianANPR/data/processed/npds_leakage_safe/labels/train/V_P_I_1328_jpg.rf.b411352a3939aa75b995af81c3bbaa6c.txt,0,1
npds_01644_V_P_I_965_jpg.rf.ec9414ae404f8f5f2d3ca86139579c42,npds,/home/divya/projects/IndianANPR/data/processed/npds_leakage_safe/images/train/V_P_I_965_jpg.rf.ec9414ae404f8f5f2d3ca86139579c42.jpg,/home/divya/projects/IndianANPR/data/processed/npds_leakage_safe/labels/train/V_P_I_965_jpg.rf.ec9414ae404f8f5f2d3ca86139579c42.txt,0,1
npds_01645_V_P_I_3121_jpg.rf.27beae40663fbcf6e0428b7d4831fa9a,npds,/home/divya/projects/IndianANPR/data/processed/npds_leakage_safe/images/train/V_P_I_3121_jpg.rf.27beae40663fbcf6e0428b7d4831fa9a.jpg,/home/divya/projects/IndianANPR/data/processed/npds_leakage_safe/labels/train/V_P_I_3121_jpg.rf.27beae40663fbcf6e0428b7d4831fa9a.txt,0,1
npds_01646_V_P_I_1129_jpg.rf.9b6c9ed76251dc86ba2f2bd83f11b72e,npds,/home/divya/projects/IndianANPR/data/processed/npds_leakage_safe/images/train/V_P_I_1129_jpg.rf.9b6c9ed76251dc86ba2f2bd83f11b72e.jpg,/home/divya/projects/IndianANPR/data/processed/npds_leakage_safe/labels/train/V_P_I_1129_jpg.rf.9b6c9ed76251dc86ba2f2bd83f11b72e.txt,0,1
npds_01647_V_P_I_2046_jpg.rf.0d6eb16a09cb9ac196eeb5efb33913b6,npds,/home/divya/projects/IndianANPR/data/processed/npds_leakage_safe/images/train/V_P_I_2046_jpg.rf.0d6eb16a09cb9ac196eeb5efb33913b6.jpg,/home/divya/projects/IndianANPR/data/processed/npds_leakage_safe/labels/train/V_P_I_2046_jpg.rf.0d6eb16a09cb9ac196eeb5efb33913b6.txt,0,1
npds_01648_V_P_I_463_jpg.rf.a2652d503845269fbe8733079f17e7f2,npds,/home/divya/projects/IndianANPR/data/processed/npds_leakage_safe/images/train/V_P_I_463_jpg.rf.a2652d503845269fbe8733079f17e7f2.jpg,/home/divya/projects/IndianANPR/data/processed/npds_leakage_safe/labels/train/V_P_I_463_jpg.rf.a2652d503845269fbe8733079f17e7f2.txt,0,1
npds_01649_V_P_I_2469_jpg.rf.d814a6247b8dd343c1b87a82fcb69fda,npds,/home/divya/projects/IndianANPR/data/processed/npds_leakage_safe/images/train/V_P_I_2469_jpg.rf.d814a6247b8dd343c1b87a82fcb69fda.jpg,/home/divya/projects/IndianANPR/data/processed/npds_leakage_safe/labels/train/V_P_I_2469_jpg.rf.d814a6247b8dd343c1b87a82fcb69fda.txt,0,1
npds_01650_V_P_I_1111_jpg.rf.68c4a31b3e4156f77b654b888fc2676a,npds,/home/divya/projects/IndianANPR/data/processed/npds_leakage_safe/images/train/V_P_I_1111_jpg.rf.68c4a31b3e4156f77b654b888fc2676a.jpg,/home/divya/projects/IndianANPR/data/processed/npds_leakage_safe/labels/train/V_P_I_1111_jpg.rf.68c4a31b3e4156f77b654b888fc2676a.txt,0,1
npds_01651_V_P_I_2914_jpg.rf.a7f83e98afb03a1b77cdb0dff1ce8971,npds,/home/divya/projects/IndianANPR/data/processed/npds_leakage_safe/images/train/V_P_I_2914_jpg.rf.a7f83e98afb03a1b77cdb0dff1ce8971.jpg,/home/divya/projects/IndianANPR/data/processed/npds_leakage_safe/labels/train/V_P_I_2914_jpg.rf.a7f83e98afb03a1b77cdb0dff1ce8971.txt,0,1
npds_01652_V_P_I_980_jpg.rf.7eec8daae88998cddaec453c01f633c5,npds,/home/divya/projects/IndianANPR/data/processed/npds_leakage_safe/images/train/V_P_I_980_jpg.rf.7eec8daae88998cddaec453c01f633c5.jpg,/home/divya/projects/IndianANPR/data/processed/npds_leakage_safe/labels/train/V_P_I_980_jpg.rf.7eec8daae88998cddaec453c01f633c5.txt,0,1
npds_01653_V_P_I_3432_jpeg_jpg.rf.77024f55ad6634ddc51be18b40329c22,npds,/home/divya/projects/IndianANPR/data/processed/npds_leakage_safe/images/train/V_P_I_3432_jpeg_jpg.rf.77024f55ad6634ddc51be18b40329c22.jpg,/home/divya/projects/IndianANPR/data/processed/npds_leakage_safe/labels/train/V_P_I_3432_jpeg_jpg.rf.77024f55ad6634ddc51be18b40329c22.txt,0,1
npds_01654_V_P_I_1444_jpg.rf.4481affd3a82b5e4b6b8f0983b69faa3,npds,/home/divya/projects/IndianANPR/data/processed/npds_leakage_safe/images/train/V_P_I_1444_jpg.rf.4481affd3a82b5e4b6b8f0983b69faa3.jpg,/home/divya/projects/IndianANPR/data/processed/npds_leakage_safe/labels/train/V_P_I_1444_jpg.rf.4481affd3a82b5e4b6b8f0983b69faa3.txt,0,1
npds_01655_V_P_I_1304_jpg.rf.c92bd3878a1fc456a95b640cadf17d34,npds,/home/divya/projects/IndianANPR/data/processed/npds_leakage_safe/images/train/V_P_I_1304_jpg.rf.c92bd3878a1fc456a95b640cadf17d34.jpg,/home/divya/projects/IndianANPR/data/processed/npds_leakage_safe/labels/train/V_P_I_1304_jpg.rf.c92bd3878a1fc456a95b640cadf17d34.txt,0,1
npds_01656_V_P_I_198_jpg.rf.8d3cc8a8b8b19ddd1c4261b19074fcb2,npds,/home/divya/projects/IndianANPR/data/processed/npds_leakage_safe/images/train/V_P_I_198_jpg.rf.8d3cc8a8b8b19ddd1c4261b19074fcb2.jpg,/home/divya/projects/IndianANPR/data/processed/npds_leakage_safe/labels/train/V_P_I_198_jpg.rf.8d3cc8a8b8b19ddd1c4261b19074fcb2.txt,0,1
npds_01657_V_P_I_2109_jpg.rf.dd32462f3dc20253d8a8cb87aeb2da25,npds,/home/divya/projects/IndianANPR/data/processed/npds_leakage_safe/images/train/V_P_I_2109_jpg.rf.dd32462f3dc20253d8a8cb87aeb2da25.jpg,/home/divya/projects/IndianANPR/data/processed/npds_leakage_safe/labels/train/V_P_I_2109_jpg.rf.dd32462f3dc20253d8a8cb87aeb2da25.txt,0,1
npds_01658_V_P_I_3497_jpg.rf.5b8e23c87367ea5b334284114fff50fd,npds,/home/divya/projects/IndianANPR/data/processed/npds_leakage_safe/images/train/V_P_I_3497_jpg.rf.5b8e23c87367ea5b334284114fff50fd.jpg,/home/divya/projects/IndianANPR/data/processed/npds_leakage_safe/labels/train/V_P_I_3497_jpg.rf.5b8e23c87367ea5b334284114fff50fd.txt,0,1
npds_01659_V_P_I_696_jpg.rf.d403c43f77e92524f9747c3b8fe30393,npds,/home/divya/projects/IndianANPR/data/processed/npds_leakage_safe/images/train/V_P_I_696_jpg.rf.d403c43f77e92524f9747c3b8fe30393.jpg,/home/divya/projects/IndianANPR/data/processed/npds_leakage_safe/labels/train/V_P_I_696_jpg.rf.d403c43f77e92524f9747c3b8fe30393.txt,0,1
npds_01660_V_P_I_1577_jpg.rf.cf8879d3545a02a6dac8f9a9ef6e17d6,npds,/home/divya/projects/IndianANPR/data/processed/npds_leakage_safe/images/train/V_P_I_1577_jpg.rf.cf8879d3545a02a6dac8f9a9ef6e17d6.jpg,/home/divya/projects/IndianANPR/data/processed/npds_leakage_safe/labels/train/V_P_I_1577_jpg.rf.cf8879d3545a02a6dac8f9a9ef6e17d6.txt,0,1
npds_01661_V_P_I_1660_jpg.rf.778b23552d6f14d1d49498d6e3a5cc87,npds,/home/divya/projects/IndianANPR/data/processed/npds_leakage_safe/images/train/V_P_I_1660_jpg.rf.778b23552d6f14d1d49498d6e3a5cc87.jpg,/home/divya/projects/IndianANPR/data/processed/npds_leakage_safe/labels/train/V_P_I_1660_jpg.rf.778b23552d6f14d1d49498d6e3a5cc87.txt,0,1
npds_01662_V_P_I_1445_jpg.rf.d64db68750ed3ec82a904c29ed8f6541,npds,/home/divya/projects/IndianANPR/data/processed/npds_leakage_safe/images/train/V_P_I_1445_jpg.rf.d64db68750ed3ec82a904c29ed8f6541.jpg,/home/divya/projects/IndianANPR/data/processed/npds_leakage_safe/labels/train/V_P_I_1445_jpg.rf.d64db68750ed3ec82a904c29ed8f6541.txt,0,1
npds_01663_V_P_I_457_jpg.rf.7f7aa21f62b9de0cc58956db703e5695,npds,/home/divya/projects/IndianANPR/data/processed/npds_leakage_safe/images/train/V_P_I_457_jpg.rf.7f7aa21f62b9de0cc58956db703e5695.jpg,/home/divya/projects/IndianANPR/data/processed/npds_leakage_safe/labels/train/V_P_I_457_jpg.rf.7f7aa21f62b9de0cc58956db703e5695.txt,0,1
npds_01664_V_P_I_802_jpg.rf.074ec71868eb7a313a6cc56121b77fdb,npds,/home/divya/projects/IndianANPR/data/processed/npds_leakage_safe/images/train/V_P_I_802_jpg.rf.074ec71868eb7a313a6cc56121b77fdb.jpg,/home/divya/projects/IndianANPR/data/processed/npds_leakage_safe/labels/train/V_P_I_802_jpg.rf.074ec71868eb7a313a6cc56121b77fdb.txt,0,1
npds_01665_V_P_I_2228_jpg.rf.69a750b6154867501e8936b145af8116,npds,/home/divya/projects/IndianANPR/data/processed/npds_leakage_safe/images/train/V_P_I_2228_jpg.rf.69a750b6154867501e8936b145af8116.jpg,/home/divya/projects/IndianANPR/data/processed/npds_leakage_safe/labels/train/V_P_I_2228_jpg.rf.69a750b6154867501e8936b145af8116.txt,0,1
npds_01666_V_P_I_2766_jpg.rf.c11e16be29c629375d98a87042935ca2,npds,/home/divya/projects/IndianANPR/data/processed/npds_leakage_safe/images/train/V_P_I_2766_jpg.rf.c11e16be29c629375d98a87042935ca2.jpg,/home/divya/projects/IndianANPR/data/processed/npds_leakage_safe/labels/train/V_P_I_2766_jpg.rf.c11e16be29c629375d98a87042935ca2.txt,0,1
npds_01667_V_P_I_2670_jpg.rf.38e26ce91cf0d5c997034a46c458f318,npds,/home/divya/projects/IndianANPR/data/processed/npds_leakage_safe/images/train/V_P_I_2670_jpg.rf.38e26ce91cf0d5c997034a46c458f318.jpg,/home/divya/projects/IndianANPR/data/processed/npds_leakage_safe/labels/train/V_P_I_2670_jpg.rf.38e26ce91cf0d5c997034a46c458f318.txt,0,1
npds_01668_V_P_I_1903_jpg.rf.cd653e13dbbb29e62cc83740097e0c92,npds,/home/divya/projects/IndianANPR/data/processed/npds_leakage_safe/images/train/V_P_I_1903_jpg.rf.cd653e13dbbb29e62cc83740097e0c92.jpg,/home/divya/projects/IndianANPR/data/processed/npds_leakage_safe/labels/train/V_P_I_1903_jpg.rf.cd653e13dbbb29e62cc83740097e0c92.txt,0,1
npds_01669_V_P_I_605_jpg.rf.4d67f4dacd899f95d32f35cefe4468bd,npds,/home/divya/projects/IndianANPR/data/processed/npds_leakage_safe/images/train/V_P_I_605_jpg.rf.4d67f4dacd899f95d32f35cefe4468bd.jpg,/home/divya/projects/IndianANPR/data/processed/npds_leakage_safe/labels/train/V_P_I_605_jpg.rf.4d67f4dacd899f95d32f35cefe4468bd.txt,0,2
npds_01670_V_P_I_1544_jpg.rf.61ae717f100825af1d485d8c6f4eb925,npds,/home/divya/projects/IndianANPR/data/processed/npds_leakage_safe/images/train/V_P_I_1544_jpg.rf.61ae717f100825af1d485d8c6f4eb925.jpg,/home/divya/projects/IndianANPR/data/processed/npds_leakage_safe/labels/train/V_P_I_1544_jpg.rf.61ae717f100825af1d485d8c6f4eb925.txt,0,1
npds_01671_V_P_I_1850_jpg.rf.cc15aec3c83a47e66d7768434673e413,npds,/home/divya/projects/IndianANPR/data/processed/npds_leakage_safe/images/train/V_P_I_1850_jpg.rf.cc15aec3c83a47e66d7768434673e413.jpg,/home/divya/projects/IndianANPR/data/processed/npds_leakage_safe/labels/train/V_P_I_1850_jpg.rf.cc15aec3c83a47e66d7768434673e413.txt,0,1
npds_01672_V_P_I_587_jpg.rf.fe88eef722bd9956989e06b2bd657b80,npds,/home/divya/projects/IndianANPR/data/processed/npds_leakage_safe/images/train/V_P_I_587_jpg.rf.fe88eef722bd9956989e06b2bd657b80.jpg,/home/divya/projects/IndianANPR/data/processed/npds_leakage_safe/labels/train/V_P_I_587_jpg.rf.fe88eef722bd9956989e06b2bd657b80.txt,0,1
npds_01673_V_P_I_25_jpg.rf.6358714fddd0c49f8d3706602bfb0938,npds,/home/divya/projects/IndianANPR/data/processed/npds_leakage_safe/images/train/V_P_I_25_jpg.rf.6358714fddd0c49f8d3706602bfb0938.jpg,/home/divya/projects/IndianANPR/data/processed/npds_leakage_safe/labels/train/V_P_I_25_jpg.rf.6358714fddd0c49f8d3706602bfb0938.txt,0,1
npds_01674_V_P_I_860_jpg.rf.7e705b1da23d667753a6f5129c686f07,npds,/home/divya/projects/IndianANPR/data/processed/npds_leakage_safe/images/train/V_P_I_860_jpg.rf.7e705b1da23d667753a6f5129c686f07.jpg,/home/divya/projects/IndianANPR/data/processed/npds_leakage_safe/labels/train/V_P_I_860_jpg.rf.7e705b1da23d667753a6f5129c686f07.txt,0,1
npds_01675_V_P_I_639_jpg.rf.eea7ce51a4fdc92f55c433478b229231,npds,/home/divya/projects/IndianANPR/data/processed/npds_leakage_safe/images/train/V_P_I_639_jpg.rf.eea7ce51a4fdc92f55c433478b229231.jpg,/home/divya/projects/IndianANPR/data/processed/npds_leakage_safe/labels/train/V_P_I_639_jpg.rf.eea7ce51a4fdc92f55c433478b229231.txt,0,1
npds_01676_V_P_I_3491_jpg.rf.9270eca82c74d901395fec168ca9ba8a,npds,/home/divya/projects/IndianANPR/data/processed/npds_leakage_safe/images/train/V_P_I_3491_jpg.rf.9270eca82c74d901395fec168ca9ba8a.jpg,/home/divya/projects/IndianANPR/data/processed/npds_leakage_safe/labels/train/V_P_I_3491_jpg.rf.9270eca82c74d901395fec168ca9ba8a.txt,0,1
npds_01677_V_P_I_2140_jpg.rf.c11c8db849a7d8a2a7ba797b4e6d05bf,npds,/home/divya/projects/IndianANPR/data/processed/npds_leakage_safe/images/train/V_P_I_2140_jpg.rf.c11c8db849a7d8a2a7ba797b4e6d05bf.jpg,/home/divya/projects/IndianANPR/data/processed/npds_leakage_safe/labels/train/V_P_I_2140_jpg.rf.c11c8db849a7d8a2a7ba797b4e6d05bf.txt,0,1
npds_01678_V_P_I_515_jpg.rf.4cf31e5cdbf2fdad16614f55058fc50b,npds,/home/divya/projects/IndianANPR/data/processed/npds_leakage_safe/images/train/V_P_I_515_jpg.rf.4cf31e5cdbf2fdad16614f55058fc50b.jpg,/home/divya/projects/IndianANPR/data/processed/npds_leakage_safe/labels/train/V_P_I_515_jpg.rf.4cf31e5cdbf2fdad16614f55058fc50b.txt,0,1
npds_01679_V_P_I_1395_jpg.rf.afa6eaaf63d6120c775c00c2ac0a53fd,npds,/home/divya/projects/IndianANPR/data/processed/npds_leakage_safe/images/train/V_P_I_1395_jpg.rf.afa6eaaf63d6120c775c00c2ac0a53fd.jpg,/home/divya/projects/IndianANPR/data/processed/npds_leakage_safe/labels/train/V_P_I_1395_jpg.rf.afa6eaaf63d6120c775c00c2ac0a53fd.txt,0,1
npds_01680_V_P_I_2561_jpg.rf.05e66a51adc204033f2d61d6e39d0894,npds,/home/divya/projects/IndianANPR/data/processed/npds_leakage_safe/images/train/V_P_I_2561_jpg.rf.05e66a51adc204033f2d61d6e39d0894.jpg,/home/divya/projects/IndianANPR/data/processed/npds_leakage_safe/labels/train/V_P_I_2561_jpg.rf.05e66a51adc204033f2d61d6e39d0894.txt,0,1
npds_01681_V_P_I_1258_jpg.rf.f36cf17a2ebe3997730fe084a9e46bb0,npds,/home/divya/projects/IndianANPR/data/processed/npds_leakage_safe/images/train/V_P_I_1258_jpg.rf.f36cf17a2ebe3997730fe084a9e46bb0.jpg,/home/divya/projects/IndianANPR/data/processed/npds_leakage_safe/labels/train/V_P_I_1258_jpg.rf.f36cf17a2ebe3997730fe084a9e46bb0.txt,0,1
npds_01682_V_P_I_1468_jpg.rf.df7f451f3d316f07abe431cfd09c22bd,npds,/home/divya/projects/IndianANPR/data/processed/npds_leakage_safe/images/train/V_P_I_1468_jpg.rf.df7f451f3d316f07abe431cfd09c22bd.jpg,/home/divya/projects/IndianANPR/data/processed/npds_leakage_safe/labels/train/V_P_I_1468_jpg.rf.df7f451f3d316f07abe431cfd09c22bd.txt,0,1
npds_01683_V_P_I_3518_jpg.rf.53927faf9e268a68367f7dfd2eace699,npds,/home/divya/projects/IndianANPR/data/processed/npds_leakage_safe/images/train/V_P_I_3518_jpg.rf.53927faf9e268a68367f7dfd2eace699.jpg,/home/divya/projects/IndianANPR/data/processed/npds_leakage_safe/labels/train/V_P_I_3518_jpg.rf.53927faf9e268a68367f7dfd2eace699.txt,0,1
npds_01684_V_P_I_1741_jpg.rf.ada5c0e253b8a8b527887a8e5b5ed1bd,npds,/home/divya/projects/IndianANPR/data/processed/npds_leakage_safe/images/train/V_P_I_1741_jpg.rf.ada5c0e253b8a8b527887a8e5b5ed1bd.jpg,/home/divya/projects/IndianANPR/data/processed/npds_leakage_safe/labels/train/V_P_I_1741_jpg.rf.ada5c0e253b8a8b527887a8e5b5ed1bd.txt,0,1
npds_01685_V_P_I_3216_jpg.rf.f6b3f5f0a2a13edef98a7c3f7c835737,npds,/home/divya/projects/IndianANPR/data/processed/npds_leakage_safe/images/train/V_P_I_3216_jpg.rf.f6b3f5f0a2a13edef98a7c3f7c835737.jpg,/home/divya/projects/IndianANPR/data/processed/npds_leakage_safe/labels/train/V_P_I_3216_jpg.rf.f6b3f5f0a2a13edef98a7c3f7c835737.txt,0,1
npds_01686_V_P_I_3401_jpg.rf.c3cccd3d2817f38b7b6ba7c6643816fc,npds,/home/divya/projects/IndianANPR/data/processed/npds_leakage_safe/images/train/V_P_I_3401_jpg.rf.c3cccd3d2817f38b7b6ba7c6643816fc.jpg,/home/divya/projects/IndianANPR/data/processed/npds_leakage_safe/labels/train/V_P_I_3401_jpg.rf.c3cccd3d2817f38b7b6ba7c6643816fc.txt,0,1
npds_01687_V_P_I_3212_jpg.rf.6097eefc6be9656df9415812f39556ea,npds,/home/divya/projects/IndianANPR/data/processed/npds_leakage_safe/images/train/V_P_I_3212_jpg.rf.6097eefc6be9656df9415812f39556ea.jpg,/home/divya/projects/IndianANPR/data/processed/npds_leakage_safe/labels/train/V_P_I_3212_jpg.rf.6097eefc6be9656df9415812f39556ea.txt,0,1
npds_01688_V_P_I_2335_jpg.rf.ce7f69e48b777167dc87fc294be990e5,npds,/home/divya/projects/IndianANPR/data/processed/npds_leakage_safe/images/train/V_P_I_2335_jpg.rf.ce7f69e48b777167dc87fc294be990e5.jpg,/home/divya/projects/IndianANPR/data/processed/npds_leakage_safe/labels/train/V_P_I_2335_jpg.rf.ce7f69e48b777167dc87fc294be990e5.txt,0,1
npds_01689_V_P_I_515_jpg.rf.d5b83ed6474387e7256afc4f92e7212e,npds,/home/divya/projects/IndianANPR/data/processed/npds_leakage_safe/images/train/V_P_I_515_jpg.rf.d5b83ed6474387e7256afc4f92e7212e.jpg,/home/divya/projects/IndianANPR/data/processed/npds_leakage_safe/labels/train/V_P_I_515_jpg.rf.d5b83ed6474387e7256afc4f92e7212e.txt,0,1
npds_01690_V_P_I_2847_jpg.rf.53f662cb5d5c286c2577d2843227af3f,npds,/home/divya/projects/IndianANPR/data/processed/npds_leakage_safe/images/train/V_P_I_2847_jpg.rf.53f662cb5d5c286c2577d2843227af3f.jpg,/home/divya/projects/IndianANPR/data/processed/npds_leakage_safe/labels/train/V_P_I_2847_jpg.rf.53f662cb5d5c286c2577d2843227af3f.txt,0,1
npds_01691_V_P_I_2228_jpg.rf.12c64a46410110688b7e19c04ce52bf4,npds,/home/divya/projects/IndianANPR/data/processed/npds_leakage_safe/images/train/V_P_I_2228_jpg.rf.12c64a46410110688b7e19c04ce52bf4.jpg,/home/divya/projects/IndianANPR/data/processed/npds_leakage_safe/labels/train/V_P_I_2228_jpg.rf.12c64a46410110688b7e19c04ce52bf4.txt,0,1
npds_01692_V_P_I_1306_jpg.rf.c6a1c20c1d8946123ec009773d97a43f,npds,/home/divya/projects/IndianANPR/data/processed/npds_leakage_safe/images/train/V_P_I_1306_jpg.rf.c6a1c20c1d8946123ec009773d97a43f.jpg,/home/divya/projects/IndianANPR/data/processed/npds_leakage_safe/labels/train/V_P_I_1306_jpg.rf.c6a1c20c1d8946123ec009773d97a43f.txt,0,1
npds_01693_V_P_I_469_jpg.rf.6c6cc8df9fadbe19176840eaa7e88e3b,npds,/home/divya/projects/IndianANPR/data/processed/npds_leakage_safe/images/train/V_P_I_469_jpg.rf.6c6cc8df9fadbe19176840eaa7e88e3b.jpg,/home/divya/projects/IndianANPR/data/processed/npds_leakage_safe/labels/train/V_P_I_469_jpg.rf.6c6cc8df9fadbe19176840eaa7e88e3b.txt,0,1
npds_01694_V_P_I_232_jpg.rf.35f78e82962fb03ec10e659e80d50e7b,npds,/home/divya/projects/IndianANPR/data/processed/npds_leakage_safe/images/train/V_P_I_232_jpg.rf.35f78e82962fb03ec10e659e80d50e7b.jpg,/home/divya/projects/IndianANPR/data/processed/npds_leakage_safe/labels/train/V_P_I_232_jpg.rf.35f78e82962fb03ec10e659e80d50e7b.txt,0,1
npds_01695_V_P_I_1050_jpg.rf.577a0f75265f6e83c511a700e31e25f2,npds,/home/divya/projects/IndianANPR/data/processed/npds_leakage_safe/images/train/V_P_I_1050_jpg.rf.577a0f75265f6e83c511a700e31e25f2.jpg,/home/divya/projects/IndianANPR/data/processed/npds_leakage_safe/labels/train/V_P_I_1050_jpg.rf.577a0f75265f6e83c511a700e31e25f2.txt,0,1
npds_01696_V_P_I_1871_jpg.rf.c687d67eae6b9af8be9fb35544a9b001,npds,/home/divya/projects/IndianANPR/data/processed/npds_leakage_safe/images/train/V_P_I_1871_jpg.rf.c687d67eae6b9af8be9fb35544a9b001.jpg,/home/divya/projects/IndianANPR/data/processed/npds_leakage_safe/labels/train/V_P_I_1871_jpg.rf.c687d67eae6b9af8be9fb35544a9b001.txt,0,1
npds_01697_V_P_I_2784_jpg.rf.e455d3907f1df52a1abab16583bb2e8e,npds,/home/divya/projects/IndianANPR/data/processed/npds_leakage_safe/images/train/V_P_I_2784_jpg.rf.e455d3907f1df52a1abab16583bb2e8e.jpg,/home/divya/projects/IndianANPR/data/processed/npds_leakage_safe/labels/train/V_P_I_2784_jpg.rf.e455d3907f1df52a1abab16583bb2e8e.txt,0,1
npds_01698_V_P_I_1420_jpg.rf.012985384a5520410455b32bd7f35200,npds,/home/divya/projects/IndianANPR/data/processed/npds_leakage_safe/images/train/V_P_I_1420_jpg.rf.012985384a5520410455b32bd7f35200.jpg,/home/divya/projects/IndianANPR/data/processed/npds_leakage_safe/labels/train/V_P_I_1420_jpg.rf.012985384a5520410455b32bd7f35200.txt,0,1
npds_01699_V_P_I_709_jpg.rf.c53715846ccd9f9b9e47a8d296917411,npds,/home/divya/projects/IndianANPR/data/processed/npds_leakage_safe/images/train/V_P_I_709_jpg.rf.c53715846ccd9f9b9e47a8d296917411.jpg,/home/divya/projects/IndianANPR/data/processed/npds_leakage_safe/labels/train/V_P_I_709_jpg.rf.c53715846ccd9f9b9e47a8d296917411.txt,0,1
npds_01700_V_P_I_2235_jpg.rf.f3f0bade3d72699dc9ff078e1afc7166,npds,/home/divya/projects/IndianANPR/data/processed/npds_leakage_safe/images/train/V_P_I_2235_jpg.rf.f3f0bade3d72699dc9ff078e1afc7166.jpg,/home/divya/projects/IndianANPR/data/processed/npds_leakage_safe/labels/train/V_P_I_2235_jpg.rf.f3f0bade3d72699dc9ff078e1afc7166.txt,0,1
npds_01701_V_P_I_843_jpg.rf.bf1d9d658161cefd036a0ced8b496c1d,npds,/home/divya/projects/IndianANPR/data/processed/npds_leakage_safe/images/train/V_P_I_843_jpg.rf.bf1d9d658161cefd036a0ced8b496c1d.jpg,/home/divya/projects/IndianANPR/data/processed/npds_leakage_safe/labels/train/V_P_I_843_jpg.rf.bf1d9d658161cefd036a0ced8b496c1d.txt,0,1
npds_01702_V_P_I_3500_jpg.rf.4f235ec0bf58035b4a4b5f1addefe177,npds,/home/divya/projects/IndianANPR/data/processed/npds_leakage_safe/images/train/V_P_I_3500_jpg.rf.4f235ec0bf58035b4a4b5f1addefe177.jpg,/home/divya/projects/IndianANPR/data/processed/npds_leakage_safe/labels/train/V_P_I_3500_jpg.rf.4f235ec0bf58035b4a4b5f1addefe177.txt,0,1
npds_01703_V_P_I_3202_jpg.rf.d0c4ea4f95f105b428587c36793bbff4,npds,/home/divya/projects/IndianANPR/data/processed/npds_leakage_safe/images/train/V_P_I_3202_jpg.rf.d0c4ea4f95f105b428587c36793bbff4.jpg,/home/divya/projects/IndianANPR/data/processed/npds_leakage_safe/labels/train/V_P_I_3202_jpg.rf.d0c4ea4f95f105b428587c36793bbff4.txt,0,1
npds_01704_V_P_I_1866_jpg.rf.13f713e908bc38d3ca27f9bbe7e29c83,npds,/home/divya/projects/IndianANPR/data/processed/npds_leakage_safe/images/train/V_P_I_1866_jpg.rf.13f713e908bc38d3ca27f9bbe7e29c83.jpg,/home/divya/projects/IndianANPR/data/processed/npds_leakage_safe/labels/train/V_P_I_1866_jpg.rf.13f713e908bc38d3ca27f9bbe7e29c83.txt,0,1
npds_01705_V_P_I_969_jpg.rf.e184f5c379891de3b2175a61338f75d4,npds,/home/divya/projects/IndianANPR/data/processed/npds_leakage_safe/images/train/V_P_I_969_jpg.rf.e184f5c379891de3b2175a61338f75d4.jpg,/home/divya/projects/IndianANPR/data/processed/npds_leakage_safe/labels/train/V_P_I_969_jpg.rf.e184f5c379891de3b2175a61338f75d4.txt,0,1
npds_01706_V_P_I_2287_jpg.rf.396d81a6f387dfbffe22025aac96ca17,npds,/home/divya/projects/IndianANPR/data/processed/npds_leakage_safe/images/train/V_P_I_2287_jpg.rf.396d81a6f387dfbffe22025aac96ca17.jpg,/home/divya/projects/IndianANPR/data/processed/npds_leakage_safe/labels/train/V_P_I_2287_jpg.rf.396d81a6f387dfbffe22025aac96ca17.txt,0,1
npds_01707_V_P_I_579_jpg.rf.d9fac6a3250465c6f891b63563034898,npds,/home/divya/projects/IndianANPR/data/processed/npds_leakage_safe/images/train/V_P_I_579_jpg.rf.d9fac6a3250465c6f891b63563034898.jpg,/home/divya/projects/IndianANPR/data/processed/npds_leakage_safe/labels/train/V_P_I_579_jpg.rf.d9fac6a3250465c6f891b63563034898.txt,0,1
npds_01708_V_P_I_3098_jpg.rf.150dbd0162160231c8016c522e0716c1,npds,/home/divya/projects/IndianANPR/data/processed/npds_leakage_safe/images/train/V_P_I_3098_jpg.rf.150dbd0162160231c8016c522e0716c1.jpg,/home/divya/projects/IndianANPR/data/processed/npds_leakage_safe/labels/train/V_P_I_3098_jpg.rf.150dbd0162160231c8016c522e0716c1.txt,0,1
npds_01709_V_P_I_2249_jpg.rf.c2b93ac872f5a83f81e9b3d7a7a55fdb,npds,/home/divya/projects/IndianANPR/data/processed/npds_leakage_safe/images/train/V_P_I_2249_jpg.rf.c2b93ac872f5a83f81e9b3d7a7a55fdb.jpg,/home/divya/projects/IndianANPR/data/processed/npds_leakage_safe/labels/train/V_P_I_2249_jpg.rf.c2b93ac872f5a83f81e9b3d7a7a55fdb.txt,0,1
npds_01710_V_P_I_1365_jpg.rf.c68a8cd980fbfefc1be1373bd1c206c6,npds,/home/divya/projects/IndianANPR/data/processed/npds_leakage_safe/images/train/V_P_I_1365_jpg.rf.c68a8cd980fbfefc1be1373bd1c206c6.jpg,/home/divya/projects/IndianANPR/data/processed/npds_leakage_safe/labels/train/V_P_I_1365_jpg.rf.c68a8cd980fbfefc1be1373bd1c206c6.txt,0,1
npds_01711_V_P_I_3213_jpg.rf.2d1ccd76f520f69fac6f37be4bdf8784,npds,/home/divya/projects/IndianANPR/data/processed/npds_leakage_safe/images/train/V_P_I_3213_jpg.rf.2d1ccd76f520f69fac6f37be4bdf8784.jpg,/home/divya/projects/IndianANPR/data/processed/npds_leakage_safe/labels/train/V_P_I_3213_jpg.rf.2d1ccd76f520f69fac6f37be4bdf8784.txt,0,1
npds_01712_V_P_I_1769_jpg.rf.8392c2dbcccabd66889a02f824704b6c,npds,/home/divya/projects/IndianANPR/data/processed/npds_leakage_safe/images/train/V_P_I_1769_jpg.rf.8392c2dbcccabd66889a02f824704b6c.jpg,/home/divya/projects/IndianANPR/data/processed/npds_leakage_safe/labels/train/V_P_I_1769_jpg.rf.8392c2dbcccabd66889a02f824704b6c.txt,0,1
npds_01713_V_P_I_2572_jpg.rf.8298fcae574fa50f5726088d59c1b0ef,npds,/home/divya/projects/IndianANPR/data/processed/npds_leakage_safe/images/train/V_P_I_2572_jpg.rf.8298fcae574fa50f5726088d59c1b0ef.jpg,/home/divya/projects/IndianANPR/data/processed/npds_leakage_safe/labels/train/V_P_I_2572_jpg.rf.8298fcae574fa50f5726088d59c1b0ef.txt,0,1
npds_01714_V_P_I_1080_jpg.rf.826ad088b4600dde42eade2acb81781a,npds,/home/divya/projects/IndianANPR/data/processed/npds_leakage_safe/images/train/V_P_I_1080_jpg.rf.826ad088b4600dde42eade2acb81781a.jpg,/home/divya/projects/IndianANPR/data/processed/npds_leakage_safe/labels/train/V_P_I_1080_jpg.rf.826ad088b4600dde42eade2acb81781a.txt,0,1
npds_01715_V_P_I_3031_jpg.rf.39e1bded0b2e7f9294434bb7f8cafbbb,npds,/home/divya/projects/IndianANPR/data/processed/npds_leakage_safe/images/train/V_P_I_3031_jpg.rf.39e1bded0b2e7f9294434bb7f8cafbbb.jpg,/home/divya/projects/IndianANPR/data/processed/npds_leakage_safe/labels/train/V_P_I_3031_jpg.rf.39e1bded0b2e7f9294434bb7f8cafbbb.txt,0,1
npds_01716_V_P_I_2857_jpg.rf.ca84f69df18871e9711fa84104eb03d2,npds,/home/divya/projects/IndianANPR/data/processed/npds_leakage_safe/images/train/V_P_I_2857_jpg.rf.ca84f69df18871e9711fa84104eb03d2.jpg,/home/divya/projects/IndianANPR/data/processed/npds_leakage_safe/labels/train/V_P_I_2857_jpg.rf.ca84f69df18871e9711fa84104eb03d2.txt,0,1
npds_01717_V_P_I_2112_jpg.rf.6ec6a4e56f16442ba553e6042ab6ce8e,npds,/home/divya/projects/IndianANPR/data/processed/npds_leakage_safe/images/train/V_P_I_2112_jpg.rf.6ec6a4e56f16442ba553e6042ab6ce8e.jpg,/home/divya/projects/IndianANPR/data/processed/npds_leakage_safe/labels/train/V_P_I_2112_jpg.rf.6ec6a4e56f16442ba553e6042ab6ce8e.txt,0,1
npds_01718_V_P_I_3005_jpg.rf.e224dce1b50e4f5072b30ca5d3f849d8,npds,/home/divya/projects/IndianANPR/data/processed/npds_leakage_safe/images/train/V_P_I_3005_jpg.rf.e224dce1b50e4f5072b30ca5d3f849d8.jpg,/home/divya/projects/IndianANPR/data/processed/npds_leakage_safe/labels/train/V_P_I_3005_jpg.rf.e224dce1b50e4f5072b30ca5d3f849d8.txt,0,1
npds_01719_V_P_I_1724_jpg.rf.bc8b8bf3f05828166dc436465f5b45b3,npds,/home/divya/projects/IndianANPR/data/processed/npds_leakage_safe/images/train/V_P_I_1724_jpg.rf.bc8b8bf3f05828166dc436465f5b45b3.jpg,/home/divya/projects/IndianANPR/data/processed/npds_leakage_safe/labels/train/V_P_I_1724_jpg.rf.bc8b8bf3f05828166dc436465f5b45b3.txt,0,1
npds_01720_V_P_I_3129_jpg.rf.7baaaf437a9f79e65e8c6a8129be54d7,npds,/home/divya/projects/IndianANPR/data/processed/npds_leakage_safe/images/train/V_P_I_3129_jpg.rf.7baaaf437a9f79e65e8c6a8129be54d7.jpg,/home/divya/projects/IndianANPR/data/processed/npds_leakage_safe/labels/train/V_P_I_3129_jpg.rf.7baaaf437a9f79e65e8c6a8129be54d7.txt,0,1
npds_01721_V_P_I_1207_jpg.rf.79b18c0b0804857228ffccd9606bdd63,npds,/home/divya/projects/IndianANPR/data/processed/npds_leakage_safe/images/train/V_P_I_1207_jpg.rf.79b18c0b0804857228ffccd9606bdd63.jpg,/home/divya/projects/IndianANPR/data/processed/npds_leakage_safe/labels/train/V_P_I_1207_jpg.rf.79b18c0b0804857228ffccd9606bdd63.txt,0,1
npds_01722_V_P_I_3085_jpg.rf.ed6fe28362d66f4ea4aacbe022c50d9f,npds,/home/divya/projects/IndianANPR/data/processed/npds_leakage_safe/images/train/V_P_I_3085_jpg.rf.ed6fe28362d66f4ea4aacbe022c50d9f.jpg,/home/divya/projects/IndianANPR/data/processed/npds_leakage_safe/labels/train/V_P_I_3085_jpg.rf.ed6fe28362d66f4ea4aacbe022c50d9f.txt,0,1
npds_01723_V_P_I_583_jpg.rf.5e48a6a627b833fa091814951859e8b9,npds,/home/divya/projects/IndianANPR/data/processed/npds_leakage_safe/images/train/V_P_I_583_jpg.rf.5e48a6a627b833fa091814951859e8b9.jpg,/home/divya/projects/IndianANPR/data/processed/npds_leakage_safe/labels/train/V_P_I_583_jpg.rf.5e48a6a627b833fa091814951859e8b9.txt,0,1
npds_01724_V_P_I_2544_jpg.rf.4dede030cf86159f2547af689adc263d,npds,/home/divya/projects/IndianANPR/data/processed/npds_leakage_safe/images/train/V_P_I_2544_jpg.rf.4dede030cf86159f2547af689adc263d.jpg,/home/divya/projects/IndianANPR/data/processed/npds_leakage_safe/labels/train/V_P_I_2544_jpg.rf.4dede030cf86159f2547af689adc263d.txt,0,1
npds_01725_V_P_I_3323_jpg.rf.a6dc9d8672f0ff87e6092b287b0d0129,npds,/home/divya/projects/IndianANPR/data/processed/npds_leakage_safe/images/train/V_P_I_3323_jpg.rf.a6dc9d8672f0ff87e6092b287b0d0129.jpg,/home/divya/projects/IndianANPR/data/processed/npds_leakage_safe/labels/train/V_P_I_3323_jpg.rf.a6dc9d8672f0ff87e6092b287b0d0129.txt,0,1
npds_01726_V_P_I_2023_jpg.rf.ca911c46ae3f8f15262c7812a39333fc,npds,/home/divya/projects/IndianANPR/data/processed/npds_leakage_safe/images/train/V_P_I_2023_jpg.rf.ca911c46ae3f8f15262c7812a39333fc.jpg,/home/divya/projects/IndianANPR/data/processed/npds_leakage_safe/labels/train/V_P_I_2023_jpg.rf.ca911c46ae3f8f15262c7812a39333fc.txt,0,1
npds_01727_V_P_I_3133_jpg.rf.fe68a1a931775de8259931b6bf6bf598,npds,/home/divya/projects/IndianANPR/data/processed/npds_leakage_safe/images/train/V_P_I_3133_jpg.rf.fe68a1a931775de8259931b6bf6bf598.jpg,/home/divya/projects/IndianANPR/data/processed/npds_leakage_safe/labels/train/V_P_I_3133_jpg.rf.fe68a1a931775de8259931b6bf6bf598.txt,0,1
npds_01728_V_P_I_2368_jpg.rf.e38f46227656b7ce19a30cf0c901b900,npds,/home/divya/projects/IndianANPR/data/processed/npds_leakage_safe/images/train/V_P_I_2368_jpg.rf.e38f46227656b7ce19a30cf0c901b900.jpg,/home/divya/projects/IndianANPR/data/processed/npds_leakage_safe/labels/train/V_P_I_2368_jpg.rf.e38f46227656b7ce19a30cf0c901b900.txt,0,1
npds_01729_V_P_I_1398_jpg.rf.18e81fa4c7f91ed8c3296654d663ebb3,npds,/home/divya/projects/IndianANPR/data/processed/npds_leakage_safe/images/train/V_P_I_1398_jpg.rf.18e81fa4c7f91ed8c3296654d663ebb3.jpg,/home/divya/projects/IndianANPR/data/processed/npds_leakage_safe/labels/train/V_P_I_1398_jpg.rf.18e81fa4c7f91ed8c3296654d663ebb3.txt,0,1
npds_01730_V_P_I_1465_jpg.rf.b96410d75276fad46f9912cf52371cdc,npds,/home/divya/projects/IndianANPR/data/processed/npds_leakage_safe/images/train/V_P_I_1465_jpg.rf.b96410d75276fad46f9912cf52371cdc.jpg,/home/divya/projects/IndianANPR/data/processed/npds_leakage_safe/labels/train/V_P_I_1465_jpg.rf.b96410d75276fad46f9912cf52371cdc.txt,0,1
npds_01731_V_P_I_1150_jpg.rf.2af16b3ed4cd501d9a3436251fa7d8db,npds,/home/divya/projects/IndianANPR/data/processed/npds_leakage_safe/images/train/V_P_I_1150_jpg.rf.2af16b3ed4cd501d9a3436251fa7d8db.jpg,/home/divya/projects/IndianANPR/data/processed/npds_leakage_safe/labels/train/V_P_I_1150_jpg.rf.2af16b3ed4cd501d9a3436251fa7d8db.txt,0,1
npds_01732_V_P_I_1124_jpg.rf.62394299c9488c92db1130cac98259f2,npds,/home/divya/projects/IndianANPR/data/processed/npds_leakage_safe/images/train/V_P_I_1124_jpg.rf.62394299c9488c92db1130cac98259f2.jpg,/home/divya/projects/IndianANPR/data/processed/npds_leakage_safe/labels/train/V_P_I_1124_jpg.rf.62394299c9488c92db1130cac98259f2.txt,0,1
npds_01733_V_P_I_2031_jpg.rf.bb74093b6c8a409c310549e1cc009ce6,npds,/home/divya/projects/IndianANPR/data/processed/npds_leakage_safe/images/train/V_P_I_2031_jpg.rf.bb74093b6c8a409c310549e1cc009ce6.jpg,/home/divya/projects/IndianANPR/data/processed/npds_leakage_safe/labels/train/V_P_I_2031_jpg.rf.bb74093b6c8a409c310549e1cc009ce6.txt,0,1
npds_01734_V_P_I_2635_jpg.rf.9679bd7cae22ee8499550ea09572c3a0,npds,/home/divya/projects/IndianANPR/data/processed/npds_leakage_safe/images/train/V_P_I_2635_jpg.rf.9679bd7cae22ee8499550ea09572c3a0.jpg,/home/divya/projects/IndianANPR/data/processed/npds_leakage_safe/labels/train/V_P_I_2635_jpg.rf.9679bd7cae22ee8499550ea09572c3a0.txt,0,1
npds_01735_V_P_I_1397_jpg.rf.1cc846d33efe646b8fb8e6ef39abe3c2,npds,/home/divya/projects/IndianANPR/data/processed/npds_leakage_safe/images/train/V_P_I_1397_jpg.rf.1cc846d33efe646b8fb8e6ef39abe3c2.jpg,/home/divya/projects/IndianANPR/data/processed/npds_leakage_safe/labels/train/V_P_I_1397_jpg.rf.1cc846d33efe646b8fb8e6ef39abe3c2.txt,0,1
npds_01736_V_P_I_1328_jpg.rf.d3b658b9714acc73a74107d83e1ef9db,npds,/home/divya/projects/IndianANPR/data/processed/npds_leakage_safe/images/train/V_P_I_1328_jpg.rf.d3b658b9714acc73a74107d83e1ef9db.jpg,/home/divya/projects/IndianANPR/data/processed/npds_leakage_safe/labels/train/V_P_I_1328_jpg.rf.d3b658b9714acc73a74107d83e1ef9db.txt,0,1
npds_01737_V_P_I_666_jpg.rf.bb42f61f842d87a05c96759415a42074,npds,/home/divya/projects/IndianANPR/data/processed/npds_leakage_safe/images/train/V_P_I_666_jpg.rf.bb42f61f842d87a05c96759415a42074.jpg,/home/divya/projects/IndianANPR/data/processed/npds_leakage_safe/labels/train/V_P_I_666_jpg.rf.bb42f61f842d87a05c96759415a42074.txt,0,1
npds_01738_V_P_I_278_jpg.rf.b9a639bd65311ead7b6fb9e9ba7886af,npds,/home/divya/projects/IndianANPR/data/processed/npds_leakage_safe/images/train/V_P_I_278_jpg.rf.b9a639bd65311ead7b6fb9e9ba7886af.jpg,/home/divya/projects/IndianANPR/data/processed/npds_leakage_safe/labels/train/V_P_I_278_jpg.rf.b9a639bd65311ead7b6fb9e9ba7886af.txt,0,1
npds_01739_V_P_I_1455_jpg.rf.f3d585b0ed04a58301344a8ffd83d189,npds,/home/divya/projects/IndianANPR/data/processed/npds_leakage_safe/images/train/V_P_I_1455_jpg.rf.f3d585b0ed04a58301344a8ffd83d189.jpg,/home/divya/projects/IndianANPR/data/processed/npds_leakage_safe/labels/train/V_P_I_1455_jpg.rf.f3d585b0ed04a58301344a8ffd83d189.txt,0,1
npds_01740_V_P_I_2311_jpg.rf.886bffc197f77ef02d1f232f8ca3b334,npds,/home/divya/projects/IndianANPR/data/processed/npds_leakage_safe/images/train/V_P_I_2311_jpg.rf.886bffc197f77ef02d1f232f8ca3b334.jpg,/home/divya/projects/IndianANPR/data/processed/npds_leakage_safe/labels/train/V_P_I_2311_jpg.rf.886bffc197f77ef02d1f232f8ca3b334.txt,0,1
npds_01741_V_P_I_2509_jpg.rf.96b604f07a2047792498a015e2be2472,npds,/home/divya/projects/IndianANPR/data/processed/npds_leakage_safe/images/train/V_P_I_2509_jpg.rf.96b604f07a2047792498a015e2be2472.jpg,/home/divya/projects/IndianANPR/data/processed/npds_leakage_safe/labels/train/V_P_I_2509_jpg.rf.96b604f07a2047792498a015e2be2472.txt,0,1
npds_01742_V_P_I_2248_jpg.rf.6af58bc171d2133e8fa2b052db659d5a,npds,/home/divya/projects/IndianANPR/data/processed/npds_leakage_safe/images/train/V_P_I_2248_jpg.rf.6af58bc171d2133e8fa2b052db659d5a.jpg,/home/divya/projects/IndianANPR/data/processed/npds_leakage_safe/labels/train/V_P_I_2248_jpg.rf.6af58bc171d2133e8fa2b052db659d5a.txt,0,1
npds_01743_V_P_I_3197_jpg.rf.a09335d8d21fbdf81535f56a4afb9fa3,npds,/home/divya/projects/IndianANPR/data/processed/npds_leakage_safe/images/train/V_P_I_3197_jpg.rf.a09335d8d21fbdf81535f56a4afb9fa3.jpg,/home/divya/projects/IndianANPR/data/processed/npds_leakage_safe/labels/train/V_P_I_3197_jpg.rf.a09335d8d21fbdf81535f56a4afb9fa3.txt,0,1
npds_01744_V_P_I_3477_jpg.rf.beece3b231cde48afc2d1df64cfa0c4a,npds,/home/divya/projects/IndianANPR/data/processed/npds_leakage_safe/images/train/V_P_I_3477_jpg.rf.beece3b231cde48afc2d1df64cfa0c4a.jpg,/home/divya/projects/IndianANPR/data/processed/npds_leakage_safe/labels/train/V_P_I_3477_jpg.rf.beece3b231cde48afc2d1df64cfa0c4a.txt,0,1
npds_01745_V_P_I_330_jpg.rf.29f0264d395d4ef0f2fa58cf8835dcc9,npds,/home/divya/projects/IndianANPR/data/processed/npds_leakage_safe/images/train/V_P_I_330_jpg.rf.29f0264d395d4ef0f2fa58cf8835dcc9.jpg,/home/divya/projects/IndianANPR/data/processed/npds_leakage_safe/labels/train/V_P_I_330_jpg.rf.29f0264d395d4ef0f2fa58cf8835dcc9.txt,0,1
npds_01746_V_P_I_2799_jpg.rf.6e0da334064d6a0b2f8b59276c265266,npds,/home/divya/projects/IndianANPR/data/processed/npds_leakage_safe/images/train/V_P_I_2799_jpg.rf.6e0da334064d6a0b2f8b59276c265266.jpg,/home/divya/projects/IndianANPR/data/processed/npds_leakage_safe/labels/train/V_P_I_2799_jpg.rf.6e0da334064d6a0b2f8b59276c265266.txt,0,1
npds_01747_V_P_I_2400_jpg.rf.cda3cdbc1b70da5b389fca4ca6634807,npds,/home/divya/projects/IndianANPR/data/processed/npds_leakage_safe/images/train/V_P_I_2400_jpg.rf.cda3cdbc1b70da5b389fca4ca6634807.jpg,/home/divya/projects/IndianANPR/data/processed/npds_leakage_safe/labels/train/V_P_I_2400_jpg.rf.cda3cdbc1b70da5b389fca4ca6634807.txt,0,1
npds_01748_V_P_I_2936_jpg.rf.a5c6cda8076da2abafd22c260fa310a0,npds,/home/divya/projects/IndianANPR/data/processed/npds_leakage_safe/images/train/V_P_I_2936_jpg.rf.a5c6cda8076da2abafd22c260fa310a0.jpg,/home/divya/projects/IndianANPR/data/processed/npds_leakage_safe/labels/train/V_P_I_2936_jpg.rf.a5c6cda8076da2abafd22c260fa310a0.txt,0,1
npds_01749_V_P_I_346_jpg.rf.0e62d2f6a69b9b6d7af7fa394111b381,npds,/home/divya/projects/IndianANPR/data/processed/npds_leakage_safe/images/train/V_P_I_346_jpg.rf.0e62d2f6a69b9b6d7af7fa394111b381.jpg,/home/divya/projects/IndianANPR/data/processed/npds_leakage_safe/labels/train/V_P_I_346_jpg.rf.0e62d2f6a69b9b6d7af7fa394111b381.txt,0,1
npds_01750_V_P_I_3408_jpg.rf.f6d02e0a7f8b89727d415a61f9ced4b8,npds,/home/divya/projects/IndianANPR/data/processed/npds_leakage_safe/images/train/V_P_I_3408_jpg.rf.f6d02e0a7f8b89727d415a61f9ced4b8.jpg,/home/divya/projects/IndianANPR/data/processed/npds_leakage_safe/labels/train/V_P_I_3408_jpg.rf.f6d02e0a7f8b89727d415a61f9ced4b8.txt,0,1
npds_01751_V_P_I_1512_jpg.rf.18e1134d84b194acbf5a14cd3002baf6,npds,/home/divya/projects/IndianANPR/data/processed/npds_leakage_safe/images/train/V_P_I_1512_jpg.rf.18e1134d84b194acbf5a14cd3002baf6.jpg,/home/divya/projects/IndianANPR/data/processed/npds_leakage_safe/labels/train/V_P_I_1512_jpg.rf.18e1134d84b194acbf5a14cd3002baf6.txt,0,1
npds_01752_V_P_I_819_jpg.rf.95c6743635a4c53e681fdcbf0d7b5c14,npds,/home/divya/projects/IndianANPR/data/processed/npds_leakage_safe/images/train/V_P_I_819_jpg.rf.95c6743635a4c53e681fdcbf0d7b5c14.jpg,/home/divya/projects/IndianANPR/data/processed/npds_leakage_safe/labels/train/V_P_I_819_jpg.rf.95c6743635a4c53e681fdcbf0d7b5c14.txt,0,1
npds_01753_V_P_I_3154_jpg.rf.8ba2589899fac40684963a27dbd82ff3,npds,/home/divya/projects/IndianANPR/data/processed/npds_leakage_safe/images/train/V_P_I_3154_jpg.rf.8ba2589899fac40684963a27dbd82ff3.jpg,/home/divya/projects/IndianANPR/data/processed/npds_leakage_safe/labels/train/V_P_I_3154_jpg.rf.8ba2589899fac40684963a27dbd82ff3.txt,0,1
npds_01754_V_P_I_1337_jpg.rf.530ddca46e0f979a49cb3b3f384fba1f,npds,/home/divya/projects/IndianANPR/data/processed/npds_leakage_safe/images/train/V_P_I_1337_jpg.rf.530ddca46e0f979a49cb3b3f384fba1f.jpg,/home/divya/projects/IndianANPR/data/processed/npds_leakage_safe/labels/train/V_P_I_1337_jpg.rf.530ddca46e0f979a49cb3b3f384fba1f.txt,0,1
npds_01755_V_P_I_854_jpg.rf.481efe698117d90058d88e7e6e9d487b,npds,/home/divya/projects/IndianANPR/data/processed/npds_leakage_safe/images/train/V_P_I_854_jpg.rf.481efe698117d90058d88e7e6e9d487b.jpg,/home/divya/projects/IndianANPR/data/processed/npds_leakage_safe/labels/train/V_P_I_854_jpg.rf.481efe698117d90058d88e7e6e9d487b.txt,0,1
npds_01756_V_P_I_2620_jpg.rf.63a1b230890076a634d4e65d62d666e1,npds,/home/divya/projects/IndianANPR/data/processed/npds_leakage_safe/images/train/V_P_I_2620_jpg.rf.63a1b230890076a634d4e65d62d666e1.jpg,/home/divya/projects/IndianANPR/data/processed/npds_leakage_safe/labels/train/V_P_I_2620_jpg.rf.63a1b230890076a634d4e65d62d666e1.txt,0,1
npds_01757_V_P_I_3020_jpg.rf.ec814cd8d571fcc06a35830dc9803eed,npds,/home/divya/projects/IndianANPR/data/processed/npds_leakage_safe/images/train/V_P_I_3020_jpg.rf.ec814cd8d571fcc06a35830dc9803eed.jpg,/home/divya/projects/IndianANPR/data/processed/npds_leakage_safe/labels/train/V_P_I_3020_jpg.rf.ec814cd8d571fcc06a35830dc9803eed.txt,0,1
npds_01758_V_P_I_2368_jpg.rf.28d9ba44030de41ce075316fc0946223,npds,/home/divya/projects/IndianANPR/data/processed/npds_leakage_safe/images/train/V_P_I_2368_jpg.rf.28d9ba44030de41ce075316fc0946223.jpg,/home/divya/projects/IndianANPR/data/processed/npds_leakage_safe/labels/train/V_P_I_2368_jpg.rf.28d9ba44030de41ce075316fc0946223.txt,0,1
npds_01759_V_P_I_192_jpg.rf.b13edfcf45bff570fa441bebb7f1858b,npds,/home/divya/projects/IndianANPR/data/processed/npds_leakage_safe/images/train/V_P_I_192_jpg.rf.b13edfcf45bff570fa441bebb7f1858b.jpg,/home/divya/projects/IndianANPR/data/processed/npds_leakage_safe/labels/train/V_P_I_192_jpg.rf.b13edfcf45bff570fa441bebb7f1858b.txt,0,1
npds_01760_V_P_I_1108_jpg.rf.c818fdc8afc7e408cc703aa7c0062d49,npds,/home/divya/projects/IndianANPR/data/processed/npds_leakage_safe/images/train/V_P_I_1108_jpg.rf.c818fdc8afc7e408cc703aa7c0062d49.jpg,/home/divya/projects/IndianANPR/data/processed/npds_leakage_safe/labels/train/V_P_I_1108_jpg.rf.c818fdc8afc7e408cc703aa7c0062d49.txt,0,1
npds_01761_V_P_I_3277_jpg.rf.182159252a811ef63e49abb024a4fbf5,npds,/home/divya/projects/IndianANPR/data/processed/npds_leakage_safe/images/train/V_P_I_3277_jpg.rf.182159252a811ef63e49abb024a4fbf5.jpg,/home/divya/projects/IndianANPR/data/processed/npds_leakage_safe/labels/train/V_P_I_3277_jpg.rf.182159252a811ef63e49abb024a4fbf5.txt,0,1
npds_01762_V_P_I_2245_jpg.rf.00928e7cfe27ec14b82389b1b2aaa55f,npds,/home/divya/projects/IndianANPR/data/processed/npds_leakage_safe/images/train/V_P_I_2245_jpg.rf.00928e7cfe27ec14b82389b1b2aaa55f.jpg,/home/divya/projects/IndianANPR/data/processed/npds_leakage_safe/labels/train/V_P_I_2245_jpg.rf.00928e7cfe27ec14b82389b1b2aaa55f.txt,0,1
npds_01763_V_P_I_1708_jpg.rf.518f13a7df14cf612df6ac4401f00b10,npds,/home/divya/projects/IndianANPR/data/processed/npds_leakage_safe/images/train/V_P_I_1708_jpg.rf.518f13a7df14cf612df6ac4401f00b10.jpg,/home/divya/projects/IndianANPR/data/processed/npds_leakage_safe/labels/train/V_P_I_1708_jpg.rf.518f13a7df14cf612df6ac4401f00b10.txt,0,2
npds_01764_V_P_I_2478_jpg.rf.45b437cced380d95dbb2b6397b8490aa,npds,/home/divya/projects/IndianANPR/data/processed/npds_leakage_safe/images/train/V_P_I_2478_jpg.rf.45b437cced380d95dbb2b6397b8490aa.jpg,/home/divya/projects/IndianANPR/data/processed/npds_leakage_safe/labels/train/V_P_I_2478_jpg.rf.45b437cced380d95dbb2b6397b8490aa.txt,0,1
npds_01765_V_P_I_2481_jpg.rf.f87a5619c85f0ab93a9a8572ebb2809f,npds,/home/divya/projects/IndianANPR/data/processed/npds_leakage_safe/images/train/V_P_I_2481_jpg.rf.f87a5619c85f0ab93a9a8572ebb2809f.jpg,/home/divya/projects/IndianANPR/data/processed/npds_leakage_safe/labels/train/V_P_I_2481_jpg.rf.f87a5619c85f0ab93a9a8572ebb2809f.txt,0,1
npds_01766_V_P_I_1775_jpg.rf.aaf0e5d4796c5e4caf877e437bf73a38,npds,/home/divya/projects/IndianANPR/data/processed/npds_leakage_safe/images/train/V_P_I_1775_jpg.rf.aaf0e5d4796c5e4caf877e437bf73a38.jpg,/home/divya/projects/IndianANPR/data/processed/npds_leakage_safe/labels/train/V_P_I_1775_jpg.rf.aaf0e5d4796c5e4caf877e437bf73a38.txt,0,1
npds_01767_V_P_I_2219_jpg.rf.fd22d5b471eec027ddb88f8342d408c6,npds,/home/divya/projects/IndianANPR/data/processed/npds_leakage_safe/images/train/V_P_I_2219_jpg.rf.fd22d5b471eec027ddb88f8342d408c6.jpg,/home/divya/projects/IndianANPR/data/processed/npds_leakage_safe/labels/train/V_P_I_2219_jpg.rf.fd22d5b471eec027ddb88f8342d408c6.txt,0,1
npds_01768_V_P_I_1337_jpg.rf.f4e95884154d0892adb93ee75e9ea911,npds,/home/divya/projects/IndianANPR/data/processed/npds_leakage_safe/images/train/V_P_I_1337_jpg.rf.f4e95884154d0892adb93ee75e9ea911.jpg,/home/divya/projects/IndianANPR/data/processed/npds_leakage_safe/labels/train/V_P_I_1337_jpg.rf.f4e95884154d0892adb93ee75e9ea911.txt,0,1
npds_01769_V_P_I_3261_jpg.rf.e9d1a5aa6f3bf8f8f9f18f30d7b070d2,npds,/home/divya/projects/IndianANPR/data/processed/npds_leakage_safe/images/train/V_P_I_3261_jpg.rf.e9d1a5aa6f3bf8f8f9f18f30d7b070d2.jpg,/home/divya/projects/IndianANPR/data/processed/npds_leakage_safe/labels/train/V_P_I_3261_jpg.rf.e9d1a5aa6f3bf8f8f9f18f30d7b070d2.txt,0,1
npds_01770_V_P_I_2231_jpg.rf.0c5b6bd6adfc0e0483c9ee06dd0c1d30,npds,/home/divya/projects/IndianANPR/data/processed/npds_leakage_safe/images/train/V_P_I_2231_jpg.rf.0c5b6bd6adfc0e0483c9ee06dd0c1d30.jpg,/home/divya/projects/IndianANPR/data/processed/npds_leakage_safe/labels/train/V_P_I_2231_jpg.rf.0c5b6bd6adfc0e0483c9ee06dd0c1d30.txt,0,1
npds_01771_V_P_I_2809_jpg.rf.318fdd80e9e76868a1c6c7826900dcc1,npds,/home/divya/projects/IndianANPR/data/processed/npds_leakage_safe/images/train/V_P_I_2809_jpg.rf.318fdd80e9e76868a1c6c7826900dcc1.jpg,/home/divya/projects/IndianANPR/data/processed/npds_leakage_safe/labels/train/V_P_I_2809_jpg.rf.318fdd80e9e76868a1c6c7826900dcc1.txt,0,1
npds_01772_V_P_I_3114_jpg.rf.4ca8ea800ea6aea3209fddd8352653b1,npds,/home/divya/projects/IndianANPR/data/processed/npds_leakage_safe/images/train/V_P_I_3114_jpg.rf.4ca8ea800ea6aea3209fddd8352653b1.jpg,/home/divya/projects/IndianANPR/data/processed/npds_leakage_safe/labels/train/V_P_I_3114_jpg.rf.4ca8ea800ea6aea3209fddd8352653b1.txt,0,1
npds_01773_V_P_I_2206_jpg.rf.654d220abd2480aed3bf723c9f5bbe39,npds,/home/divya/projects/IndianANPR/data/processed/npds_leakage_safe/images/train/V_P_I_2206_jpg.rf.654d220abd2480aed3bf723c9f5bbe39.jpg,/home/divya/projects/IndianANPR/data/processed/npds_leakage_safe/labels/train/V_P_I_2206_jpg.rf.654d220abd2480aed3bf723c9f5bbe39.txt,0,1
npds_01774_V_P_I_119_jpg.rf.4f7d665e7dbd744a6fbea552e9ed8cde,npds,/home/divya/projects/IndianANPR/data/processed/npds_leakage_safe/images/train/V_P_I_119_jpg.rf.4f7d665e7dbd744a6fbea552e9ed8cde.jpg,/home/divya/projects/IndianANPR/data/processed/npds_leakage_safe/labels/train/V_P_I_119_jpg.rf.4f7d665e7dbd744a6fbea552e9ed8cde.txt,0,2
npds_01775_V_P_I_2337_jpg.rf.8302275fd5ca7d896bcca25ae5a1e282,npds,/home/divya/projects/IndianANPR/data/processed/npds_leakage_safe/images/train/V_P_I_2337_jpg.rf.8302275fd5ca7d896bcca25ae5a1e282.jpg,/home/divya/projects/IndianANPR/data/processed/npds_leakage_safe/labels/train/V_P_I_2337_jpg.rf.8302275fd5ca7d896bcca25ae5a1e282.txt,0,1
npds_01776_V_P_I_1918_jpg.rf.b9b9f9aaaf5cf7eaa684cdb305f19f12,npds,/home/divya/projects/IndianANPR/data/processed/npds_leakage_safe/images/train/V_P_I_1918_jpg.rf.b9b9f9aaaf5cf7eaa684cdb305f19f12.jpg,/home/divya/projects/IndianANPR/data/processed/npds_leakage_safe/labels/train/V_P_I_1918_jpg.rf.b9b9f9aaaf5cf7eaa684cdb305f19f12.txt,0,1
npds_01777_V_P_I_1630_jpg.rf.f0f71082d4bf08eb1cada4c3efce3dde,npds,/home/divya/projects/IndianANPR/data/processed/npds_leakage_safe/images/train/V_P_I_1630_jpg.rf.f0f71082d4bf08eb1cada4c3efce3dde.jpg,/home/divya/projects/IndianANPR/data/processed/npds_leakage_safe/labels/train/V_P_I_1630_jpg.rf.f0f71082d4bf08eb1cada4c3efce3dde.txt,0,1
npds_01778_V_P_I_1415_jpg.rf.eafed36bcfd5674db2aabcf300e7e824,npds,/home/divya/projects/IndianANPR/data/processed/npds_leakage_safe/images/train/V_P_I_1415_jpg.rf.eafed36bcfd5674db2aabcf300e7e824.jpg,/home/divya/projects/IndianANPR/data/processed/npds_leakage_safe/labels/train/V_P_I_1415_jpg.rf.eafed36bcfd5674db2aabcf300e7e824.txt,0,1
npds_01779_V_P_I_586_jpg.rf.79df24ad317863bfc20e58d8eecb84fb,npds,/home/divya/projects/IndianANPR/data/processed/npds_leakage_safe/images/train/V_P_I_586_jpg.rf.79df24ad317863bfc20e58d8eecb84fb.jpg,/home/divya/projects/IndianANPR/data/processed/npds_leakage_safe/labels/train/V_P_I_586_jpg.rf.79df24ad317863bfc20e58d8eecb84fb.txt,0,1
npds_01780_V_P_I_2514_jpg.rf.6a7e4370358ffb3af5b954a11eff5f24,npds,/home/divya/projects/IndianANPR/data/processed/npds_leakage_safe/images/train/V_P_I_2514_jpg.rf.6a7e4370358ffb3af5b954a11eff5f24.jpg,/home/divya/projects/IndianANPR/data/processed/npds_leakage_safe/labels/train/V_P_I_2514_jpg.rf.6a7e4370358ffb3af5b954a11eff5f24.txt,0,1
npds_01781_V_P_I_130_jpg.rf.ffd41aab06f74a73f482610391032f74,npds,/home/divya/projects/IndianANPR/data/processed/npds_leakage_safe/images/train/V_P_I_130_jpg.rf.ffd41aab06f74a73f482610391032f74.jpg,/home/divya/projects/IndianANPR/data/processed/npds_leakage_safe/labels/train/V_P_I_130_jpg.rf.ffd41aab06f74a73f482610391032f74.txt,0,1
npds_01782_V_P_I_3178_jpg.rf.2c88d061423856d01696ccfcf296157a,npds,/home/divya/projects/IndianANPR/data/processed/npds_leakage_safe/images/train/V_P_I_3178_jpg.rf.2c88d061423856d01696ccfcf296157a.jpg,/home/divya/projects/IndianANPR/data/processed/npds_leakage_safe/labels/train/V_P_I_3178_jpg.rf.2c88d061423856d01696ccfcf296157a.txt,0,1
npds_01783_V_P_I_774_jpg.rf.be81f7e3b211015b90f150c5f922bd4e,npds,/home/divya/projects/IndianANPR/data/processed/npds_leakage_safe/images/train/V_P_I_774_jpg.rf.be81f7e3b211015b90f150c5f922bd4e.jpg,/home/divya/projects/IndianANPR/data/processed/npds_leakage_safe/labels/train/V_P_I_774_jpg.rf.be81f7e3b211015b90f150c5f922bd4e.txt,0,1
npds_01784_V_P_I_3105_jpg.rf.61dd2afe5e26d9e6c6fecf3c44b7a59c,npds,/home/divya/projects/IndianANPR/data/processed/npds_leakage_safe/images/train/V_P_I_3105_jpg.rf.61dd2afe5e26d9e6c6fecf3c44b7a59c.jpg,/home/divya/projects/IndianANPR/data/processed/npds_leakage_safe/labels/train/V_P_I_3105_jpg.rf.61dd2afe5e26d9e6c6fecf3c44b7a59c.txt,0,1
npds_01785_V_P_I_309_jpg.rf.2b060a74212d7648ec6864f4756b58d1,npds,/home/divya/projects/IndianANPR/data/processed/npds_leakage_safe/images/train/V_P_I_309_jpg.rf.2b060a74212d7648ec6864f4756b58d1.jpg,/home/divya/projects/IndianANPR/data/processed/npds_leakage_safe/labels/train/V_P_I_309_jpg.rf.2b060a74212d7648ec6864f4756b58d1.txt,0,1
npds_01786_V_P_I_2973_jpg.rf.51070c0819fed3562a193220947df13b,npds,/home/divya/projects/IndianANPR/data/processed/npds_leakage_safe/images/train/V_P_I_2973_jpg.rf.51070c0819fed3562a193220947df13b.jpg,/home/divya/projects/IndianANPR/data/processed/npds_leakage_safe/labels/train/V_P_I_2973_jpg.rf.51070c0819fed3562a193220947df13b.txt,0,1
npds_01787_V_P_I_106_jpg.rf.72a4f2bb7abd56b7753c56e5a11da0b0,npds,/home/divya/projects/IndianANPR/data/processed/npds_leakage_safe/images/train/V_P_I_106_jpg.rf.72a4f2bb7abd56b7753c56e5a11da0b0.jpg,/home/divya/projects/IndianANPR/data/processed/npds_leakage_safe/labels/train/V_P_I_106_jpg.rf.72a4f2bb7abd56b7753c56e5a11da0b0.txt,0,1
npds_01788_V_P_I_919_jpg.rf.589a94b699917f519062da5b9baeaec0,npds,/home/divya/projects/IndianANPR/data/processed/npds_leakage_safe/images/train/V_P_I_919_jpg.rf.589a94b699917f519062da5b9baeaec0.jpg,/home/divya/projects/IndianANPR/data/processed/npds_leakage_safe/labels/train/V_P_I_919_jpg.rf.589a94b699917f519062da5b9baeaec0.txt,0,1
npds_01789_V_P_I_459_jpg.rf.1b1fe206a2afd5f35db0ac8dca102b19,npds,/home/divya/projects/IndianANPR/data/processed/npds_leakage_safe/images/train/V_P_I_459_jpg.rf.1b1fe206a2afd5f35db0ac8dca102b19.jpg,/home/divya/projects/IndianANPR/data/processed/npds_leakage_safe/labels/train/V_P_I_459_jpg.rf.1b1fe206a2afd5f35db0ac8dca102b19.txt,0,1
npds_01790_V_P_I_889_jpg.rf.39d83326014f01dfc96e411e0524c940,npds,/home/divya/projects/IndianANPR/data/processed/npds_leakage_safe/images/train/V_P_I_889_jpg.rf.39d83326014f01dfc96e411e0524c940.jpg,/home/divya/projects/IndianANPR/data/processed/npds_leakage_safe/labels/train/V_P_I_889_jpg.rf.39d83326014f01dfc96e411e0524c940.txt,0,1
npds_01791_V_P_I_1798_jpg.rf.6e66e0cf3e06c6190f43db9d81c66702,npds,/home/divya/projects/IndianANPR/data/processed/npds_leakage_safe/images/train/V_P_I_1798_jpg.rf.6e66e0cf3e06c6190f43db9d81c66702.jpg,/home/divya/projects/IndianANPR/data/processed/npds_leakage_safe/labels/train/V_P_I_1798_jpg.rf.6e66e0cf3e06c6190f43db9d81c66702.txt,0,1
npds_01792_V_P_I_1428_jpg.rf.06cdad0650a96d1c7b40a9b00625965f,npds,/home/divya/projects/IndianANPR/data/processed/npds_leakage_safe/images/train/V_P_I_1428_jpg.rf.06cdad0650a96d1c7b40a9b00625965f.jpg,/home/divya/projects/IndianANPR/data/processed/npds_leakage_safe/labels/train/V_P_I_1428_jpg.rf.06cdad0650a96d1c7b40a9b00625965f.txt,0,1
npds_01793_V_P_I_459_jpg.rf.8a1c0fbcc960806cf6f2f34dc37a6fe6,npds,/home/divya/projects/IndianANPR/data/processed/npds_leakage_safe/images/train/V_P_I_459_jpg.rf.8a1c0fbcc960806cf6f2f34dc37a6fe6.jpg,/home/divya/projects/IndianANPR/data/processed/npds_leakage_safe/labels/train/V_P_I_459_jpg.rf.8a1c0fbcc960806cf6f2f34dc37a6fe6.txt,0,1
npds_01794_V_P_I_2866_jpg.rf.c11cbfccb96d70846a696354cb7fbdfa,npds,/home/divya/projects/IndianANPR/data/processed/npds_leakage_safe/images/train/V_P_I_2866_jpg.rf.c11cbfccb96d70846a696354cb7fbdfa.jpg,/home/divya/projects/IndianANPR/data/processed/npds_leakage_safe/labels/train/V_P_I_2866_jpg.rf.c11cbfccb96d70846a696354cb7fbdfa.txt,0,1
npds_01795_V_P_I_1676_jpg.rf.9b73d7998e33203e31458fa660632407,npds,/home/divya/projects/IndianANPR/data/processed/npds_leakage_safe/images/train/V_P_I_1676_jpg.rf.9b73d7998e33203e31458fa660632407.jpg,/home/divya/projects/IndianANPR/data/processed/npds_leakage_safe/labels/train/V_P_I_1676_jpg.rf.9b73d7998e33203e31458fa660632407.txt,0,1
npds_01796_V_P_I_799_jpg.rf.f53de85208341e0001302db5167dcaf2,npds,/home/divya/projects/IndianANPR/data/processed/npds_leakage_safe/images/train/V_P_I_799_jpg.rf.f53de85208341e0001302db5167dcaf2.jpg,/home/divya/projects/IndianANPR/data/processed/npds_leakage_safe/labels/train/V_P_I_799_jpg.rf.f53de85208341e0001302db5167dcaf2.txt,0,1
npds_01797_V_P_I_603_jpg.rf.c0a9841a67c3b036e90cb391564d51c0,npds,/home/divya/projects/IndianANPR/data/processed/npds_leakage_safe/images/train/V_P_I_603_jpg.rf.c0a9841a67c3b036e90cb391564d51c0.jpg,/home/divya/projects/IndianANPR/data/processed/npds_leakage_safe/labels/train/V_P_I_603_jpg.rf.c0a9841a67c3b036e90cb391564d51c0.txt,0,4
npds_01798_V_P_I_374_jpg.rf.b748a3fb3fecf96c653d493fa29414f0,npds,/home/divya/projects/IndianANPR/data/processed/npds_leakage_safe/images/train/V_P_I_374_jpg.rf.b748a3fb3fecf96c653d493fa29414f0.jpg,/home/divya/projects/IndianANPR/data/processed/npds_leakage_safe/labels/train/V_P_I_374_jpg.rf.b748a3fb3fecf96c653d493fa29414f0.txt,0,1
npds_01799_V_P_I_283_jpg.rf.9b195caa32540ae32423ca76abab9601,npds,/home/divya/projects/IndianANPR/data/processed/npds_leakage_safe/images/train/V_P_I_283_jpg.rf.9b195caa32540ae32423ca76abab9601.jpg,/home/divya/projects/IndianANPR/data/processed/npds_leakage_safe/labels/train/V_P_I_283_jpg.rf.9b195caa32540ae32423ca76abab9601.txt,0,1
npds_01800_V_P_I_1682_jpg.rf.5548f040823619fc116691bc63339add,npds,/home/divya/projects/IndianANPR/data/processed/npds_leakage_safe/images/train/V_P_I_1682_jpg.rf.5548f040823619fc116691bc63339add.jpg,/home/divya/projects/IndianANPR/data/processed/npds_leakage_safe/labels/train/V_P_I_1682_jpg.rf.5548f040823619fc116691bc63339add.txt,0,1
npds_01801_V_P_I_2932_jpg.rf.7f53a28451ee646cebb623fec685ae36,npds,/home/divya/projects/IndianANPR/data/processed/npds_leakage_safe/images/train/V_P_I_2932_jpg.rf.7f53a28451ee646cebb623fec685ae36.jpg,/home/divya/projects/IndianANPR/data/processed/npds_leakage_safe/labels/train/V_P_I_2932_jpg.rf.7f53a28451ee646cebb623fec685ae36.txt,0,1
npds_01802_V_P_I_1705_jpg.rf.0261dbacee6ef55c6843876b4f46c55f,npds,/home/divya/projects/IndianANPR/data/processed/npds_leakage_safe/images/train/V_P_I_1705_jpg.rf.0261dbacee6ef55c6843876b4f46c55f.jpg,/home/divya/projects/IndianANPR/data/processed/npds_leakage_safe/labels/train/V_P_I_1705_jpg.rf.0261dbacee6ef55c6843876b4f46c55f.txt,0,2
npds_01803_V_P_I_550_jpg.rf.40b19a37c53849af72a4483d2abd8e0b,npds,/home/divya/projects/IndianANPR/data/processed/npds_leakage_safe/images/train/V_P_I_550_jpg.rf.40b19a37c53849af72a4483d2abd8e0b.jpg,/home/divya/projects/IndianANPR/data/processed/npds_leakage_safe/labels/train/V_P_I_550_jpg.rf.40b19a37c53849af72a4483d2abd8e0b.txt,0,1
npds_01804_V_P_I_1765_jpg.rf.f41180678ab9134eb2c4dcc22bdeab20,npds,/home/divya/projects/IndianANPR/data/processed/npds_leakage_safe/images/train/V_P_I_1765_jpg.rf.f41180678ab9134eb2c4dcc22bdeab20.jpg,/home/divya/projects/IndianANPR/data/processed/npds_leakage_safe/labels/train/V_P_I_1765_jpg.rf.f41180678ab9134eb2c4dcc22bdeab20.txt,0,1
npds_01805_V_P_I_672_jpg.rf.5cacbe9be8e823ee253096ade65db892,npds,/home/divya/projects/IndianANPR/data/processed/npds_leakage_safe/images/train/V_P_I_672_jpg.rf.5cacbe9be8e823ee253096ade65db892.jpg,/home/divya/projects/IndianANPR/data/processed/npds_leakage_safe/labels/train/V_P_I_672_jpg.rf.5cacbe9be8e823ee253096ade65db892.txt,0,1
npds_01806_V_P_I_407_jpg.rf.9622cb7cf5449c97b7600acba63171df,npds,/home/divya/projects/IndianANPR/data/processed/npds_leakage_safe/images/train/V_P_I_407_jpg.rf.9622cb7cf5449c97b7600acba63171df.jpg,/home/divya/projects/IndianANPR/data/processed/npds_leakage_safe/labels/train/V_P_I_407_jpg.rf.9622cb7cf5449c97b7600acba63171df.txt,0,1
npds_01807_V_P_I_839_jpg.rf.f78da50c4478dd6bbf329619c5272d9f,npds,/home/divya/projects/IndianANPR/data/processed/npds_leakage_safe/images/train/V_P_I_839_jpg.rf.f78da50c4478dd6bbf329619c5272d9f.jpg,/home/divya/projects/IndianANPR/data/processed/npds_leakage_safe/labels/train/V_P_I_839_jpg.rf.f78da50c4478dd6bbf329619c5272d9f.txt,0,1
npds_01808_V_P_I_463_jpg.rf.a7498f6ee519ca8769a3bd796bf84814,npds,/home/divya/projects/IndianANPR/data/processed/npds_leakage_safe/images/train/V_P_I_463_jpg.rf.a7498f6ee519ca8769a3bd796bf84814.jpg,/home/divya/projects/IndianANPR/data/processed/npds_leakage_safe/labels/train/V_P_I_463_jpg.rf.a7498f6ee519ca8769a3bd796bf84814.txt,0,1
npds_01809_V_P_I_2970_jpg.rf.249a055adb405b1b26d92d3e8de99327,npds,/home/divya/projects/IndianANPR/data/processed/npds_leakage_safe/images/train/V_P_I_2970_jpg.rf.249a055adb405b1b26d92d3e8de99327.jpg,/home/divya/projects/IndianANPR/data/processed/npds_leakage_safe/labels/train/V_P_I_2970_jpg.rf.249a055adb405b1b26d92d3e8de99327.txt,0,1
npds_01810_V_P_I_1013_jpg.rf.d29d7c38a9169b90e98647a392b807e0,npds,/home/divya/projects/IndianANPR/data/processed/npds_leakage_safe/images/train/V_P_I_1013_jpg.rf.d29d7c38a9169b90e98647a392b807e0.jpg,/home/divya/projects/IndianANPR/data/processed/npds_leakage_safe/labels/train/V_P_I_1013_jpg.rf.d29d7c38a9169b90e98647a392b807e0.txt,0,1
npds_01811_V_P_I_1920_jpg.rf.439fbead33af78e56f2b220f3540b899,npds,/home/divya/projects/IndianANPR/data/processed/npds_leakage_safe/images/train/V_P_I_1920_jpg.rf.439fbead33af78e56f2b220f3540b899.jpg,/home/divya/projects/IndianANPR/data/processed/npds_leakage_safe/labels/train/V_P_I_1920_jpg.rf.439fbead33af78e56f2b220f3540b899.txt,0,1
npds_01812_V_P_I_1483_jpg.rf.64fa055e2d4685bf3980c58a91c1c138,npds,/home/divya/projects/IndianANPR/data/processed/npds_leakage_safe/images/train/V_P_I_1483_jpg.rf.64fa055e2d4685bf3980c58a91c1c138.jpg,/home/divya/projects/IndianANPR/data/processed/npds_leakage_safe/labels/train/V_P_I_1483_jpg.rf.64fa055e2d4685bf3980c58a91c1c138.txt,0,1
npds_01813_V_P_I_1440_jpg.rf.27c84c58f54984e81d4bc5381ef423a2,npds,/home/divya/projects/IndianANPR/data/processed/npds_leakage_safe/images/train/V_P_I_1440_jpg.rf.27c84c58f54984e81d4bc5381ef423a2.jpg,/home/divya/projects/IndianANPR/data/processed/npds_leakage_safe/labels/train/V_P_I_1440_jpg.rf.27c84c58f54984e81d4bc5381ef423a2.txt,0,1
npds_01814_V_P_I_619_jpg.rf.c0e129bd6e773e02c47f27c31ba2dc07,npds,/home/divya/projects/IndianANPR/data/processed/npds_leakage_safe/images/train/V_P_I_619_jpg.rf.c0e129bd6e773e02c47f27c31ba2dc07.jpg,/home/divya/projects/IndianANPR/data/processed/npds_leakage_safe/labels/train/V_P_I_619_jpg.rf.c0e129bd6e773e02c47f27c31ba2dc07.txt,0,1
npds_01815_V_P_I_647_jpg.rf.2f5595a7ca7bdcdc271f5bb4543a7510,npds,/home/divya/projects/IndianANPR/data/processed/npds_leakage_safe/images/train/V_P_I_647_jpg.rf.2f5595a7ca7bdcdc271f5bb4543a7510.jpg,/home/divya/projects/IndianANPR/data/processed/npds_leakage_safe/labels/train/V_P_I_647_jpg.rf.2f5595a7ca7bdcdc271f5bb4543a7510.txt,0,1
npds_01816_V_P_I_496_jpg.rf.a0c1182d71021ed7bd6759102d14f063,npds,/home/divya/projects/IndianANPR/data/processed/npds_leakage_safe/images/train/V_P_I_496_jpg.rf.a0c1182d71021ed7bd6759102d14f063.jpg,/home/divya/projects/IndianANPR/data/processed/npds_leakage_safe/labels/train/V_P_I_496_jpg.rf.a0c1182d71021ed7bd6759102d14f063.txt,0,1
npds_01817_V_P_I_1574_jpg.rf.cc84cfc2a57831c18ec5759a2fd65f11,npds,/home/divya/projects/IndianANPR/data/processed/npds_leakage_safe/images/train/V_P_I_1574_jpg.rf.cc84cfc2a57831c18ec5759a2fd65f11.jpg,/home/divya/projects/IndianANPR/data/processed/npds_leakage_safe/labels/train/V_P_I_1574_jpg.rf.cc84cfc2a57831c18ec5759a2fd65f11.txt,0,2
npds_01818_V_P_I_1370_jpg.rf.e4b6a53c40f6b26a9c0a4de7a82adb9d,npds,/home/divya/projects/IndianANPR/data/processed/npds_leakage_safe/images/train/V_P_I_1370_jpg.rf.e4b6a53c40f6b26a9c0a4de7a82adb9d.jpg,/home/divya/projects/IndianANPR/data/processed/npds_leakage_safe/labels/train/V_P_I_1370_jpg.rf.e4b6a53c40f6b26a9c0a4de7a82adb9d.txt,0,1
npds_01819_V_P_I_3171_jpg.rf.48207b553a757f22d2445132ccc25bd2,npds,/home/divya/projects/IndianANPR/data/processed/npds_leakage_safe/images/train/V_P_I_3171_jpg.rf.48207b553a757f22d2445132ccc25bd2.jpg,/home/divya/projects/IndianANPR/data/processed/npds_leakage_safe/labels/train/V_P_I_3171_jpg.rf.48207b553a757f22d2445132ccc25bd2.txt,0,1
npds_01820_V_P_I_1082_jpg.rf.27721a623f028e69322804e2dc0f90eb,npds,/home/divya/projects/IndianANPR/data/processed/npds_leakage_safe/images/train/V_P_I_1082_jpg.rf.27721a623f028e69322804e2dc0f90eb.jpg,/home/divya/projects/IndianANPR/data/processed/npds_leakage_safe/labels/train/V_P_I_1082_jpg.rf.27721a623f028e69322804e2dc0f90eb.txt,0,1
npds_01821_V_P_I_1444_jpg.rf.dff791b03888365c17ad0047f78f0a56,npds,/home/divya/projects/IndianANPR/data/processed/npds_leakage_safe/images/train/V_P_I_1444_jpg.rf.dff791b03888365c17ad0047f78f0a56.jpg,/home/divya/projects/IndianANPR/data/processed/npds_leakage_safe/labels/train/V_P_I_1444_jpg.rf.dff791b03888365c17ad0047f78f0a56.txt,0,1
npds_01822_V_P_I_1051_jpg.rf.d0ed9cd4d710fa1a8679ac1b487199a5,npds,/home/divya/projects/IndianANPR/data/processed/npds_leakage_safe/images/train/V_P_I_1051_jpg.rf.d0ed9cd4d710fa1a8679ac1b487199a5.jpg,/home/divya/projects/IndianANPR/data/processed/npds_leakage_safe/labels/train/V_P_I_1051_jpg.rf.d0ed9cd4d710fa1a8679ac1b487199a5.txt,0,1
npds_01823_V_P_I_2205_jpg.rf.2ec96c0cfe77e9920104a5cd96e4cb46,npds,/home/divya/projects/IndianANPR/data/processed/npds_leakage_safe/images/train/V_P_I_2205_jpg.rf.2ec96c0cfe77e9920104a5cd96e4cb46.jpg,/home/divya/projects/IndianANPR/data/processed/npds_leakage_safe/labels/train/V_P_I_2205_jpg.rf.2ec96c0cfe77e9920104a5cd96e4cb46.txt,0,2
npds_01824_V_P_I_693_jpg.rf.470786ead5cb99d63f86f207233d91da,npds,/home/divya/projects/IndianANPR/data/processed/npds_leakage_safe/images/train/V_P_I_693_jpg.rf.470786ead5cb99d63f86f207233d91da.jpg,/home/divya/projects/IndianANPR/data/processed/npds_leakage_safe/labels/train/V_P_I_693_jpg.rf.470786ead5cb99d63f86f207233d91da.txt,0,1
npds_01825_V_P_I_461_jpg.rf.791ff43938be398a7a60f84b3a4d25ef,npds,/home/divya/projects/IndianANPR/data/processed/npds_leakage_safe/images/train/V_P_I_461_jpg.rf.791ff43938be398a7a60f84b3a4d25ef.jpg,/home/divya/projects/IndianANPR/data/processed/npds_leakage_safe/labels/train/V_P_I_461_jpg.rf.791ff43938be398a7a60f84b3a4d25ef.txt,0,1
npds_01826_V_P_I_1779_jpg.rf.faccde969a5b2c13eb7b4e69853a989a,npds,/home/divya/projects/IndianANPR/data/processed/npds_leakage_safe/images/train/V_P_I_1779_jpg.rf.faccde969a5b2c13eb7b4e69853a989a.jpg,/home/divya/projects/IndianANPR/data/processed/npds_leakage_safe/labels/train/V_P_I_1779_jpg.rf.faccde969a5b2c13eb7b4e69853a989a.txt,0,1
npds_01827_V_P_I_2945_jpg.rf.2558ced2bdb049b5f3050828b0ee0988,npds,/home/divya/projects/IndianANPR/data/processed/npds_leakage_safe/images/train/V_P_I_2945_jpg.rf.2558ced2bdb049b5f3050828b0ee0988.jpg,/home/divya/projects/IndianANPR/data/processed/npds_leakage_safe/labels/train/V_P_I_2945_jpg.rf.2558ced2bdb049b5f3050828b0ee0988.txt,0,1
npds_01828_V_P_I_2102_jpg.rf.51bd153494f529ceae7b0df6d1c6a078,npds,/home/divya/projects/IndianANPR/data/processed/npds_leakage_safe/images/train/V_P_I_2102_jpg.rf.51bd153494f529ceae7b0df6d1c6a078.jpg,/home/divya/projects/IndianANPR/data/processed/npds_leakage_safe/labels/train/V_P_I_2102_jpg.rf.51bd153494f529ceae7b0df6d1c6a078.txt,0,1
npds_01829_V_P_I_1055_jpg.rf.5a261280d07575311c529d59967297fd,npds,/home/divya/projects/IndianANPR/data/processed/npds_leakage_safe/images/train/V_P_I_1055_jpg.rf.5a261280d07575311c529d59967297fd.jpg,/home/divya/projects/IndianANPR/data/processed/npds_leakage_safe/labels/train/V_P_I_1055_jpg.rf.5a261280d07575311c529d59967297fd.txt,0,1
npds_01830_V_P_I_1574_jpg.rf.9f77eff31b009871e364615384885d3f,npds,/home/divya/projects/IndianANPR/data/processed/npds_leakage_safe/images/train/V_P_I_1574_jpg.rf.9f77eff31b009871e364615384885d3f.jpg,/home/divya/projects/IndianANPR/data/processed/npds_leakage_safe/labels/train/V_P_I_1574_jpg.rf.9f77eff31b009871e364615384885d3f.txt,0,2
npds_01831_V_P_I_1875_jpg.rf.46c3d37debfc2ebf21926a73a44d52a0,npds,/home/divya/projects/IndianANPR/data/processed/npds_leakage_safe/images/train/V_P_I_1875_jpg.rf.46c3d37debfc2ebf21926a73a44d52a0.jpg,/home/divya/projects/IndianANPR/data/processed/npds_leakage_safe/labels/train/V_P_I_1875_jpg.rf.46c3d37debfc2ebf21926a73a44d52a0.txt,0,1
npds_01832_V_P_I_1170_jpg.rf.910f981f396ff8ffabb72993039005ff,npds,/home/divya/projects/IndianANPR/data/processed/npds_leakage_safe/images/train/V_P_I_1170_jpg.rf.910f981f396ff8ffabb72993039005ff.jpg,/home/divya/projects/IndianANPR/data/processed/npds_leakage_safe/labels/train/V_P_I_1170_jpg.rf.910f981f396ff8ffabb72993039005ff.txt,0,2
npds_01833_V_P_I_142_jpg.rf.444e98d589eda32d1c1d8fb182bcbc03,npds,/home/divya/projects/IndianANPR/data/processed/npds_leakage_safe/images/train/V_P_I_142_jpg.rf.444e98d589eda32d1c1d8fb182bcbc03.jpg,/home/divya/projects/IndianANPR/data/processed/npds_leakage_safe/labels/train/V_P_I_142_jpg.rf.444e98d589eda32d1c1d8fb182bcbc03.txt,0,1
npds_01834_V_P_I_3468_jpeg_jpg.rf.cc7bf37ed01224580220fd1a75c7ffc1,npds,/home/divya/projects/IndianANPR/data/processed/npds_leakage_safe/images/train/V_P_I_3468_jpeg_jpg.rf.cc7bf37ed01224580220fd1a75c7ffc1.jpg,/home/divya/projects/IndianANPR/data/processed/npds_leakage_safe/labels/train/V_P_I_3468_jpeg_jpg.rf.cc7bf37ed01224580220fd1a75c7ffc1.txt,0,1
npds_01835_V_P_I_2407_jpg.rf.dec48687180e7d500c9ce7fa89c7ee07,npds,/home/divya/projects/IndianANPR/data/processed/npds_leakage_safe/images/train/V_P_I_2407_jpg.rf.dec48687180e7d500c9ce7fa89c7ee07.jpg,/home/divya/projects/IndianANPR/data/processed/npds_leakage_safe/labels/train/V_P_I_2407_jpg.rf.dec48687180e7d500c9ce7fa89c7ee07.txt,0,1
npds_01836_V_P_I_274_jpg.rf.630812e2274d921cd2dc3f9a5abfc678,npds,/home/divya/projects/IndianANPR/data/processed/npds_leakage_safe/images/train/V_P_I_274_jpg.rf.630812e2274d921cd2dc3f9a5abfc678.jpg,/home/divya/projects/IndianANPR/data/processed/npds_leakage_safe/labels/train/V_P_I_274_jpg.rf.630812e2274d921cd2dc3f9a5abfc678.txt,0,1
npds_01837_V_P_I_1387_jpg.rf.fc93661ba3414ed41fb47dbc6f0171c2,npds,/home/divya/projects/IndianANPR/data/processed/npds_leakage_safe/images/train/V_P_I_1387_jpg.rf.fc93661ba3414ed41fb47dbc6f0171c2.jpg,/home/divya/projects/IndianANPR/data/processed/npds_leakage_safe/labels/train/V_P_I_1387_jpg.rf.fc93661ba3414ed41fb47dbc6f0171c2.txt,0,1
npds_01838_V_P_I_3487_jpg.rf.7d58489a6d44f813c1644015a4e36a61,npds,/home/divya/projects/IndianANPR/data/processed/npds_leakage_safe/images/train/V_P_I_3487_jpg.rf.7d58489a6d44f813c1644015a4e36a61.jpg,/home/divya/projects/IndianANPR/data/processed/npds_leakage_safe/labels/train/V_P_I_3487_jpg.rf.7d58489a6d44f813c1644015a4e36a61.txt,0,1
npds_01839_V_P_I_1208_jpg.rf.7d2a597e14246edd73b1fe8d9738b1c5,npds,/home/divya/projects/IndianANPR/data/processed/npds_leakage_safe/images/train/V_P_I_1208_jpg.rf.7d2a597e14246edd73b1fe8d9738b1c5.jpg,/home/divya/projects/IndianANPR/data/processed/npds_leakage_safe/labels/train/V_P_I_1208_jpg.rf.7d2a597e14246edd73b1fe8d9738b1c5.txt,0,1
npds_01840_V_P_I_2585_jpg.rf.d2485e141ad5a3ba2bf6f27ef8121f49,npds,/home/divya/projects/IndianANPR/data/processed/npds_leakage_safe/images/train/V_P_I_2585_jpg.rf.d2485e141ad5a3ba2bf6f27ef8121f49.jpg,/home/divya/projects/IndianANPR/data/processed/npds_leakage_safe/labels/train/V_P_I_2585_jpg.rf.d2485e141ad5a3ba2bf6f27ef8121f49.txt,0,1
npds_01841_V_P_I_2492_jpg.rf.aa1b2d6af675a08ccd5c6d637c723991,npds,/home/divya/projects/IndianANPR/data/processed/npds_leakage_safe/images/train/V_P_I_2492_jpg.rf.aa1b2d6af675a08ccd5c6d637c723991.jpg,/home/divya/projects/IndianANPR/data/processed/npds_leakage_safe/labels/train/V_P_I_2492_jpg.rf.aa1b2d6af675a08ccd5c6d637c723991.txt,0,1
npds_01842_V_P_I_422_jpg.rf.170d4b36b41137ebade713d3635c5e8a,npds,/home/divya/projects/IndianANPR/data/processed/npds_leakage_safe/images/train/V_P_I_422_jpg.rf.170d4b36b41137ebade713d3635c5e8a.jpg,/home/divya/projects/IndianANPR/data/processed/npds_leakage_safe/labels/train/V_P_I_422_jpg.rf.170d4b36b41137ebade713d3635c5e8a.txt,0,1
npds_01843_V_P_I_2218_jpg.rf.6bed36de9906f913db51d3036092bd17,npds,/home/divya/projects/IndianANPR/data/processed/npds_leakage_safe/images/train/V_P_I_2218_jpg.rf.6bed36de9906f913db51d3036092bd17.jpg,/home/divya/projects/IndianANPR/data/processed/npds_leakage_safe/labels/train/V_P_I_2218_jpg.rf.6bed36de9906f913db51d3036092bd17.txt,0,1
npds_01844_V_P_I_2712_jpg.rf.f33d4fa289a9beda2fc435b1773b83b6,npds,/home/divya/projects/IndianANPR/data/processed/npds_leakage_safe/images/train/V_P_I_2712_jpg.rf.f33d4fa289a9beda2fc435b1773b83b6.jpg,/home/divya/projects/IndianANPR/data/processed/npds_leakage_safe/labels/train/V_P_I_2712_jpg.rf.f33d4fa289a9beda2fc435b1773b83b6.txt,0,1
npds_01845_V_P_I_2961_jpg.rf.3ea516844b5aa8bc7407e1c5d13c73cc,npds,/home/divya/projects/IndianANPR/data/processed/npds_leakage_safe/images/train/V_P_I_2961_jpg.rf.3ea516844b5aa8bc7407e1c5d13c73cc.jpg,/home/divya/projects/IndianANPR/data/processed/npds_leakage_safe/labels/train/V_P_I_2961_jpg.rf.3ea516844b5aa8bc7407e1c5d13c73cc.txt,0,1
npds_01846_V_P_I_1367_jpg.rf.cae074f60d69e3320c5563e883a43868,npds,/home/divya/projects/IndianANPR/data/processed/npds_leakage_safe/images/train/V_P_I_1367_jpg.rf.cae074f60d69e3320c5563e883a43868.jpg,/home/divya/projects/IndianANPR/data/processed/npds_leakage_safe/labels/train/V_P_I_1367_jpg.rf.cae074f60d69e3320c5563e883a43868.txt,0,1
npds_01847_V_P_I_2502_jpg.rf.18f701a52b36d17553ffcfc37fe2071d,npds,/home/divya/projects/IndianANPR/data/processed/npds_leakage_safe/images/train/V_P_I_2502_jpg.rf.18f701a52b36d17553ffcfc37fe2071d.jpg,/home/divya/projects/IndianANPR/data/processed/npds_leakage_safe/labels/train/V_P_I_2502_jpg.rf.18f701a52b36d17553ffcfc37fe2071d.txt,0,1
npds_01848_V_P_I_267_jpg.rf.727f92d2ed5a9eae609111cdc5429535,npds,/home/divya/projects/IndianANPR/data/processed/npds_leakage_safe/images/train/V_P_I_267_jpg.rf.727f92d2ed5a9eae609111cdc5429535.jpg,/home/divya/projects/IndianANPR/data/processed/npds_leakage_safe/labels/train/V_P_I_267_jpg.rf.727f92d2ed5a9eae609111cdc5429535.txt,0,1
npds_01849_V_P_I_1725_jpg.rf.4e892a97647f10340096813035d97eb3,npds,/home/divya/projects/IndianANPR/data/processed/npds_leakage_safe/images/train/V_P_I_1725_jpg.rf.4e892a97647f10340096813035d97eb3.jpg,/home/divya/projects/IndianANPR/data/processed/npds_leakage_safe/labels/train/V_P_I_1725_jpg.rf.4e892a97647f10340096813035d97eb3.txt,0,1
npds_01850_V_P_I_301_jpg.rf.e2562877113e15601f374e043d58ce28,npds,/home/divya/projects/IndianANPR/data/processed/npds_leakage_safe/images/train/V_P_I_301_jpg.rf.e2562877113e15601f374e043d58ce28.jpg,/home/divya/projects/IndianANPR/data/processed/npds_leakage_safe/labels/train/V_P_I_301_jpg.rf.e2562877113e15601f374e043d58ce28.txt,0,1
npds_01851_V_P_I_113_jpg.rf.e58a3d98ea5fd16ac9d1123cbd7aa670,npds,/home/divya/projects/IndianANPR/data/processed/npds_leakage_safe/images/train/V_P_I_113_jpg.rf.e58a3d98ea5fd16ac9d1123cbd7aa670.jpg,/home/divya/projects/IndianANPR/data/processed/npds_leakage_safe/labels/train/V_P_I_113_jpg.rf.e58a3d98ea5fd16ac9d1123cbd7aa670.txt,0,1
npds_01852_V_P_I_340_jpg.rf.856f0081cdf26d6dd8fb9dc46d1c3dc8,npds,/home/divya/projects/IndianANPR/data/processed/npds_leakage_safe/images/train/V_P_I_340_jpg.rf.856f0081cdf26d6dd8fb9dc46d1c3dc8.jpg,/home/divya/projects/IndianANPR/data/processed/npds_leakage_safe/labels/train/V_P_I_340_jpg.rf.856f0081cdf26d6dd8fb9dc46d1c3dc8.txt,0,1
npds_01853_V_P_I_440_jpg.rf.0aa57802a7c9762be426e429960fd5c3,npds,/home/divya/projects/IndianANPR/data/processed/npds_leakage_safe/images/train/V_P_I_440_jpg.rf.0aa57802a7c9762be426e429960fd5c3.jpg,/home/divya/projects/IndianANPR/data/processed/npds_leakage_safe/labels/train/V_P_I_440_jpg.rf.0aa57802a7c9762be426e429960fd5c3.txt,0,1
npds_01854_V_P_I_3165_jpg.rf.4488df8b6754bdf3047ae1abd7e149ba,npds,/home/divya/projects/IndianANPR/data/processed/npds_leakage_safe/images/train/V_P_I_3165_jpg.rf.4488df8b6754bdf3047ae1abd7e149ba.jpg,/home/divya/projects/IndianANPR/data/processed/npds_leakage_safe/labels/train/V_P_I_3165_jpg.rf.4488df8b6754bdf3047ae1abd7e149ba.txt,0,1
npds_01855_V_P_I_2734_jpg.rf.55c6548eb104560b448eaea228b2caf8,npds,/home/divya/projects/IndianANPR/data/processed/npds_leakage_safe/images/train/V_P_I_2734_jpg.rf.55c6548eb104560b448eaea228b2caf8.jpg,/home/divya/projects/IndianANPR/data/processed/npds_leakage_safe/labels/train/V_P_I_2734_jpg.rf.55c6548eb104560b448eaea228b2caf8.txt,0,1
npds_01856_V_P_I_787_jpg.rf.741cb469ffc969decf80fb5240a7fc4a,npds,/home/divya/projects/IndianANPR/data/processed/npds_leakage_safe/images/train/V_P_I_787_jpg.rf.741cb469ffc969decf80fb5240a7fc4a.jpg,/home/divya/projects/IndianANPR/data/processed/npds_leakage_safe/labels/train/V_P_I_787_jpg.rf.741cb469ffc969decf80fb5240a7fc4a.txt,0,1
npds_01857_V_P_I_2521_jpg.rf.e01139cdf793aa25484b2de875362cbf,npds,/home/divya/projects/IndianANPR/data/processed/npds_leakage_safe/images/train/V_P_I_2521_jpg.rf.e01139cdf793aa25484b2de875362cbf.jpg,/home/divya/projects/IndianANPR/data/processed/npds_leakage_safe/labels/train/V_P_I_2521_jpg.rf.e01139cdf793aa25484b2de875362cbf.txt,0,1
npds_01858_V_P_I_3109_jpg.rf.101e6f76e68b37c9c09cef3c049b00d2,npds,/home/divya/projects/IndianANPR/data/processed/npds_leakage_safe/images/train/V_P_I_3109_jpg.rf.101e6f76e68b37c9c09cef3c049b00d2.jpg,/home/divya/projects/IndianANPR/data/processed/npds_leakage_safe/labels/train/V_P_I_3109_jpg.rf.101e6f76e68b37c9c09cef3c049b00d2.txt,0,1
npds_01859_V_P_I_1101_jpg.rf.e8a9ddc5254a44771ec374737110932a,npds,/home/divya/projects/IndianANPR/data/processed/npds_leakage_safe/images/train/V_P_I_1101_jpg.rf.e8a9ddc5254a44771ec374737110932a.jpg,/home/divya/projects/IndianANPR/data/processed/npds_leakage_safe/labels/train/V_P_I_1101_jpg.rf.e8a9ddc5254a44771ec374737110932a.txt,0,1
npds_01860_V_P_I_11_jpg.rf.4bbdbb693755cda6ecc43af0503751c8,npds,/home/divya/projects/IndianANPR/data/processed/npds_leakage_safe/images/train/V_P_I_11_jpg.rf.4bbdbb693755cda6ecc43af0503751c8.jpg,/home/divya/projects/IndianANPR/data/processed/npds_leakage_safe/labels/train/V_P_I_11_jpg.rf.4bbdbb693755cda6ecc43af0503751c8.txt,0,1
npds_01861_V_P_I_2593_jpg.rf.f200cd83460230ab68d5da65cf3a8589,npds,/home/divya/projects/IndianANPR/data/processed/npds_leakage_safe/images/train/V_P_I_2593_jpg.rf.f200cd83460230ab68d5da65cf3a8589.jpg,/home/divya/projects/IndianANPR/data/processed/npds_leakage_safe/labels/train/V_P_I_2593_jpg.rf.f200cd83460230ab68d5da65cf3a8589.txt,0,1
npds_01862_V_P_I_2348_jpg.rf.4d5091ca03e4dc83ac91029004ce5142,npds,/home/divya/projects/IndianANPR/data/processed/npds_leakage_safe/images/train/V_P_I_2348_jpg.rf.4d5091ca03e4dc83ac91029004ce5142.jpg,/home/divya/projects/IndianANPR/data/processed/npds_leakage_safe/labels/train/V_P_I_2348_jpg.rf.4d5091ca03e4dc83ac91029004ce5142.txt,0,1
npds_01863_V_P_I_2424_jpg.rf.fda3f165b59677ff2d7101abbfe9af25,npds,/home/divya/projects/IndianANPR/data/processed/npds_leakage_safe/images/train/V_P_I_2424_jpg.rf.fda3f165b59677ff2d7101abbfe9af25.jpg,/home/divya/projects/IndianANPR/data/processed/npds_leakage_safe/labels/train/V_P_I_2424_jpg.rf.fda3f165b59677ff2d7101abbfe9af25.txt,0,1
npds_01864_V_P_I_3262_jpg.rf.41cce00f439be67ecd7395c1097ffe33,npds,/home/divya/projects/IndianANPR/data/processed/npds_leakage_safe/images/train/V_P_I_3262_jpg.rf.41cce00f439be67ecd7395c1097ffe33.jpg,/home/divya/projects/IndianANPR/data/processed/npds_leakage_safe/labels/train/V_P_I_3262_jpg.rf.41cce00f439be67ecd7395c1097ffe33.txt,0,1
npds_01865_V_P_I_1364_jpg.rf.eef804662d2f94015b749c7dadc1cd3b,npds,/home/divya/projects/IndianANPR/data/processed/npds_leakage_safe/images/train/V_P_I_1364_jpg.rf.eef804662d2f94015b749c7dadc1cd3b.jpg,/home/divya/projects/IndianANPR/data/processed/npds_leakage_safe/labels/train/V_P_I_1364_jpg.rf.eef804662d2f94015b749c7dadc1cd3b.txt,0,1
npds_01866_V_P_I_2623_jpg.rf.76a4cf2a18f3ae79f1ddb762139a14b4,npds,/home/divya/projects/IndianANPR/data/processed/npds_leakage_safe/images/train/V_P_I_2623_jpg.rf.76a4cf2a18f3ae79f1ddb762139a14b4.jpg,/home/divya/projects/IndianANPR/data/processed/npds_leakage_safe/labels/train/V_P_I_2623_jpg.rf.76a4cf2a18f3ae79f1ddb762139a14b4.txt,0,1
npds_01867_V_P_I_3364_jpg.rf.c1f0a3548b1d61afd6667b8b36371f7a,npds,/home/divya/projects/IndianANPR/data/processed/npds_leakage_safe/images/train/V_P_I_3364_jpg.rf.c1f0a3548b1d61afd6667b8b36371f7a.jpg,/home/divya/projects/IndianANPR/data/processed/npds_leakage_safe/labels/train/V_P_I_3364_jpg.rf.c1f0a3548b1d61afd6667b8b36371f7a.txt,0,2
npds_01868_V_P_I_2478_jpg.rf.9567b15f128c8229608595e36c572d26,npds,/home/divya/projects/IndianANPR/data/processed/npds_leakage_safe/images/train/V_P_I_2478_jpg.rf.9567b15f128c8229608595e36c572d26.jpg,/home/divya/projects/IndianANPR/data/processed/npds_leakage_safe/labels/train/V_P_I_2478_jpg.rf.9567b15f128c8229608595e36c572d26.txt,0,1
npds_01869_V_P_I_1250_jpg.rf.0f3177cac56c2bc39f260e35d1c825b1,npds,/home/divya/projects/IndianANPR/data/processed/npds_leakage_safe/images/train/V_P_I_1250_jpg.rf.0f3177cac56c2bc39f260e35d1c825b1.jpg,/home/divya/projects/IndianANPR/data/processed/npds_leakage_safe/labels/train/V_P_I_1250_jpg.rf.0f3177cac56c2bc39f260e35d1c825b1.txt,0,1
npds_01870_V_P_I_1281_jpg.rf.91776c3ebafc4b8454be4b5d8f9434ad,npds,/home/divya/projects/IndianANPR/data/processed/npds_leakage_safe/images/train/V_P_I_1281_jpg.rf.91776c3ebafc4b8454be4b5d8f9434ad.jpg,/home/divya/projects/IndianANPR/data/processed/npds_leakage_safe/labels/train/V_P_I_1281_jpg.rf.91776c3ebafc4b8454be4b5d8f9434ad.txt,0,1
npds_01871_V_P_I_2097_jpg.rf.f41e927c55fa01d2d671f0b35a5602ea,npds,/home/divya/projects/IndianANPR/data/processed/npds_leakage_safe/images/train/V_P_I_2097_jpg.rf.f41e927c55fa01d2d671f0b35a5602ea.jpg,/home/divya/projects/IndianANPR/data/processed/npds_leakage_safe/labels/train/V_P_I_2097_jpg.rf.f41e927c55fa01d2d671f0b35a5602ea.txt,0,1
npds_01872_V_P_I_2_jpg.rf.f5a121e5a6049c1d3b46b2cf7a654ee9,npds,/home/divya/projects/IndianANPR/data/processed/npds_leakage_safe/images/train/V_P_I_2_jpg.rf.f5a121e5a6049c1d3b46b2cf7a654ee9.jpg,/home/divya/projects/IndianANPR/data/processed/npds_leakage_safe/labels/train/V_P_I_2_jpg.rf.f5a121e5a6049c1d3b46b2cf7a654ee9.txt,0,1
npds_01873_V_P_I_1493_jpg.rf.c07c3a0497e9e1ea297a0098d5397947,npds,/home/divya/projects/IndianANPR/data/processed/npds_leakage_safe/images/train/V_P_I_1493_jpg.rf.c07c3a0497e9e1ea297a0098d5397947.jpg,/home/divya/projects/IndianANPR/data/processed/npds_leakage_safe/labels/train/V_P_I_1493_jpg.rf.c07c3a0497e9e1ea297a0098d5397947.txt,0,1
npds_01874_V_P_I_1213_jpg.rf.677eb739185e901ec13d87e5128be57b,npds,/home/divya/projects/IndianANPR/data/processed/npds_leakage_safe/images/train/V_P_I_1213_jpg.rf.677eb739185e901ec13d87e5128be57b.jpg,/home/divya/projects/IndianANPR/data/processed/npds_leakage_safe/labels/train/V_P_I_1213_jpg.rf.677eb739185e901ec13d87e5128be57b.txt,0,1
npds_01875_V_P_I_1428_jpg.rf.65452561bda5cdd21a4fef9862df5248,npds,/home/divya/projects/IndianANPR/data/processed/npds_leakage_safe/images/train/V_P_I_1428_jpg.rf.65452561bda5cdd21a4fef9862df5248.jpg,/home/divya/projects/IndianANPR/data/processed/npds_leakage_safe/labels/train/V_P_I_1428_jpg.rf.65452561bda5cdd21a4fef9862df5248.txt,0,1
npds_01876_V_P_I_1915_jpg.rf.856afdf27a5b91cc44de520436b30d89,npds,/home/divya/projects/IndianANPR/data/processed/npds_leakage_safe/images/train/V_P_I_1915_jpg.rf.856afdf27a5b91cc44de520436b30d89.jpg,/home/divya/projects/IndianANPR/data/processed/npds_leakage_safe/labels/train/V_P_I_1915_jpg.rf.856afdf27a5b91cc44de520436b30d89.txt,0,1
npds_01877_V_P_I_304_jpg.rf.f33d234bc507baf183bd6b5420045478,npds,/home/divya/projects/IndianANPR/data/processed/npds_leakage_safe/images/train/V_P_I_304_jpg.rf.f33d234bc507baf183bd6b5420045478.jpg,/home/divya/projects/IndianANPR/data/processed/npds_leakage_safe/labels/train/V_P_I_304_jpg.rf.f33d234bc507baf183bd6b5420045478.txt,0,1
npds_01878_V_P_I_307_jpg.rf.752da68c2ad3cf56952691327ff5a99d,npds,/home/divya/projects/IndianANPR/data/processed/npds_leakage_safe/images/train/V_P_I_307_jpg.rf.752da68c2ad3cf56952691327ff5a99d.jpg,/home/divya/projects/IndianANPR/data/processed/npds_leakage_safe/labels/train/V_P_I_307_jpg.rf.752da68c2ad3cf56952691327ff5a99d.txt,0,1
npds_01879_V_P_I_713_jpg.rf.750f45705dd1926a352c87d49ab16729,npds,/home/divya/projects/IndianANPR/data/processed/npds_leakage_safe/images/train/V_P_I_713_jpg.rf.750f45705dd1926a352c87d49ab16729.jpg,/home/divya/projects/IndianANPR/data/processed/npds_leakage_safe/labels/train/V_P_I_713_jpg.rf.750f45705dd1926a352c87d49ab16729.txt,0,1
npds_01880_V_P_I_2819_jpg.rf.13c7bb2c8ea9fdc2be499f5d7420721c,npds,/home/divya/projects/IndianANPR/data/processed/npds_leakage_safe/images/train/V_P_I_2819_jpg.rf.13c7bb2c8ea9fdc2be499f5d7420721c.jpg,/home/divya/projects/IndianANPR/data/processed/npds_leakage_safe/labels/train/V_P_I_2819_jpg.rf.13c7bb2c8ea9fdc2be499f5d7420721c.txt,0,1
npds_01881_V_P_I_3364_jpg.rf.745395be59adad1daefdc111e83434e0,npds,/home/divya/projects/IndianANPR/data/processed/npds_leakage_safe/images/train/V_P_I_3364_jpg.rf.745395be59adad1daefdc111e83434e0.jpg,/home/divya/projects/IndianANPR/data/processed/npds_leakage_safe/labels/train/V_P_I_3364_jpg.rf.745395be59adad1daefdc111e83434e0.txt,0,2
npds_01882_V_P_I_2105_jpg.rf.90ae041c165f463a19b127b6bf7fbe56,npds,/home/divya/projects/IndianANPR/data/processed/npds_leakage_safe/images/train/V_P_I_2105_jpg.rf.90ae041c165f463a19b127b6bf7fbe56.jpg,/home/divya/projects/IndianANPR/data/processed/npds_leakage_safe/labels/train/V_P_I_2105_jpg.rf.90ae041c165f463a19b127b6bf7fbe56.txt,0,1
npds_01883_V_P_I_2286_jpg.rf.dbee9e5c6415d69e9c99a05684298f9a,npds,/home/divya/projects/IndianANPR/data/processed/npds_leakage_safe/images/train/V_P_I_2286_jpg.rf.dbee9e5c6415d69e9c99a05684298f9a.jpg,/home/divya/projects/IndianANPR/data/processed/npds_leakage_safe/labels/train/V_P_I_2286_jpg.rf.dbee9e5c6415d69e9c99a05684298f9a.txt,0,1
npds_01884_V_P_I_2973_jpg.rf.d05bb944a014b51b4a5591b41fb332b1,npds,/home/divya/projects/IndianANPR/data/processed/npds_leakage_safe/images/train/V_P_I_2973_jpg.rf.d05bb944a014b51b4a5591b41fb332b1.jpg,/home/divya/projects/IndianANPR/data/processed/npds_leakage_safe/labels/train/V_P_I_2973_jpg.rf.d05bb944a014b51b4a5591b41fb332b1.txt,0,1
npds_01885_V_P_I_2766_jpg.rf.19331bfa7ac78a568a6c5e6a651612e1,npds,/home/divya/projects/IndianANPR/data/processed/npds_leakage_safe/images/train/V_P_I_2766_jpg.rf.19331bfa7ac78a568a6c5e6a651612e1.jpg,/home/divya/projects/IndianANPR/data/processed/npds_leakage_safe/labels/train/V_P_I_2766_jpg.rf.19331bfa7ac78a568a6c5e6a651612e1.txt,0,1
npds_01886_V_P_I_198_jpg.rf.34acd5a8e4d50b961a80f61451acdf36,npds,/home/divya/projects/IndianANPR/data/processed/npds_leakage_safe/images/train/V_P_I_198_jpg.rf.34acd5a8e4d50b961a80f61451acdf36.jpg,/home/divya/projects/IndianANPR/data/processed/npds_leakage_safe/labels/train/V_P_I_198_jpg.rf.34acd5a8e4d50b961a80f61451acdf36.txt,0,1
npds_01887_V_P_I_961_jpg.rf.de242a15351d140bca32b4c1d3faf3d9,npds,/home/divya/projects/IndianANPR/data/processed/npds_leakage_safe/images/train/V_P_I_961_jpg.rf.de242a15351d140bca32b4c1d3faf3d9.jpg,/home/divya/projects/IndianANPR/data/processed/npds_leakage_safe/labels/train/V_P_I_961_jpg.rf.de242a15351d140bca32b4c1d3faf3d9.txt,0,1
npds_01888_V_P_I_2687_jpg.rf.8bf3293df65bc22f75a79a0233150703,npds,/home/divya/projects/IndianANPR/data/processed/npds_leakage_safe/images/train/V_P_I_2687_jpg.rf.8bf3293df65bc22f75a79a0233150703.jpg,/home/divya/projects/IndianANPR/data/processed/npds_leakage_safe/labels/train/V_P_I_2687_jpg.rf.8bf3293df65bc22f75a79a0233150703.txt,0,1
npds_01889_V_P_I_2997_jpg.rf.00786f881505abdca3c12c589f680059,npds,/home/divya/projects/IndianANPR/data/processed/npds_leakage_safe/images/train/V_P_I_2997_jpg.rf.00786f881505abdca3c12c589f680059.jpg,/home/divya/projects/IndianANPR/data/processed/npds_leakage_safe/labels/train/V_P_I_2997_jpg.rf.00786f881505abdca3c12c589f680059.txt,0,1
npds_01890_V_P_I_2433_jpg.rf.a26fb9e48af8b142150d241f4b36b43d,npds,/home/divya/projects/IndianANPR/data/processed/npds_leakage_safe/images/train/V_P_I_2433_jpg.rf.a26fb9e48af8b142150d241f4b36b43d.jpg,/home/divya/projects/IndianANPR/data/processed/npds_leakage_safe/labels/train/V_P_I_2433_jpg.rf.a26fb9e48af8b142150d241f4b36b43d.txt,0,1
npds_01891_V_P_I_1337_jpg.rf.abf02255c74e7bcd00bc993a3ff279da,npds,/home/divya/projects/IndianANPR/data/processed/npds_leakage_safe/images/train/V_P_I_1337_jpg.rf.abf02255c74e7bcd00bc993a3ff279da.jpg,/home/divya/projects/IndianANPR/data/processed/npds_leakage_safe/labels/train/V_P_I_1337_jpg.rf.abf02255c74e7bcd00bc993a3ff279da.txt,0,1
npds_01892_V_P_I_476_jpg.rf.b2b9b7ca2313494f667b7bd3943d6c64,npds,/home/divya/projects/IndianANPR/data/processed/npds_leakage_safe/images/train/V_P_I_476_jpg.rf.b2b9b7ca2313494f667b7bd3943d6c64.jpg,/home/divya/projects/IndianANPR/data/processed/npds_leakage_safe/labels/train/V_P_I_476_jpg.rf.b2b9b7ca2313494f667b7bd3943d6c64.txt,0,1
npds_01893_V_P_I_3328_jpg.rf.a78afd2101023757e0e249e3bebdf020,npds,/home/divya/projects/IndianANPR/data/processed/npds_leakage_safe/images/train/V_P_I_3328_jpg.rf.a78afd2101023757e0e249e3bebdf020.jpg,/home/divya/projects/IndianANPR/data/processed/npds_leakage_safe/labels/train/V_P_I_3328_jpg.rf.a78afd2101023757e0e249e3bebdf020.txt,0,1
npds_01894_V_P_I_794_jpg.rf.457828b2d4fe68aa0353223a1fc43d52,npds,/home/divya/projects/IndianANPR/data/processed/npds_leakage_safe/images/train/V_P_I_794_jpg.rf.457828b2d4fe68aa0353223a1fc43d52.jpg,/home/divya/projects/IndianANPR/data/processed/npds_leakage_safe/labels/train/V_P_I_794_jpg.rf.457828b2d4fe68aa0353223a1fc43d52.txt,0,1
npds_01895_V_P_I_84_jpg.rf.404dd9cac7b42f64504871af805e7e73,npds,/home/divya/projects/IndianANPR/data/processed/npds_leakage_safe/images/train/V_P_I_84_jpg.rf.404dd9cac7b42f64504871af805e7e73.jpg,/home/divya/projects/IndianANPR/data/processed/npds_leakage_safe/labels/train/V_P_I_84_jpg.rf.404dd9cac7b42f64504871af805e7e73.txt,0,2
npds_01896_V_P_I_3140_jpg.rf.d9461e1ea42727aba2f726a2fbecaee5,npds,/home/divya/projects/IndianANPR/data/processed/npds_leakage_safe/images/train/V_P_I_3140_jpg.rf.d9461e1ea42727aba2f726a2fbecaee5.jpg,/home/divya/projects/IndianANPR/data/processed/npds_leakage_safe/labels/train/V_P_I_3140_jpg.rf.d9461e1ea42727aba2f726a2fbecaee5.txt,0,1
npds_01897_V_P_I_388_jpg.rf.e0ed7ea6cb6cce6b6d9610d2bd1f47c5,npds,/home/divya/projects/IndianANPR/data/processed/npds_leakage_safe/images/train/V_P_I_388_jpg.rf.e0ed7ea6cb6cce6b6d9610d2bd1f47c5.jpg,/home/divya/projects/IndianANPR/data/processed/npds_leakage_safe/labels/train/V_P_I_388_jpg.rf.e0ed7ea6cb6cce6b6d9610d2bd1f47c5.txt,0,1
npds_01898_V_P_I_282_jpg.rf.90c39efd3a7fb4c067914f3b9df3c194,npds,/home/divya/projects/IndianANPR/data/processed/npds_leakage_safe/images/train/V_P_I_282_jpg.rf.90c39efd3a7fb4c067914f3b9df3c194.jpg,/home/divya/projects/IndianANPR/data/processed/npds_leakage_safe/labels/train/V_P_I_282_jpg.rf.90c39efd3a7fb4c067914f3b9df3c194.txt,0,1
npds_01899_V_P_I_338_jpg.rf.4ba0ef040c2b0606a258cc22502bd137,npds,/home/divya/projects/IndianANPR/data/processed/npds_leakage_safe/images/train/V_P_I_338_jpg.rf.4ba0ef040c2b0606a258cc22502bd137.jpg,/home/divya/projects/IndianANPR/data/processed/npds_leakage_safe/labels/train/V_P_I_338_jpg.rf.4ba0ef040c2b0606a258cc22502bd137.txt,0,1
npds_01900_V_P_I_1702_jpg.rf.4df4c49a41691d3054dd9a0d583f5aa6,npds,/home/divya/projects/IndianANPR/data/processed/npds_leakage_safe/images/train/V_P_I_1702_jpg.rf.4df4c49a41691d3054dd9a0d583f5aa6.jpg,/home/divya/projects/IndianANPR/data/processed/npds_leakage_safe/labels/train/V_P_I_1702_jpg.rf.4df4c49a41691d3054dd9a0d583f5aa6.txt,0,1
npds_01901_V_P_I_2433_jpg.rf.84957807e7159e1b7cc98d75dfd83e12,npds,/home/divya/projects/IndianANPR/data/processed/npds_leakage_safe/images/train/V_P_I_2433_jpg.rf.84957807e7159e1b7cc98d75dfd83e12.jpg,/home/divya/projects/IndianANPR/data/processed/npds_leakage_safe/labels/train/V_P_I_2433_jpg.rf.84957807e7159e1b7cc98d75dfd83e12.txt,0,1
npds_01902_V_P_I_249_jpg.rf.c4bda701c3aae3b0495d476dba81590c,npds,/home/divya/projects/IndianANPR/data/processed/npds_leakage_safe/images/train/V_P_I_249_jpg.rf.c4bda701c3aae3b0495d476dba81590c.jpg,/home/divya/projects/IndianANPR/data/processed/npds_leakage_safe/labels/train/V_P_I_249_jpg.rf.c4bda701c3aae3b0495d476dba81590c.txt,0,1
npds_01903_V_P_I_1749_jpg.rf.b7eb528ff295d8969e0ba268ad4e1327,npds,/home/divya/projects/IndianANPR/data/processed/npds_leakage_safe/images/train/V_P_I_1749_jpg.rf.b7eb528ff295d8969e0ba268ad4e1327.jpg,/home/divya/projects/IndianANPR/data/processed/npds_leakage_safe/labels/train/V_P_I_1749_jpg.rf.b7eb528ff295d8969e0ba268ad4e1327.txt,0,1
npds_01904_V_P_I_2382_jpg.rf.b5b59564a32d6c20476ecb8651989e98,npds,/home/divya/projects/IndianANPR/data/processed/npds_leakage_safe/images/train/V_P_I_2382_jpg.rf.b5b59564a32d6c20476ecb8651989e98.jpg,/home/divya/projects/IndianANPR/data/processed/npds_leakage_safe/labels/train/V_P_I_2382_jpg.rf.b5b59564a32d6c20476ecb8651989e98.txt,0,1
npds_01905_V_P_I_2141_jpg.rf.3cf0cfcf7934a96ef4bc6d9d6fdfbccb,npds,/home/divya/projects/IndianANPR/data/processed/npds_leakage_safe/images/train/V_P_I_2141_jpg.rf.3cf0cfcf7934a96ef4bc6d9d6fdfbccb.jpg,/home/divya/projects/IndianANPR/data/processed/npds_leakage_safe/labels/train/V_P_I_2141_jpg.rf.3cf0cfcf7934a96ef4bc6d9d6fdfbccb.txt,0,1
npds_01906_V_P_I_2509_jpg.rf.2d287b26ea6021b22c24647b4569d852,npds,/home/divya/projects/IndianANPR/data/processed/npds_leakage_safe/images/train/V_P_I_2509_jpg.rf.2d287b26ea6021b22c24647b4569d852.jpg,/home/divya/projects/IndianANPR/data/processed/npds_leakage_safe/labels/train/V_P_I_2509_jpg.rf.2d287b26ea6021b22c24647b4569d852.txt,0,1
npds_01907_V_P_I_2339_jpg.rf.09485761f2e178a5e5ee259e962faba0,npds,/home/divya/projects/IndianANPR/data/processed/npds_leakage_safe/images/train/V_P_I_2339_jpg.rf.09485761f2e178a5e5ee259e962faba0.jpg,/home/divya/projects/IndianANPR/data/processed/npds_leakage_safe/labels/train/V_P_I_2339_jpg.rf.09485761f2e178a5e5ee259e962faba0.txt,0,1
npds_01908_V_P_I_2390_jpg.rf.446ff28d8ca6b19835d14fafcf21299a,npds,/home/divya/projects/IndianANPR/data/processed/npds_leakage_safe/images/train/V_P_I_2390_jpg.rf.446ff28d8ca6b19835d14fafcf21299a.jpg,/home/divya/projects/IndianANPR/data/processed/npds_leakage_safe/labels/train/V_P_I_2390_jpg.rf.446ff28d8ca6b19835d14fafcf21299a.txt,0,1
npds_01909_V_P_I_3418_jpg.rf.bb206867ea250aa28f7014ea8f9c903c,npds,/home/divya/projects/IndianANPR/data/processed/npds_leakage_safe/images/train/V_P_I_3418_jpg.rf.bb206867ea250aa28f7014ea8f9c903c.jpg,/home/divya/projects/IndianANPR/data/processed/npds_leakage_safe/labels/train/V_P_I_3418_jpg.rf.bb206867ea250aa28f7014ea8f9c903c.txt,0,1
npds_01910_V_P_I_1320_jpg.rf.1417b206f6d27b8021b081b646241864,npds,/home/divya/projects/IndianANPR/data/processed/npds_leakage_safe/images/train/V_P_I_1320_jpg.rf.1417b206f6d27b8021b081b646241864.jpg,/home/divya/projects/IndianANPR/data/processed/npds_leakage_safe/labels/train/V_P_I_1320_jpg.rf.1417b206f6d27b8021b081b646241864.txt,0,1
npds_01911_V_P_I_2061_jpg.rf.574b063e6d42e28da0bfd9f0ffca9a54,npds,/home/divya/projects/IndianANPR/data/processed/npds_leakage_safe/images/train/V_P_I_2061_jpg.rf.574b063e6d42e28da0bfd9f0ffca9a54.jpg,/home/divya/projects/IndianANPR/data/processed/npds_leakage_safe/labels/train/V_P_I_2061_jpg.rf.574b063e6d42e28da0bfd9f0ffca9a54.txt,0,1
npds_01912_V_P_I_2425_jpg.rf.bab2e86ad4f92c55e9fcf39c46e93a0f,npds,/home/divya/projects/IndianANPR/data/processed/npds_leakage_safe/images/train/V_P_I_2425_jpg.rf.bab2e86ad4f92c55e9fcf39c46e93a0f.jpg,/home/divya/projects/IndianANPR/data/processed/npds_leakage_safe/labels/train/V_P_I_2425_jpg.rf.bab2e86ad4f92c55e9fcf39c46e93a0f.txt,0,1
npds_01913_V_P_I_588_jpg.rf.8f934786addd61d0d803299ad812b8be,npds,/home/divya/projects/IndianANPR/data/processed/npds_leakage_safe/images/train/V_P_I_588_jpg.rf.8f934786addd61d0d803299ad812b8be.jpg,/home/divya/projects/IndianANPR/data/processed/npds_leakage_safe/labels/train/V_P_I_588_jpg.rf.8f934786addd61d0d803299ad812b8be.txt,0,1
npds_01914_V_P_I_3185_jpg.rf.9d76ead88f39a92c39922995292f08cb,npds,/home/divya/projects/IndianANPR/data/processed/npds_leakage_safe/images/train/V_P_I_3185_jpg.rf.9d76ead88f39a92c39922995292f08cb.jpg,/home/divya/projects/IndianANPR/data/processed/npds_leakage_safe/labels/train/V_P_I_3185_jpg.rf.9d76ead88f39a92c39922995292f08cb.txt,0,1
npds_01915_V_P_I_1839_jpg.rf.d6f9bf408c714e2f73e32b3dedb51bb5,npds,/home/divya/projects/IndianANPR/data/processed/npds_leakage_safe/images/train/V_P_I_1839_jpg.rf.d6f9bf408c714e2f73e32b3dedb51bb5.jpg,/home/divya/projects/IndianANPR/data/processed/npds_leakage_safe/labels/train/V_P_I_1839_jpg.rf.d6f9bf408c714e2f73e32b3dedb51bb5.txt,0,1
npds_01916_V_P_I_2260_jpg.rf.84770dabd6d6899cde0a245e7bb9c626,npds,/home/divya/projects/IndianANPR/data/processed/npds_leakage_safe/images/train/V_P_I_2260_jpg.rf.84770dabd6d6899cde0a245e7bb9c626.jpg,/home/divya/projects/IndianANPR/data/processed/npds_leakage_safe/labels/train/V_P_I_2260_jpg.rf.84770dabd6d6899cde0a245e7bb9c626.txt,0,1
npds_01917_V_P_I_1505_jpg.rf.b39d7f2d556cdf89e5ebf90eed65e053,npds,/home/divya/projects/IndianANPR/data/processed/npds_leakage_safe/images/train/V_P_I_1505_jpg.rf.b39d7f2d556cdf89e5ebf90eed65e053.jpg,/home/divya/projects/IndianANPR/data/processed/npds_leakage_safe/labels/train/V_P_I_1505_jpg.rf.b39d7f2d556cdf89e5ebf90eed65e053.txt,0,1
npds_01918_V_P_I_3265_jpg.rf.ce3f1521ccab59afdc7b79c3c2441bf2,npds,/home/divya/projects/IndianANPR/data/processed/npds_leakage_safe/images/train/V_P_I_3265_jpg.rf.ce3f1521ccab59afdc7b79c3c2441bf2.jpg,/home/divya/projects/IndianANPR/data/processed/npds_leakage_safe/labels/train/V_P_I_3265_jpg.rf.ce3f1521ccab59afdc7b79c3c2441bf2.txt,0,2
npds_01919_V_P_I_257_jpg.rf.657c493d6e5bfb0f530d0027ca359621,npds,/home/divya/projects/IndianANPR/data/processed/npds_leakage_safe/images/train/V_P_I_257_jpg.rf.657c493d6e5bfb0f530d0027ca359621.jpg,/home/divya/projects/IndianANPR/data/processed/npds_leakage_safe/labels/train/V_P_I_257_jpg.rf.657c493d6e5bfb0f530d0027ca359621.txt,0,1
npds_01920_V_P_I_1224_jpg.rf.a107ca9d731e7fb70c48d31fd7e40d92,npds,/home/divya/projects/IndianANPR/data/processed/npds_leakage_safe/images/train/V_P_I_1224_jpg.rf.a107ca9d731e7fb70c48d31fd7e40d92.jpg,/home/divya/projects/IndianANPR/data/processed/npds_leakage_safe/labels/train/V_P_I_1224_jpg.rf.a107ca9d731e7fb70c48d31fd7e40d92.txt,0,1
npds_01921_V_P_I_712_jpg.rf.48ba18da2dc1fe862d736ccf2b439b48,npds,/home/divya/projects/IndianANPR/data/processed/npds_leakage_safe/images/train/V_P_I_712_jpg.rf.48ba18da2dc1fe862d736ccf2b439b48.jpg,/home/divya/projects/IndianANPR/data/processed/npds_leakage_safe/labels/train/V_P_I_712_jpg.rf.48ba18da2dc1fe862d736ccf2b439b48.txt,0,1
npds_01922_V_P_I_1293_jpg.rf.06489ef4103cd80664810ba0f24a97a3,npds,/home/divya/projects/IndianANPR/data/processed/npds_leakage_safe/images/train/V_P_I_1293_jpg.rf.06489ef4103cd80664810ba0f24a97a3.jpg,/home/divya/projects/IndianANPR/data/processed/npds_leakage_safe/labels/train/V_P_I_1293_jpg.rf.06489ef4103cd80664810ba0f24a97a3.txt,0,1
npds_01923_V_P_I_69_jpg.rf.a0df5e267ef36780e2aa7da7991e82f9,npds,/home/divya/projects/IndianANPR/data/processed/npds_leakage_safe/images/train/V_P_I_69_jpg.rf.a0df5e267ef36780e2aa7da7991e82f9.jpg,/home/divya/projects/IndianANPR/data/processed/npds_leakage_safe/labels/train/V_P_I_69_jpg.rf.a0df5e267ef36780e2aa7da7991e82f9.txt,0,1
npds_01924_V_P_I_2438_jpg.rf.afd5b8db6feba80f136758b3fc16e1bf,npds,/home/divya/projects/IndianANPR/data/processed/npds_leakage_safe/images/train/V_P_I_2438_jpg.rf.afd5b8db6feba80f136758b3fc16e1bf.jpg,/home/divya/projects/IndianANPR/data/processed/npds_leakage_safe/labels/train/V_P_I_2438_jpg.rf.afd5b8db6feba80f136758b3fc16e1bf.txt,0,1
npds_01925_V_P_I_1326_jpg.rf.ad3028798c55e087204b0bc956304702,npds,/home/divya/projects/IndianANPR/data/processed/npds_leakage_safe/images/train/V_P_I_1326_jpg.rf.ad3028798c55e087204b0bc956304702.jpg,/home/divya/projects/IndianANPR/data/processed/npds_leakage_safe/labels/train/V_P_I_1326_jpg.rf.ad3028798c55e087204b0bc956304702.txt,0,1
npds_01926_V_P_I_3484_jpg.rf.987b06666c9b92abb82526a33d6ab1f6,npds,/home/divya/projects/IndianANPR/data/processed/npds_leakage_safe/images/train/V_P_I_3484_jpg.rf.987b06666c9b92abb82526a33d6ab1f6.jpg,/home/divya/projects/IndianANPR/data/processed/npds_leakage_safe/labels/train/V_P_I_3484_jpg.rf.987b06666c9b92abb82526a33d6ab1f6.txt,0,1
npds_01927_V_P_I_3454_jpeg_jpg.rf.b759197eb1a13d0c080c5e3f1ba4e6c8,npds,/home/divya/projects/IndianANPR/data/processed/npds_leakage_safe/images/train/V_P_I_3454_jpeg_jpg.rf.b759197eb1a13d0c080c5e3f1ba4e6c8.jpg,/home/divya/projects/IndianANPR/data/processed/npds_leakage_safe/labels/train/V_P_I_3454_jpeg_jpg.rf.b759197eb1a13d0c080c5e3f1ba4e6c8.txt,0,2
npds_01928_V_P_I_2252_jpg.rf.5179e77f6b4c9b992d0cc22a0eaf8f33,npds,/home/divya/projects/IndianANPR/data/processed/npds_leakage_safe/images/train/V_P_I_2252_jpg.rf.5179e77f6b4c9b992d0cc22a0eaf8f33.jpg,/home/divya/projects/IndianANPR/data/processed/npds_leakage_safe/labels/train/V_P_I_2252_jpg.rf.5179e77f6b4c9b992d0cc22a0eaf8f33.txt,0,1
npds_01929_V_P_I_546_jpg.rf.bf30ed53645eceb00b229f865e42edc4,npds,/home/divya/projects/IndianANPR/data/processed/npds_leakage_safe/images/train/V_P_I_546_jpg.rf.bf30ed53645eceb00b229f865e42edc4.jpg,/home/divya/projects/IndianANPR/data/processed/npds_leakage_safe/labels/train/V_P_I_546_jpg.rf.bf30ed53645eceb00b229f865e42edc4.txt,0,1
npds_01930_V_P_I_1440_jpg.rf.a0a55c51513c88c4f783b068f7e3c825,npds,/home/divya/projects/IndianANPR/data/processed/npds_leakage_safe/images/train/V_P_I_1440_jpg.rf.a0a55c51513c88c4f783b068f7e3c825.jpg,/home/divya/projects/IndianANPR/data/processed/npds_leakage_safe/labels/train/V_P_I_1440_jpg.rf.a0a55c51513c88c4f783b068f7e3c825.txt,0,1
npds_01931_V_P_I_2843_jpg.rf.5d2168cdabb87f6cabd1fa07fd37610f,npds,/home/divya/projects/IndianANPR/data/processed/npds_leakage_safe/images/train/V_P_I_2843_jpg.rf.5d2168cdabb87f6cabd1fa07fd37610f.jpg,/home/divya/projects/IndianANPR/data/processed/npds_leakage_safe/labels/train/V_P_I_2843_jpg.rf.5d2168cdabb87f6cabd1fa07fd37610f.txt,0,1
npds_01932_V_P_I_1199_jpg.rf.164cb6b8848d5337f18e6614e5c06f5c,npds,/home/divya/projects/IndianANPR/data/processed/npds_leakage_safe/images/train/V_P_I_1199_jpg.rf.164cb6b8848d5337f18e6614e5c06f5c.jpg,/home/divya/projects/IndianANPR/data/processed/npds_leakage_safe/labels/train/V_P_I_1199_jpg.rf.164cb6b8848d5337f18e6614e5c06f5c.txt,0,1
npds_01933_V_P_I_2932_jpg.rf.d1abbea5624fb9ddd2b4cb1e1256be79,npds,/home/divya/projects/IndianANPR/data/processed/npds_leakage_safe/images/train/V_P_I_2932_jpg.rf.d1abbea5624fb9ddd2b4cb1e1256be79.jpg,/home/divya/projects/IndianANPR/data/processed/npds_leakage_safe/labels/train/V_P_I_2932_jpg.rf.d1abbea5624fb9ddd2b4cb1e1256be79.txt,0,1
npds_01934_V_P_I_2859_jpg.rf.c4b4f2b973e58bb4be6baf61d9ca13bd,npds,/home/divya/projects/IndianANPR/data/processed/npds_leakage_safe/images/train/V_P_I_2859_jpg.rf.c4b4f2b973e58bb4be6baf61d9ca13bd.jpg,/home/divya/projects/IndianANPR/data/processed/npds_leakage_safe/labels/train/V_P_I_2859_jpg.rf.c4b4f2b973e58bb4be6baf61d9ca13bd.txt,0,1
npds_01935_V_P_I_285_jpg.rf.1070b75f5efdb8f798fc347ff6e8117d,npds,/home/divya/projects/IndianANPR/data/processed/npds_leakage_safe/images/train/V_P_I_285_jpg.rf.1070b75f5efdb8f798fc347ff6e8117d.jpg,/home/divya/projects/IndianANPR/data/processed/npds_leakage_safe/labels/train/V_P_I_285_jpg.rf.1070b75f5efdb8f798fc347ff6e8117d.txt,0,1
npds_01936_V_P_I_2116_jpg.rf.2e262500b13cc0973f77e5aec144249b,npds,/home/divya/projects/IndianANPR/data/processed/npds_leakage_safe/images/train/V_P_I_2116_jpg.rf.2e262500b13cc0973f77e5aec144249b.jpg,/home/divya/projects/IndianANPR/data/processed/npds_leakage_safe/labels/train/V_P_I_2116_jpg.rf.2e262500b13cc0973f77e5aec144249b.txt,0,1
npds_01937_V_P_I_3196_jpg.rf.b77d78d226249b185f66be97a61a226c,npds,/home/divya/projects/IndianANPR/data/processed/npds_leakage_safe/images/train/V_P_I_3196_jpg.rf.b77d78d226249b185f66be97a61a226c.jpg,/home/divya/projects/IndianANPR/data/processed/npds_leakage_safe/labels/train/V_P_I_3196_jpg.rf.b77d78d226249b185f66be97a61a226c.txt,0,1
npds_01938_V_P_I_1415_jpg.rf.f994e57ecb4504853ed7937aba6e67ca,npds,/home/divya/projects/IndianANPR/data/processed/npds_leakage_safe/images/train/V_P_I_1415_jpg.rf.f994e57ecb4504853ed7937aba6e67ca.jpg,/home/divya/projects/IndianANPR/data/processed/npds_leakage_safe/labels/train/V_P_I_1415_jpg.rf.f994e57ecb4504853ed7937aba6e67ca.txt,0,1
npds_01939_V_P_I_685_jpg.rf.1b150935b989148f32bb993c515250c9,npds,/home/divya/projects/IndianANPR/data/processed/npds_leakage_safe/images/train/V_P_I_685_jpg.rf.1b150935b989148f32bb993c515250c9.jpg,/home/divya/projects/IndianANPR/data/processed/npds_leakage_safe/labels/train/V_P_I_685_jpg.rf.1b150935b989148f32bb993c515250c9.txt,0,1
npds_01940_V_P_I_2186_jpg.rf.3ffd8fa050bb6eb7fed1020cbf9e48e5,npds,/home/divya/projects/IndianANPR/data/processed/npds_leakage_safe/images/train/V_P_I_2186_jpg.rf.3ffd8fa050bb6eb7fed1020cbf9e48e5.jpg,/home/divya/projects/IndianANPR/data/processed/npds_leakage_safe/labels/train/V_P_I_2186_jpg.rf.3ffd8fa050bb6eb7fed1020cbf9e48e5.txt,0,1
npds_01941_V_P_I_3186_jpg.rf.2aae11fc2c24ddeb47ddaea38dc57800,npds,/home/divya/projects/IndianANPR/data/processed/npds_leakage_safe/images/train/V_P_I_3186_jpg.rf.2aae11fc2c24ddeb47ddaea38dc57800.jpg,/home/divya/projects/IndianANPR/data/processed/npds_leakage_safe/labels/train/V_P_I_3186_jpg.rf.2aae11fc2c24ddeb47ddaea38dc57800.txt,0,1
npds_01942_V_P_I_3504_jpg.rf.7952d7ec0e7390a8e774cdf589d669c5,npds,/home/divya/projects/IndianANPR/data/processed/npds_leakage_safe/images/train/V_P_I_3504_jpg.rf.7952d7ec0e7390a8e774cdf589d669c5.jpg,/home/divya/projects/IndianANPR/data/processed/npds_leakage_safe/labels/train/V_P_I_3504_jpg.rf.7952d7ec0e7390a8e774cdf589d669c5.txt,0,1
npds_01943_V_P_I_2413_jpg.rf.d7e2eb0feec28fa9cac06c12b767c72f,npds,/home/divya/projects/IndianANPR/data/processed/npds_leakage_safe/images/train/V_P_I_2413_jpg.rf.d7e2eb0feec28fa9cac06c12b767c72f.jpg,/home/divya/projects/IndianANPR/data/processed/npds_leakage_safe/labels/train/V_P_I_2413_jpg.rf.d7e2eb0feec28fa9cac06c12b767c72f.txt,0,1
npds_01944_V_P_I_3393_jpg.rf.ad4c7bd4e59cfa42222835ba9ced3f9d,npds,/home/divya/projects/IndianANPR/data/processed/npds_leakage_safe/images/train/V_P_I_3393_jpg.rf.ad4c7bd4e59cfa42222835ba9ced3f9d.jpg,/home/divya/projects/IndianANPR/data/processed/npds_leakage_safe/labels/train/V_P_I_3393_jpg.rf.ad4c7bd4e59cfa42222835ba9ced3f9d.txt,0,1
npds_01945_V_P_I_1169_jpg.rf.1a7dca1d26e46072f2d38feb0d86e797,npds,/home/divya/projects/IndianANPR/data/processed/npds_leakage_safe/images/train/V_P_I_1169_jpg.rf.1a7dca1d26e46072f2d38feb0d86e797.jpg,/home/divya/projects/IndianANPR/data/processed/npds_leakage_safe/labels/train/V_P_I_1169_jpg.rf.1a7dca1d26e46072f2d38feb0d86e797.txt,0,1
npds_01946_V_P_I_654_jpg.rf.cd91054bc82ab9423519f30fdec52c20,npds,/home/divya/projects/IndianANPR/data/processed/npds_leakage_safe/images/train/V_P_I_654_jpg.rf.cd91054bc82ab9423519f30fdec52c20.jpg,/home/divya/projects/IndianANPR/data/processed/npds_leakage_safe/labels/train/V_P_I_654_jpg.rf.cd91054bc82ab9423519f30fdec52c20.txt,0,1
npds_01947_V_P_I_786_jpg.rf.e277f592f3cb32ec5ce0a7e1e89f77d0,npds,/home/divya/projects/IndianANPR/data/processed/npds_leakage_safe/images/train/V_P_I_786_jpg.rf.e277f592f3cb32ec5ce0a7e1e89f77d0.jpg,/home/divya/projects/IndianANPR/data/processed/npds_leakage_safe/labels/train/V_P_I_786_jpg.rf.e277f592f3cb32ec5ce0a7e1e89f77d0.txt,0,1
npds_01948_V_P_I_2061_jpg.rf.47c624faadab96024ba1f17025a05c8e,npds,/home/divya/projects/IndianANPR/data/processed/npds_leakage_safe/images/train/V_P_I_2061_jpg.rf.47c624faadab96024ba1f17025a05c8e.jpg,/home/divya/projects/IndianANPR/data/processed/npds_leakage_safe/labels/train/V_P_I_2061_jpg.rf.47c624faadab96024ba1f17025a05c8e.txt,0,1
npds_01949_V_P_I_2180_jpg.rf.1772f8bc6058f9909d1201d25ab208e4,npds,/home/divya/projects/IndianANPR/data/processed/npds_leakage_safe/images/train/V_P_I_2180_jpg.rf.1772f8bc6058f9909d1201d25ab208e4.jpg,/home/divya/projects/IndianANPR/data/processed/npds_leakage_safe/labels/train/V_P_I_2180_jpg.rf.1772f8bc6058f9909d1201d25ab208e4.txt,0,1
npds_01950_V_P_I_896_jpg.rf.20fcca2883f18a9002cec635811f139f,npds,/home/divya/projects/IndianANPR/data/processed/npds_leakage_safe/images/train/V_P_I_896_jpg.rf.20fcca2883f18a9002cec635811f139f.jpg,/home/divya/projects/IndianANPR/data/processed/npds_leakage_safe/labels/train/V_P_I_896_jpg.rf.20fcca2883f18a9002cec635811f139f.txt,0,1
npds_01951_V_P_I_2910_jpg.rf.3612b2fb82226940b41349741aaee56a,npds,/home/divya/projects/IndianANPR/data/processed/npds_leakage_safe/images/train/V_P_I_2910_jpg.rf.3612b2fb82226940b41349741aaee56a.jpg,/home/divya/projects/IndianANPR/data/processed/npds_leakage_safe/labels/train/V_P_I_2910_jpg.rf.3612b2fb82226940b41349741aaee56a.txt,0,1
npds_01952_V_P_I_2691_jpg.rf.fdee0c446d6082dd39cbefadf79cf644,npds,/home/divya/projects/IndianANPR/data/processed/npds_leakage_safe/images/train/V_P_I_2691_jpg.rf.fdee0c446d6082dd39cbefadf79cf644.jpg,/home/divya/projects/IndianANPR/data/processed/npds_leakage_safe/labels/train/V_P_I_2691_jpg.rf.fdee0c446d6082dd39cbefadf79cf644.txt,0,1
npds_01953_V_P_I_1696_jpg.rf.3d511f3d133c183f6ef9f97594b8ccf5,npds,/home/divya/projects/IndianANPR/data/processed/npds_leakage_safe/images/train/V_P_I_1696_jpg.rf.3d511f3d133c183f6ef9f97594b8ccf5.jpg,/home/divya/projects/IndianANPR/data/processed/npds_leakage_safe/labels/train/V_P_I_1696_jpg.rf.3d511f3d133c183f6ef9f97594b8ccf5.txt,0,1
npds_01954_V_P_I_1512_jpg.rf.af894c739752f5166012a0d53b1faef1,npds,/home/divya/projects/IndianANPR/data/processed/npds_leakage_safe/images/train/V_P_I_1512_jpg.rf.af894c739752f5166012a0d53b1faef1.jpg,/home/divya/projects/IndianANPR/data/processed/npds_leakage_safe/labels/train/V_P_I_1512_jpg.rf.af894c739752f5166012a0d53b1faef1.txt,0,1
npds_01955_V_P_I_3159_jpg.rf.e8d58e8095a2a4fd26375e0aa584cc9c,npds,/home/divya/projects/IndianANPR/data/processed/npds_leakage_safe/images/train/V_P_I_3159_jpg.rf.e8d58e8095a2a4fd26375e0aa584cc9c.jpg,/home/divya/projects/IndianANPR/data/processed/npds_leakage_safe/labels/train/V_P_I_3159_jpg.rf.e8d58e8095a2a4fd26375e0aa584cc9c.txt,0,1
npds_01956_V_P_I_2600_jpg.rf.38cf4f6d91220c500bcbb5622f436f60,npds,/home/divya/projects/IndianANPR/data/processed/npds_leakage_safe/images/train/V_P_I_2600_jpg.rf.38cf4f6d91220c500bcbb5622f436f60.jpg,/home/divya/projects/IndianANPR/data/processed/npds_leakage_safe/labels/train/V_P_I_2600_jpg.rf.38cf4f6d91220c500bcbb5622f436f60.txt,0,1
npds_01957_V_P_I_1738_jpg.rf.0789e831e8bdd637acc3fbd17ed813b9,npds,/home/divya/projects/IndianANPR/data/processed/npds_leakage_safe/images/train/V_P_I_1738_jpg.rf.0789e831e8bdd637acc3fbd17ed813b9.jpg,/home/divya/projects/IndianANPR/data/processed/npds_leakage_safe/labels/train/V_P_I_1738_jpg.rf.0789e831e8bdd637acc3fbd17ed813b9.txt,0,1
npds_01958_V_P_I_1365_jpg.rf.9d19ee98750290c4605552ef6f0d288e,npds,/home/divya/projects/IndianANPR/data/processed/npds_leakage_safe/images/train/V_P_I_1365_jpg.rf.9d19ee98750290c4605552ef6f0d288e.jpg,/home/divya/projects/IndianANPR/data/processed/npds_leakage_safe/labels/train/V_P_I_1365_jpg.rf.9d19ee98750290c4605552ef6f0d288e.txt,0,1
npds_01959_V_P_I_2175_jpg.rf.79a188b7c8aacd5c0ffda5769c5227b4,npds,/home/divya/projects/IndianANPR/data/processed/npds_leakage_safe/images/train/V_P_I_2175_jpg.rf.79a188b7c8aacd5c0ffda5769c5227b4.jpg,/home/divya/projects/IndianANPR/data/processed/npds_leakage_safe/labels/train/V_P_I_2175_jpg.rf.79a188b7c8aacd5c0ffda5769c5227b4.txt,0,1
npds_01960_V_P_I_2843_jpg.rf.2c846d042ebc040ba5e6c7e57f43b056,npds,/home/divya/projects/IndianANPR/data/processed/npds_leakage_safe/images/train/V_P_I_2843_jpg.rf.2c846d042ebc040ba5e6c7e57f43b056.jpg,/home/divya/projects/IndianANPR/data/processed/npds_leakage_safe/labels/train/V_P_I_2843_jpg.rf.2c846d042ebc040ba5e6c7e57f43b056.txt,0,1
npds_01961_V_P_I_2231_jpg.rf.e22d7b893ac96062cf548076a7acd0b0,npds,/home/divya/projects/IndianANPR/data/processed/npds_leakage_safe/images/train/V_P_I_2231_jpg.rf.e22d7b893ac96062cf548076a7acd0b0.jpg,/home/divya/projects/IndianANPR/data/processed/npds_leakage_safe/labels/train/V_P_I_2231_jpg.rf.e22d7b893ac96062cf548076a7acd0b0.txt,0,1
npds_01962_V_P_I_1395_jpg.rf.526f5c4b94d780ea6af9bea18bdff874,npds,/home/divya/projects/IndianANPR/data/processed/npds_leakage_safe/images/train/V_P_I_1395_jpg.rf.526f5c4b94d780ea6af9bea18bdff874.jpg,/home/divya/projects/IndianANPR/data/processed/npds_leakage_safe/labels/train/V_P_I_1395_jpg.rf.526f5c4b94d780ea6af9bea18bdff874.txt,0,1
npds_01963_V_P_I_368_jpg.rf.15645635776a359f78f8690f12a2594b,npds,/home/divya/projects/IndianANPR/data/processed/npds_leakage_safe/images/train/V_P_I_368_jpg.rf.15645635776a359f78f8690f12a2594b.jpg,/home/divya/projects/IndianANPR/data/processed/npds_leakage_safe/labels/train/V_P_I_368_jpg.rf.15645635776a359f78f8690f12a2594b.txt,0,1
npds_01964_V_P_I_869_jpg.rf.bb95cccfdf980c50c4b368aab869dbc2,npds,/home/divya/projects/IndianANPR/data/processed/npds_leakage_safe/images/train/V_P_I_869_jpg.rf.bb95cccfdf980c50c4b368aab869dbc2.jpg,/home/divya/projects/IndianANPR/data/processed/npds_leakage_safe/labels/train/V_P_I_869_jpg.rf.bb95cccfdf980c50c4b368aab869dbc2.txt,0,1
npds_01965_V_P_I_2898_jpg.rf.69cf71ed910312b7230ba8397431a7fc,npds,/home/divya/projects/IndianANPR/data/processed/npds_leakage_safe/images/train/V_P_I_2898_jpg.rf.69cf71ed910312b7230ba8397431a7fc.jpg,/home/divya/projects/IndianANPR/data/processed/npds_leakage_safe/labels/train/V_P_I_2898_jpg.rf.69cf71ed910312b7230ba8397431a7fc.txt,0,1
npds_01966_V_P_I_1742_jpg.rf.bfcbb20a8116283fd92cc05e482e91af,npds,/home/divya/projects/IndianANPR/data/processed/npds_leakage_safe/images/train/V_P_I_1742_jpg.rf.bfcbb20a8116283fd92cc05e482e91af.jpg,/home/divya/projects/IndianANPR/data/processed/npds_leakage_safe/labels/train/V_P_I_1742_jpg.rf.bfcbb20a8116283fd92cc05e482e91af.txt,0,1
npds_01967_V_P_I_524_jpg.rf.7a4f26263db9507bd67c13b083fb4f9b,npds,/home/divya/projects/IndianANPR/data/processed/npds_leakage_safe/images/train/V_P_I_524_jpg.rf.7a4f26263db9507bd67c13b083fb4f9b.jpg,/home/divya/projects/IndianANPR/data/processed/npds_leakage_safe/labels/train/V_P_I_524_jpg.rf.7a4f26263db9507bd67c13b083fb4f9b.txt,0,1
npds_01968_V_P_I_242_jpg.rf.b64ea0adb30c8b9f442638206df74183,npds,/home/divya/projects/IndianANPR/data/processed/npds_leakage_safe/images/train/V_P_I_242_jpg.rf.b64ea0adb30c8b9f442638206df74183.jpg,/home/divya/projects/IndianANPR/data/processed/npds_leakage_safe/labels/train/V_P_I_242_jpg.rf.b64ea0adb30c8b9f442638206df74183.txt,0,1
npds_01969_V_P_I_2856_jpg.rf.62cef0ca59255b120e4f2b664461223d,npds,/home/divya/projects/IndianANPR/data/processed/npds_leakage_safe/images/train/V_P_I_2856_jpg.rf.62cef0ca59255b120e4f2b664461223d.jpg,/home/divya/projects/IndianANPR/data/processed/npds_leakage_safe/labels/train/V_P_I_2856_jpg.rf.62cef0ca59255b120e4f2b664461223d.txt,0,1
npds_01970_V_P_I_383_jpg.rf.82ee8dca81336a003d5be182383f6adc,npds,/home/divya/projects/IndianANPR/data/processed/npds_leakage_safe/images/train/V_P_I_383_jpg.rf.82ee8dca81336a003d5be182383f6adc.jpg,/home/divya/projects/IndianANPR/data/processed/npds_leakage_safe/labels/train/V_P_I_383_jpg.rf.82ee8dca81336a003d5be182383f6adc.txt,0,1
npds_01971_V_P_I_844_jpg.rf.6fb5c70e49cf73bc89bef09d4339314d,npds,/home/divya/projects/IndianANPR/data/processed/npds_leakage_safe/images/train/V_P_I_844_jpg.rf.6fb5c70e49cf73bc89bef09d4339314d.jpg,/home/divya/projects/IndianANPR/data/processed/npds_leakage_safe/labels/train/V_P_I_844_jpg.rf.6fb5c70e49cf73bc89bef09d4339314d.txt,0,1
npds_01972_V_P_I_3042_jpg.rf.8c6ef9c25be7b77d2199d5d1895e0f98,npds,/home/divya/projects/IndianANPR/data/processed/npds_leakage_safe/images/train/V_P_I_3042_jpg.rf.8c6ef9c25be7b77d2199d5d1895e0f98.jpg,/home/divya/projects/IndianANPR/data/processed/npds_leakage_safe/labels/train/V_P_I_3042_jpg.rf.8c6ef9c25be7b77d2199d5d1895e0f98.txt,0,1
npds_01973_V_P_I_3016_jpg.rf.59185af63390d2f045c665621778a74a,npds,/home/divya/projects/IndianANPR/data/processed/npds_leakage_safe/images/train/V_P_I_3016_jpg.rf.59185af63390d2f045c665621778a74a.jpg,/home/divya/projects/IndianANPR/data/processed/npds_leakage_safe/labels/train/V_P_I_3016_jpg.rf.59185af63390d2f045c665621778a74a.txt,0,1
npds_01974_V_P_I_3213_jpg.rf.788b494db62811fa56a30125db719ad9,npds,/home/divya/projects/IndianANPR/data/processed/npds_leakage_safe/images/train/V_P_I_3213_jpg.rf.788b494db62811fa56a30125db719ad9.jpg,/home/divya/projects/IndianANPR/data/processed/npds_leakage_safe/labels/train/V_P_I_3213_jpg.rf.788b494db62811fa56a30125db719ad9.txt,0,1
npds_01975_V_P_I_3107_jpg.rf.887677fef2cb68e5f9f564c31b413f87,npds,/home/divya/projects/IndianANPR/data/processed/npds_leakage_safe/images/train/V_P_I_3107_jpg.rf.887677fef2cb68e5f9f564c31b413f87.jpg,/home/divya/projects/IndianANPR/data/processed/npds_leakage_safe/labels/train/V_P_I_3107_jpg.rf.887677fef2cb68e5f9f564c31b413f87.txt,0,1
npds_01976_V_P_I_2844_jpg.rf.84b7df691cff966f11f9d42b89c0baf8,npds,/home/divya/projects/IndianANPR/data/processed/npds_leakage_safe/images/train/V_P_I_2844_jpg.rf.84b7df691cff966f11f9d42b89c0baf8.jpg,/home/divya/projects/IndianANPR/data/processed/npds_leakage_safe/labels/train/V_P_I_2844_jpg.rf.84b7df691cff966f11f9d42b89c0baf8.txt,0,1
npds_01977_V_P_I_1083_jpg.rf.1030e721451ac87968c495e8f9320641,npds,/home/divya/projects/IndianANPR/data/processed/npds_leakage_safe/images/train/V_P_I_1083_jpg.rf.1030e721451ac87968c495e8f9320641.jpg,/home/divya/projects/IndianANPR/data/processed/npds_leakage_safe/labels/train/V_P_I_1083_jpg.rf.1030e721451ac87968c495e8f9320641.txt,0,2
npds_01978_V_P_I_956_jpg.rf.7da25d4c06101c69daf28f711abfa55f,npds,/home/divya/projects/IndianANPR/data/processed/npds_leakage_safe/images/train/V_P_I_956_jpg.rf.7da25d4c06101c69daf28f711abfa55f.jpg,/home/divya/projects/IndianANPR/data/processed/npds_leakage_safe/labels/train/V_P_I_956_jpg.rf.7da25d4c06101c69daf28f711abfa55f.txt,0,1
npds_01979_V_P_I_3161_jpg.rf.a2273ff2d3595b4603370a78b7a88ff1,npds,/home/divya/projects/IndianANPR/data/processed/npds_leakage_safe/images/train/V_P_I_3161_jpg.rf.a2273ff2d3595b4603370a78b7a88ff1.jpg,/home/divya/projects/IndianANPR/data/processed/npds_leakage_safe/labels/train/V_P_I_3161_jpg.rf.a2273ff2d3595b4603370a78b7a88ff1.txt,0,1
npds_01980_V_P_I_3290_jpg.rf.6c83eaf2da534e028383b2052e8dab4e,npds,/home/divya/projects/IndianANPR/data/processed/npds_leakage_safe/images/train/V_P_I_3290_jpg.rf.6c83eaf2da534e028383b2052e8dab4e.jpg,/home/divya/projects/IndianANPR/data/processed/npds_leakage_safe/labels/train/V_P_I_3290_jpg.rf.6c83eaf2da534e028383b2052e8dab4e.txt,0,1
npds_01981_V_P_I_1881_jpg.rf.39b9c3fc2399cec0511a83da35802b44,npds,/home/divya/projects/IndianANPR/data/processed/npds_leakage_safe/images/train/V_P_I_1881_jpg.rf.39b9c3fc2399cec0511a83da35802b44.jpg,/home/divya/projects/IndianANPR/data/processed/npds_leakage_safe/labels/train/V_P_I_1881_jpg.rf.39b9c3fc2399cec0511a83da35802b44.txt,0,1
npds_01982_V_P_I_660_jpg.rf.f22812a0893d4d6a931f95f238ec3eff,npds,/home/divya/projects/IndianANPR/data/processed/npds_leakage_safe/images/train/V_P_I_660_jpg.rf.f22812a0893d4d6a931f95f238ec3eff.jpg,/home/divya/projects/IndianANPR/data/processed/npds_leakage_safe/labels/train/V_P_I_660_jpg.rf.f22812a0893d4d6a931f95f238ec3eff.txt,0,1
npds_01983_V_P_I_1599_jpg.rf.23b1e0e22a277034516ea31e3e0e2e0d,npds,/home/divya/projects/IndianANPR/data/processed/npds_leakage_safe/images/train/V_P_I_1599_jpg.rf.23b1e0e22a277034516ea31e3e0e2e0d.jpg,/home/divya/projects/IndianANPR/data/processed/npds_leakage_safe/labels/train/V_P_I_1599_jpg.rf.23b1e0e22a277034516ea31e3e0e2e0d.txt,0,2
npds_01984_V_P_I_1907_jpg.rf.67357c171dc4ee9a29a9647558ddde65,npds,/home/divya/projects/IndianANPR/data/processed/npds_leakage_safe/images/train/V_P_I_1907_jpg.rf.67357c171dc4ee9a29a9647558ddde65.jpg,/home/divya/projects/IndianANPR/data/processed/npds_leakage_safe/labels/train/V_P_I_1907_jpg.rf.67357c171dc4ee9a29a9647558ddde65.txt,0,1
npds_01985_V_P_I_3331_jpg.rf.81d4e246c10d28f894fc70dbb9de0d45,npds,/home/divya/projects/IndianANPR/data/processed/npds_leakage_safe/images/train/V_P_I_3331_jpg.rf.81d4e246c10d28f894fc70dbb9de0d45.jpg,/home/divya/projects/IndianANPR/data/processed/npds_leakage_safe/labels/train/V_P_I_3331_jpg.rf.81d4e246c10d28f894fc70dbb9de0d45.txt,0,1
npds_01986_V_P_I_367_jpg.rf.b8655b56fe5179837936950e3d1049b4,npds,/home/divya/projects/IndianANPR/data/processed/npds_leakage_safe/images/train/V_P_I_367_jpg.rf.b8655b56fe5179837936950e3d1049b4.jpg,/home/divya/projects/IndianANPR/data/processed/npds_leakage_safe/labels/train/V_P_I_367_jpg.rf.b8655b56fe5179837936950e3d1049b4.txt,0,1
npds_01987_V_P_I_2046_jpg.rf.1cd462368682a841118c5b91161056f2,npds,/home/divya/projects/IndianANPR/data/processed/npds_leakage_safe/images/train/V_P_I_2046_jpg.rf.1cd462368682a841118c5b91161056f2.jpg,/home/divya/projects/IndianANPR/data/processed/npds_leakage_safe/labels/train/V_P_I_2046_jpg.rf.1cd462368682a841118c5b91161056f2.txt,0,1
npds_01988_V_P_I_2144_jpg.rf.7890aed87af4af38facf7f0da5355c2e,npds,/home/divya/projects/IndianANPR/data/processed/npds_leakage_safe/images/train/V_P_I_2144_jpg.rf.7890aed87af4af38facf7f0da5355c2e.jpg,/home/divya/projects/IndianANPR/data/processed/npds_leakage_safe/labels/train/V_P_I_2144_jpg.rf.7890aed87af4af38facf7f0da5355c2e.txt,0,1
npds_01989_V_P_I_2179_jpg.rf.8c133f5767fc99043e33822e9d9f95b9,npds,/home/divya/projects/IndianANPR/data/processed/npds_leakage_safe/images/train/V_P_I_2179_jpg.rf.8c133f5767fc99043e33822e9d9f95b9.jpg,/home/divya/projects/IndianANPR/data/processed/npds_leakage_safe/labels/train/V_P_I_2179_jpg.rf.8c133f5767fc99043e33822e9d9f95b9.txt,0,1
npds_01990_V_P_I_1024_jpg.rf.cd452b90bedd7ea2b3c1b19fb92fbb29,npds,/home/divya/projects/IndianANPR/data/processed/npds_leakage_safe/images/train/V_P_I_1024_jpg.rf.cd452b90bedd7ea2b3c1b19fb92fbb29.jpg,/home/divya/projects/IndianANPR/data/processed/npds_leakage_safe/labels/train/V_P_I_1024_jpg.rf.cd452b90bedd7ea2b3c1b19fb92fbb29.txt,0,1
npds_01991_V_P_I_1602_jpg.rf.b92db5e3c4cd0c789c32f6cf7d56049e,npds,/home/divya/projects/IndianANPR/data/processed/npds_leakage_safe/images/train/V_P_I_1602_jpg.rf.b92db5e3c4cd0c789c32f6cf7d56049e.jpg,/home/divya/projects/IndianANPR/data/processed/npds_leakage_safe/labels/train/V_P_I_1602_jpg.rf.b92db5e3c4cd0c789c32f6cf7d56049e.txt,0,1
npds_01992_V_P_I_1477_jpg.rf.8c9a7bac018e444bd6b8de30347cf6e4,npds,/home/divya/projects/IndianANPR/data/processed/npds_leakage_safe/images/train/V_P_I_1477_jpg.rf.8c9a7bac018e444bd6b8de30347cf6e4.jpg,/home/divya/projects/IndianANPR/data/processed/npds_leakage_safe/labels/train/V_P_I_1477_jpg.rf.8c9a7bac018e444bd6b8de30347cf6e4.txt,0,1
npds_01993_V_P_I_2873_jpg.rf.b265d201d0fe767985ad9b1908d12c27,npds,/home/divya/projects/IndianANPR/data/processed/npds_leakage_safe/images/train/V_P_I_2873_jpg.rf.b265d201d0fe767985ad9b1908d12c27.jpg,/home/divya/projects/IndianANPR/data/processed/npds_leakage_safe/labels/train/V_P_I_2873_jpg.rf.b265d201d0fe767985ad9b1908d12c27.txt,0,1
npds_01994_V_P_I_3160_jpg.rf.9ac59de2f9b339d275a01a919c1b236a,npds,/home/divya/projects/IndianANPR/data/processed/npds_leakage_safe/images/train/V_P_I_3160_jpg.rf.9ac59de2f9b339d275a01a919c1b236a.jpg,/home/divya/projects/IndianANPR/data/processed/npds_leakage_safe/labels/train/V_P_I_3160_jpg.rf.9ac59de2f9b339d275a01a919c1b236a.txt,0,1
npds_01995_V_P_I_2345_jpg.rf.d68293dc563676c2ca03b70afe701472,npds,/home/divya/projects/IndianANPR/data/processed/npds_leakage_safe/images/train/V_P_I_2345_jpg.rf.d68293dc563676c2ca03b70afe701472.jpg,/home/divya/projects/IndianANPR/data/processed/npds_leakage_safe/labels/train/V_P_I_2345_jpg.rf.d68293dc563676c2ca03b70afe701472.txt,0,1
npds_01996_V_P_I_1237_jpg.rf.0d7294f82ec5aa86b136a0b331fdaf44,npds,/home/divya/projects/IndianANPR/data/processed/npds_leakage_safe/images/train/V_P_I_1237_jpg.rf.0d7294f82ec5aa86b136a0b331fdaf44.jpg,/home/divya/projects/IndianANPR/data/processed/npds_leakage_safe/labels/train/V_P_I_1237_jpg.rf.0d7294f82ec5aa86b136a0b331fdaf44.txt,0,1
npds_01997_V_P_I_1473_jpg.rf.3927c93a8a108eabfd0de6a2b3ea266c,npds,/home/divya/projects/IndianANPR/data/processed/npds_leakage_safe/images/train/V_P_I_1473_jpg.rf.3927c93a8a108eabfd0de6a2b3ea266c.jpg,/home/divya/projects/IndianANPR/data/processed/npds_leakage_safe/labels/train/V_P_I_1473_jpg.rf.3927c93a8a108eabfd0de6a2b3ea266c.txt,0,1
npds_01998_V_P_I_3464_jpeg_jpg.rf.b64d22c626514a1963c3d84609081681,npds,/home/divya/projects/IndianANPR/data/processed/npds_leakage_safe/images/train/V_P_I_3464_jpeg_jpg.rf.b64d22c626514a1963c3d84609081681.jpg,/home/divya/projects/IndianANPR/data/processed/npds_leakage_safe/labels/train/V_P_I_3464_jpeg_jpg.rf.b64d22c626514a1963c3d84609081681.txt,0,1
npds_01999_V_P_I_3080_jpg.rf.56e3505e68c1afef7bb45b14aa572e3f,npds,/home/divya/projects/IndianANPR/data/processed/npds_leakage_safe/images/train/V_P_I_3080_jpg.rf.56e3505e68c1afef7bb45b14aa572e3f.jpg,/home/divya/projects/IndianANPR/data/processed/npds_leakage_safe/labels/train/V_P_I_3080_jpg.rf.56e3505e68c1afef7bb45b14aa572e3f.txt,0,1
npds_02000_V_P_I_109_jpg.rf.f6c5309e7c0ee8216dc0573203698496,npds,/home/divya/projects/IndianANPR/data/processed/npds_leakage_safe/images/train/V_P_I_109_jpg.rf.f6c5309e7c0ee8216dc0573203698496.jpg,/home/divya/projects/IndianANPR/data/processed/npds_leakage_safe/labels/train/V_P_I_109_jpg.rf.f6c5309e7c0ee8216dc0573203698496.txt,0,1
npds_02001_V_P_I_1310_jpg.rf.90e336c34e7f97712a7e07301fe796e1,npds,/home/divya/projects/IndianANPR/data/processed/npds_leakage_safe/images/train/V_P_I_1310_jpg.rf.90e336c34e7f97712a7e07301fe796e1.jpg,/home/divya/projects/IndianANPR/data/processed/npds_leakage_safe/labels/train/V_P_I_1310_jpg.rf.90e336c34e7f97712a7e07301fe796e1.txt,0,1
npds_02002_V_P_I_3490_jpg.rf.4a764bb0ea0d19998d30cee9d74a7dcc,npds,/home/divya/projects/IndianANPR/data/processed/npds_leakage_safe/images/train/V_P_I_3490_jpg.rf.4a764bb0ea0d19998d30cee9d74a7dcc.jpg,/home/divya/projects/IndianANPR/data/processed/npds_leakage_safe/labels/train/V_P_I_3490_jpg.rf.4a764bb0ea0d19998d30cee9d74a7dcc.txt,0,1
npds_02003_V_P_I_2763_jpg.rf.f18544f434b0d32cc2a3ea93bcd59680,npds,/home/divya/projects/IndianANPR/data/processed/npds_leakage_safe/images/train/V_P_I_2763_jpg.rf.f18544f434b0d32cc2a3ea93bcd59680.jpg,/home/divya/projects/IndianANPR/data/processed/npds_leakage_safe/labels/train/V_P_I_2763_jpg.rf.f18544f434b0d32cc2a3ea93bcd59680.txt,0,1
npds_02004_V_P_I_1702_jpg.rf.8888bc4368e672c3819614191918c37f,npds,/home/divya/projects/IndianANPR/data/processed/npds_leakage_safe/images/train/V_P_I_1702_jpg.rf.8888bc4368e672c3819614191918c37f.jpg,/home/divya/projects/IndianANPR/data/processed/npds_leakage_safe/labels/train/V_P_I_1702_jpg.rf.8888bc4368e672c3819614191918c37f.txt,0,1
npds_02005_V_P_I_2266_jpg.rf.a6d5eacd51ce72ec52299ab27faf6bb1,npds,/home/divya/projects/IndianANPR/data/processed/npds_leakage_safe/images/train/V_P_I_2266_jpg.rf.a6d5eacd51ce72ec52299ab27faf6bb1.jpg,/home/divya/projects/IndianANPR/data/processed/npds_leakage_safe/labels/train/V_P_I_2266_jpg.rf.a6d5eacd51ce72ec52299ab27faf6bb1.txt,0,1
npds_02006_V_P_I_2402_jpg.rf.b27fd72778995fd40e714c8b9caf497d,npds,/home/divya/projects/IndianANPR/data/processed/npds_leakage_safe/images/train/V_P_I_2402_jpg.rf.b27fd72778995fd40e714c8b9caf497d.jpg,/home/divya/projects/IndianANPR/data/processed/npds_leakage_safe/labels/train/V_P_I_2402_jpg.rf.b27fd72778995fd40e714c8b9caf497d.txt,0,1
npds_02007_V_P_I_61_jpg.rf.5dc4ec2d624e3d84e203c20545bec4c7,npds,/home/divya/projects/IndianANPR/data/processed/npds_leakage_safe/images/train/V_P_I_61_jpg.rf.5dc4ec2d624e3d84e203c20545bec4c7.jpg,/home/divya/projects/IndianANPR/data/processed/npds_leakage_safe/labels/train/V_P_I_61_jpg.rf.5dc4ec2d624e3d84e203c20545bec4c7.txt,0,2
npds_02008_V_P_I_2146_jpg.rf.8f2b26cf433f92bdc9a65ea2f747c65e,npds,/home/divya/projects/IndianANPR/data/processed/npds_leakage_safe/images/train/V_P_I_2146_jpg.rf.8f2b26cf433f92bdc9a65ea2f747c65e.jpg,/home/divya/projects/IndianANPR/data/processed/npds_leakage_safe/labels/train/V_P_I_2146_jpg.rf.8f2b26cf433f92bdc9a65ea2f747c65e.txt,0,1
npds_02009_V_P_I_151_jpg.rf.2ec6f36c402bf83f384b45a0a0fb576d,npds,/home/divya/projects/IndianANPR/data/processed/npds_leakage_safe/images/train/V_P_I_151_jpg.rf.2ec6f36c402bf83f384b45a0a0fb576d.jpg,/home/divya/projects/IndianANPR/data/processed/npds_leakage_safe/labels/train/V_P_I_151_jpg.rf.2ec6f36c402bf83f384b45a0a0fb576d.txt,0,1
npds_02010_V_P_I_2242_jpg.rf.5e18b7fbb6caf4ae585a4dc4937061c5,npds,/home/divya/projects/IndianANPR/data/processed/npds_leakage_safe/images/train/V_P_I_2242_jpg.rf.5e18b7fbb6caf4ae585a4dc4937061c5.jpg,/home/divya/projects/IndianANPR/data/processed/npds_leakage_safe/labels/train/V_P_I_2242_jpg.rf.5e18b7fbb6caf4ae585a4dc4937061c5.txt,0,1
npds_02011_V_P_I_2059_jpg.rf.ee20745a46f1cce54aacb1172561b4cc,npds,/home/divya/projects/IndianANPR/data/processed/npds_leakage_safe/images/train/V_P_I_2059_jpg.rf.ee20745a46f1cce54aacb1172561b4cc.jpg,/home/divya/projects/IndianANPR/data/processed/npds_leakage_safe/labels/train/V_P_I_2059_jpg.rf.ee20745a46f1cce54aacb1172561b4cc.txt,0,2
npds_02012_V_P_I_3395_jpg.rf.262b16f0d9312e92810f5367abab8a61,npds,/home/divya/projects/IndianANPR/data/processed/npds_leakage_safe/images/train/V_P_I_3395_jpg.rf.262b16f0d9312e92810f5367abab8a61.jpg,/home/divya/projects/IndianANPR/data/processed/npds_leakage_safe/labels/train/V_P_I_3395_jpg.rf.262b16f0d9312e92810f5367abab8a61.txt,0,1
npds_02013_V_P_I_989_jpg.rf.a512ab0bbd6d61c3d4be27a042628340,npds,/home/divya/projects/IndianANPR/data/processed/npds_leakage_safe/images/train/V_P_I_989_jpg.rf.a512ab0bbd6d61c3d4be27a042628340.jpg,/home/divya/projects/IndianANPR/data/processed/npds_leakage_safe/labels/train/V_P_I_989_jpg.rf.a512ab0bbd6d61c3d4be27a042628340.txt,0,1
npds_02014_V_P_I_419_jpg.rf.3c757fae8b234ef41a54cc582f86e242,npds,/home/divya/projects/IndianANPR/data/processed/npds_leakage_safe/images/train/V_P_I_419_jpg.rf.3c757fae8b234ef41a54cc582f86e242.jpg,/home/divya/projects/IndianANPR/data/processed/npds_leakage_safe/labels/train/V_P_I_419_jpg.rf.3c757fae8b234ef41a54cc582f86e242.txt,0,1
npds_02015_V_P_I_2879_jpg.rf.e39e7aedc3675b8a949cdb5c07270a58,npds,/home/divya/projects/IndianANPR/data/processed/npds_leakage_safe/images/train/V_P_I_2879_jpg.rf.e39e7aedc3675b8a949cdb5c07270a58.jpg,/home/divya/projects/IndianANPR/data/processed/npds_leakage_safe/labels/train/V_P_I_2879_jpg.rf.e39e7aedc3675b8a949cdb5c07270a58.txt,0,1
npds_02016_V_P_I_2970_jpg.rf.8b1ddb3d46488f95a1849aa90b73cb50,npds,/home/divya/projects/IndianANPR/data/processed/npds_leakage_safe/images/train/V_P_I_2970_jpg.rf.8b1ddb3d46488f95a1849aa90b73cb50.jpg,/home/divya/projects/IndianANPR/data/processed/npds_leakage_safe/labels/train/V_P_I_2970_jpg.rf.8b1ddb3d46488f95a1849aa90b73cb50.txt,0,1
npds_02017_V_P_I_1292_jpg.rf.5301adaa00c58e2fb007729616cc919c,npds,/home/divya/projects/IndianANPR/data/processed/npds_leakage_safe/images/train/V_P_I_1292_jpg.rf.5301adaa00c58e2fb007729616cc919c.jpg,/home/divya/projects/IndianANPR/data/processed/npds_leakage_safe/labels/train/V_P_I_1292_jpg.rf.5301adaa00c58e2fb007729616cc919c.txt,0,1
npds_02018_V_P_I_1170_jpg.rf.e3563ca664bdefc1c501f55b18e68e59,npds,/home/divya/projects/IndianANPR/data/processed/npds_leakage_safe/images/train/V_P_I_1170_jpg.rf.e3563ca664bdefc1c501f55b18e68e59.jpg,/home/divya/projects/IndianANPR/data/processed/npds_leakage_safe/labels/train/V_P_I_1170_jpg.rf.e3563ca664bdefc1c501f55b18e68e59.txt,0,2
npds_02019_V_P_I_1514_jpg.rf.eed5a269f6d0808185fd0bd96e80a15a,npds,/home/divya/projects/IndianANPR/data/processed/npds_leakage_safe/images/train/V_P_I_1514_jpg.rf.eed5a269f6d0808185fd0bd96e80a15a.jpg,/home/divya/projects/IndianANPR/data/processed/npds_leakage_safe/labels/train/V_P_I_1514_jpg.rf.eed5a269f6d0808185fd0bd96e80a15a.txt,0,1
npds_02020_V_P_I_910_jpg.rf.3dd7873d2bd844b212e685e64bc27cbc,npds,/home/divya/projects/IndianANPR/data/processed/npds_leakage_safe/images/train/V_P_I_910_jpg.rf.3dd7873d2bd844b212e685e64bc27cbc.jpg,/home/divya/projects/IndianANPR/data/processed/npds_leakage_safe/labels/train/V_P_I_910_jpg.rf.3dd7873d2bd844b212e685e64bc27cbc.txt,0,1
npds_02021_V_P_I_3518_jpg.rf.d01f1614b51b6bbd66fd4f556d5e9308,npds,/home/divya/projects/IndianANPR/data/processed/npds_leakage_safe/images/train/V_P_I_3518_jpg.rf.d01f1614b51b6bbd66fd4f556d5e9308.jpg,/home/divya/projects/IndianANPR/data/processed/npds_leakage_safe/labels/train/V_P_I_3518_jpg.rf.d01f1614b51b6bbd66fd4f556d5e9308.txt,0,1
npds_02022_V_P_I_3025_jpg.rf.9e3b1b1f2c48fe75f1a69c9fbd96a7b8,npds,/home/divya/projects/IndianANPR/data/processed/npds_leakage_safe/images/train/V_P_I_3025_jpg.rf.9e3b1b1f2c48fe75f1a69c9fbd96a7b8.jpg,/home/divya/projects/IndianANPR/data/processed/npds_leakage_safe/labels/train/V_P_I_3025_jpg.rf.9e3b1b1f2c48fe75f1a69c9fbd96a7b8.txt,0,1
npds_02023_V_P_I_1161_jpg.rf.7c854e15525fb4ce87817437eb43f275,npds,/home/divya/projects/IndianANPR/data/processed/npds_leakage_safe/images/train/V_P_I_1161_jpg.rf.7c854e15525fb4ce87817437eb43f275.jpg,/home/divya/projects/IndianANPR/data/processed/npds_leakage_safe/labels/train/V_P_I_1161_jpg.rf.7c854e15525fb4ce87817437eb43f275.txt,0,1
npds_02024_V_P_I_320_jpg.rf.c158c3583591e991f3b74befd877b561,npds,/home/divya/projects/IndianANPR/data/processed/npds_leakage_safe/images/train/V_P_I_320_jpg.rf.c158c3583591e991f3b74befd877b561.jpg,/home/divya/projects/IndianANPR/data/processed/npds_leakage_safe/labels/train/V_P_I_320_jpg.rf.c158c3583591e991f3b74befd877b561.txt,0,1
npds_02025_V_P_I_1283_jpg.rf.99c4d8c59b2e36361e3a609973d3e841,npds,/home/divya/projects/IndianANPR/data/processed/npds_leakage_safe/images/train/V_P_I_1283_jpg.rf.99c4d8c59b2e36361e3a609973d3e841.jpg,/home/divya/projects/IndianANPR/data/processed/npds_leakage_safe/labels/train/V_P_I_1283_jpg.rf.99c4d8c59b2e36361e3a609973d3e841.txt,0,1
npds_02026_V_P_I_1903_jpg.rf.0f38c1b9737b643cea4abf4084b1544f,npds,/home/divya/projects/IndianANPR/data/processed/npds_leakage_safe/images/train/V_P_I_1903_jpg.rf.0f38c1b9737b643cea4abf4084b1544f.jpg,/home/divya/projects/IndianANPR/data/processed/npds_leakage_safe/labels/train/V_P_I_1903_jpg.rf.0f38c1b9737b643cea4abf4084b1544f.txt,0,1
npds_02027_V_P_I_2477_jpg.rf.48469ca1c7cb305bfaa0313c09436ca2,npds,/home/divya/projects/IndianANPR/data/processed/npds_leakage_safe/images/train/V_P_I_2477_jpg.rf.48469ca1c7cb305bfaa0313c09436ca2.jpg,/home/divya/projects/IndianANPR/data/processed/npds_leakage_safe/labels/train/V_P_I_2477_jpg.rf.48469ca1c7cb305bfaa0313c09436ca2.txt,0,1
npds_02028_V_P_I_3173_jpg.rf.54a4f732bafb4e2cbe38db90408dc350,npds,/home/divya/projects/IndianANPR/data/processed/npds_leakage_safe/images/train/V_P_I_3173_jpg.rf.54a4f732bafb4e2cbe38db90408dc350.jpg,/home/divya/projects/IndianANPR/data/processed/npds_leakage_safe/labels/train/V_P_I_3173_jpg.rf.54a4f732bafb4e2cbe38db90408dc350.txt,0,1
npds_02029_V_P_I_2415_jpg.rf.9e72c5d3398631a7bd6caebf9a4a57da,npds,/home/divya/projects/IndianANPR/data/processed/npds_leakage_safe/images/train/V_P_I_2415_jpg.rf.9e72c5d3398631a7bd6caebf9a4a57da.jpg,/home/divya/projects/IndianANPR/data/processed/npds_leakage_safe/labels/train/V_P_I_2415_jpg.rf.9e72c5d3398631a7bd6caebf9a4a57da.txt,0,1
npds_02030_V_P_I_2609_jpg.rf.fb6f67a57ae1ac042280f0112ce66e80,npds,/home/divya/projects/IndianANPR/data/processed/npds_leakage_safe/images/train/V_P_I_2609_jpg.rf.fb6f67a57ae1ac042280f0112ce66e80.jpg,/home/divya/projects/IndianANPR/data/processed/npds_leakage_safe/labels/train/V_P_I_2609_jpg.rf.fb6f67a57ae1ac042280f0112ce66e80.txt,0,1
npds_02031_V_P_I_648_jpg.rf.3efe6228a482942b4a6b22b3b8e24ae1,npds,/home/divya/projects/IndianANPR/data/processed/npds_leakage_safe/images/train/V_P_I_648_jpg.rf.3efe6228a482942b4a6b22b3b8e24ae1.jpg,/home/divya/projects/IndianANPR/data/processed/npds_leakage_safe/labels/train/V_P_I_648_jpg.rf.3efe6228a482942b4a6b22b3b8e24ae1.txt,0,1
npds_02032_V_P_I_704_jpg.rf.b135653783b0d0917657a0ed5efa5970,npds,/home/divya/projects/IndianANPR/data/processed/npds_leakage_safe/images/train/V_P_I_704_jpg.rf.b135653783b0d0917657a0ed5efa5970.jpg,/home/divya/projects/IndianANPR/data/processed/npds_leakage_safe/labels/train/V_P_I_704_jpg.rf.b135653783b0d0917657a0ed5efa5970.txt,0,1
npds_02033_V_P_I_2383_jpg.rf.81f265a3b3573b60b91f7e8cebc9331e,npds,/home/divya/projects/IndianANPR/data/processed/npds_leakage_safe/images/train/V_P_I_2383_jpg.rf.81f265a3b3573b60b91f7e8cebc9331e.jpg,/home/divya/projects/IndianANPR/data/processed/npds_leakage_safe/labels/train/V_P_I_2383_jpg.rf.81f265a3b3573b60b91f7e8cebc9331e.txt,0,1
npds_02034_V_P_I_1907_jpg.rf.250d9a46bbbc50c8a88ca20803037eff,npds,/home/divya/projects/IndianANPR/data/processed/npds_leakage_safe/images/train/V_P_I_1907_jpg.rf.250d9a46bbbc50c8a88ca20803037eff.jpg,/home/divya/projects/IndianANPR/data/processed/npds_leakage_safe/labels/train/V_P_I_1907_jpg.rf.250d9a46bbbc50c8a88ca20803037eff.txt,0,1
npds_02035_V_P_I_1703_jpg.rf.18d95fbd759fb7df3bcba9375d8d1a53,npds,/home/divya/projects/IndianANPR/data/processed/npds_leakage_safe/images/train/V_P_I_1703_jpg.rf.18d95fbd759fb7df3bcba9375d8d1a53.jpg,/home/divya/projects/IndianANPR/data/processed/npds_leakage_safe/labels/train/V_P_I_1703_jpg.rf.18d95fbd759fb7df3bcba9375d8d1a53.txt,0,1
npds_02036_V_P_I_3519_jpg.rf.d058fb40cffc9c89dbc0539259a8a276,npds,/home/divya/projects/IndianANPR/data/processed/npds_leakage_safe/images/train/V_P_I_3519_jpg.rf.d058fb40cffc9c89dbc0539259a8a276.jpg,/home/divya/projects/IndianANPR/data/processed/npds_leakage_safe/labels/train/V_P_I_3519_jpg.rf.d058fb40cffc9c89dbc0539259a8a276.txt,0,1
npds_02037_V_P_I_2710_jpg.rf.23b24f51f619500221e1b347ba1269a9,npds,/home/divya/projects/IndianANPR/data/processed/npds_leakage_safe/images/train/V_P_I_2710_jpg.rf.23b24f51f619500221e1b347ba1269a9.jpg,/home/divya/projects/IndianANPR/data/processed/npds_leakage_safe/labels/train/V_P_I_2710_jpg.rf.23b24f51f619500221e1b347ba1269a9.txt,0,1
npds_02038_V_P_I_1391_jpg.rf.b14449cb96697f63eb4232d92cd59af5,npds,/home/divya/projects/IndianANPR/data/processed/npds_leakage_safe/images/train/V_P_I_1391_jpg.rf.b14449cb96697f63eb4232d92cd59af5.jpg,/home/divya/projects/IndianANPR/data/processed/npds_leakage_safe/labels/train/V_P_I_1391_jpg.rf.b14449cb96697f63eb4232d92cd59af5.txt,0,1
npds_02039_V_P_I_2164_jpg.rf.cc06f475ae46ea7801661c62f748a62c,npds,/home/divya/projects/IndianANPR/data/processed/npds_leakage_safe/images/train/V_P_I_2164_jpg.rf.cc06f475ae46ea7801661c62f748a62c.jpg,/home/divya/projects/IndianANPR/data/processed/npds_leakage_safe/labels/train/V_P_I_2164_jpg.rf.cc06f475ae46ea7801661c62f748a62c.txt,0,1
npds_02040_V_P_I_853_jpg.rf.4ff948b52120906e5fbcb3b774343703,npds,/home/divya/projects/IndianANPR/data/processed/npds_leakage_safe/images/train/V_P_I_853_jpg.rf.4ff948b52120906e5fbcb3b774343703.jpg,/home/divya/projects/IndianANPR/data/processed/npds_leakage_safe/labels/train/V_P_I_853_jpg.rf.4ff948b52120906e5fbcb3b774343703.txt,0,1
npds_02041_V_P_I_1377_jpg.rf.aa585c2dff200e5149194d9dac1d7172,npds,/home/divya/projects/IndianANPR/data/processed/npds_leakage_safe/images/train/V_P_I_1377_jpg.rf.aa585c2dff200e5149194d9dac1d7172.jpg,/home/divya/projects/IndianANPR/data/processed/npds_leakage_safe/labels/train/V_P_I_1377_jpg.rf.aa585c2dff200e5149194d9dac1d7172.txt,0,1
npds_02042_V_P_I_1953_jpg.rf.019b2c3e4ef87b3451ea90c0afdb37e3,npds,/home/divya/projects/IndianANPR/data/processed/npds_leakage_safe/images/train/V_P_I_1953_jpg.rf.019b2c3e4ef87b3451ea90c0afdb37e3.jpg,/home/divya/projects/IndianANPR/data/processed/npds_leakage_safe/labels/train/V_P_I_1953_jpg.rf.019b2c3e4ef87b3451ea90c0afdb37e3.txt,0,1
npds_02043_V_P_I_3227_jpg.rf.ab274cecd9a66161e2ab3d6ae04d5368,npds,/home/divya/projects/IndianANPR/data/processed/npds_leakage_safe/images/train/V_P_I_3227_jpg.rf.ab274cecd9a66161e2ab3d6ae04d5368.jpg,/home/divya/projects/IndianANPR/data/processed/npds_leakage_safe/labels/train/V_P_I_3227_jpg.rf.ab274cecd9a66161e2ab3d6ae04d5368.txt,0,1
npds_02044_V_P_I_3228_jpg.rf.ddb36e2bcb91cad1f649e7da29d98742,npds,/home/divya/projects/IndianANPR/data/processed/npds_leakage_safe/images/train/V_P_I_3228_jpg.rf.ddb36e2bcb91cad1f649e7da29d98742.jpg,/home/divya/projects/IndianANPR/data/processed/npds_leakage_safe/labels/train/V_P_I_3228_jpg.rf.ddb36e2bcb91cad1f649e7da29d98742.txt,0,1
npds_02045_V_P_I_2958_jpg.rf.fce9b9c1d511cd0dce7dbeec16bfd241,npds,/home/divya/projects/IndianANPR/data/processed/npds_leakage_safe/images/train/V_P_I_2958_jpg.rf.fce9b9c1d511cd0dce7dbeec16bfd241.jpg,/home/divya/projects/IndianANPR/data/processed/npds_leakage_safe/labels/train/V_P_I_2958_jpg.rf.fce9b9c1d511cd0dce7dbeec16bfd241.txt,0,1
npds_02046_V_P_I_2611_jpg.rf.1e6d90487d7869ee425ff91e0968daae,npds,/home/divya/projects/IndianANPR/data/processed/npds_leakage_safe/images/train/V_P_I_2611_jpg.rf.1e6d90487d7869ee425ff91e0968daae.jpg,/home/divya/projects/IndianANPR/data/processed/npds_leakage_safe/labels/train/V_P_I_2611_jpg.rf.1e6d90487d7869ee425ff91e0968daae.txt,0,1
npds_02047_V_P_I_2753_jpg.rf.b575351b7848099f4f3f7056913d6cd4,npds,/home/divya/projects/IndianANPR/data/processed/npds_leakage_safe/images/train/V_P_I_2753_jpg.rf.b575351b7848099f4f3f7056913d6cd4.jpg,/home/divya/projects/IndianANPR/data/processed/npds_leakage_safe/labels/train/V_P_I_2753_jpg.rf.b575351b7848099f4f3f7056913d6cd4.txt,0,1
npds_02048_V_P_I_318_jpg.rf.f1a719e443ac663eeeb6cbfbaded28db,npds,/home/divya/projects/IndianANPR/data/processed/npds_leakage_safe/images/train/V_P_I_318_jpg.rf.f1a719e443ac663eeeb6cbfbaded28db.jpg,/home/divya/projects/IndianANPR/data/processed/npds_leakage_safe/labels/train/V_P_I_318_jpg.rf.f1a719e443ac663eeeb6cbfbaded28db.txt,0,1
npds_02049_V_P_I_2044_jpg.rf.1bc490e111c91be319b1063b9f6b3a28,npds,/home/divya/projects/IndianANPR/data/processed/npds_leakage_safe/images/train/V_P_I_2044_jpg.rf.1bc490e111c91be319b1063b9f6b3a28.jpg,/home/divya/projects/IndianANPR/data/processed/npds_leakage_safe/labels/train/V_P_I_2044_jpg.rf.1bc490e111c91be319b1063b9f6b3a28.txt,0,1
npds_02050_V_P_I_1150_jpg.rf.4c59c602cea20f46399135a6980f85f6,npds,/home/divya/projects/IndianANPR/data/processed/npds_leakage_safe/images/train/V_P_I_1150_jpg.rf.4c59c602cea20f46399135a6980f85f6.jpg,/home/divya/projects/IndianANPR/data/processed/npds_leakage_safe/labels/train/V_P_I_1150_jpg.rf.4c59c602cea20f46399135a6980f85f6.txt,0,1
npds_02051_V_P_I_171_jpg.rf.b3113d1bbe252bf6ecae8b70da0229e8,npds,/home/divya/projects/IndianANPR/data/processed/npds_leakage_safe/images/train/V_P_I_171_jpg.rf.b3113d1bbe252bf6ecae8b70da0229e8.jpg,/home/divya/projects/IndianANPR/data/processed/npds_leakage_safe/labels/train/V_P_I_171_jpg.rf.b3113d1bbe252bf6ecae8b70da0229e8.txt,0,1
npds_02052_V_P_I_2330_jpg.rf.ed573f071f9a635005acd23e9988fc69,npds,/home/divya/projects/IndianANPR/data/processed/npds_leakage_safe/images/train/V_P_I_2330_jpg.rf.ed573f071f9a635005acd23e9988fc69.jpg,/home/divya/projects/IndianANPR/data/processed/npds_leakage_safe/labels/train/V_P_I_2330_jpg.rf.ed573f071f9a635005acd23e9988fc69.txt,0,1
npds_02053_V_P_I_297_jpg.rf.5464a89385e2e9dc127091cc1b576b5c,npds,/home/divya/projects/IndianANPR/data/processed/npds_leakage_safe/images/train/V_P_I_297_jpg.rf.5464a89385e2e9dc127091cc1b576b5c.jpg,/home/divya/projects/IndianANPR/data/processed/npds_leakage_safe/labels/train/V_P_I_297_jpg.rf.5464a89385e2e9dc127091cc1b576b5c.txt,0,1
npds_02054_V_P_I_1183_jpg.rf.7156aa8130e811104ec6c0e812a263d4,npds,/home/divya/projects/IndianANPR/data/processed/npds_leakage_safe/images/train/V_P_I_1183_jpg.rf.7156aa8130e811104ec6c0e812a263d4.jpg,/home/divya/projects/IndianANPR/data/processed/npds_leakage_safe/labels/train/V_P_I_1183_jpg.rf.7156aa8130e811104ec6c0e812a263d4.txt,0,1
npds_02055_V_P_I_1030_jpg.rf.896fb6c5160e0b253315fc150249d9f0,npds,/home/divya/projects/IndianANPR/data/processed/npds_leakage_safe/images/train/V_P_I_1030_jpg.rf.896fb6c5160e0b253315fc150249d9f0.jpg,/home/divya/projects/IndianANPR/data/processed/npds_leakage_safe/labels/train/V_P_I_1030_jpg.rf.896fb6c5160e0b253315fc150249d9f0.txt,0,1
npds_02056_V_P_I_1673_jpg.rf.bb620de24741cf77d7adba6a428cc172,npds,/home/divya/projects/IndianANPR/data/processed/npds_leakage_safe/images/train/V_P_I_1673_jpg.rf.bb620de24741cf77d7adba6a428cc172.jpg,/home/divya/projects/IndianANPR/data/processed/npds_leakage_safe/labels/train/V_P_I_1673_jpg.rf.bb620de24741cf77d7adba6a428cc172.txt,0,1
npds_02057_V_P_I_2020_jpg.rf.11d9d51b97a9b62a994fb522f1719084,npds,/home/divya/projects/IndianANPR/data/processed/npds_leakage_safe/images/train/V_P_I_2020_jpg.rf.11d9d51b97a9b62a994fb522f1719084.jpg,/home/divya/projects/IndianANPR/data/processed/npds_leakage_safe/labels/train/V_P_I_2020_jpg.rf.11d9d51b97a9b62a994fb522f1719084.txt,0,1
npds_02058_V_P_I_1692_jpg.rf.e10bd738efab0dbfff71ed0dfd4331f1,npds,/home/divya/projects/IndianANPR/data/processed/npds_leakage_safe/images/train/V_P_I_1692_jpg.rf.e10bd738efab0dbfff71ed0dfd4331f1.jpg,/home/divya/projects/IndianANPR/data/processed/npds_leakage_safe/labels/train/V_P_I_1692_jpg.rf.e10bd738efab0dbfff71ed0dfd4331f1.txt,0,1
npds_02059_V_P_I_383_jpg.rf.6b3e9e3f2704d7457c0004650a273171,npds,/home/divya/projects/IndianANPR/data/processed/npds_leakage_safe/images/train/V_P_I_383_jpg.rf.6b3e9e3f2704d7457c0004650a273171.jpg,/home/divya/projects/IndianANPR/data/processed/npds_leakage_safe/labels/train/V_P_I_383_jpg.rf.6b3e9e3f2704d7457c0004650a273171.txt,0,1
npds_02060_V_P_I_145_jpg.rf.ea6a6c97079079b38f718eca28696824,npds,/home/divya/projects/IndianANPR/data/processed/npds_leakage_safe/images/train/V_P_I_145_jpg.rf.ea6a6c97079079b38f718eca28696824.jpg,/home/divya/projects/IndianANPR/data/processed/npds_leakage_safe/labels/train/V_P_I_145_jpg.rf.ea6a6c97079079b38f718eca28696824.txt,0,1
npds_02061_V_P_I_371_jpg.rf.8636979e9820f65b3ca7d4ae84ea6d60,npds,/home/divya/projects/IndianANPR/data/processed/npds_leakage_safe/images/train/V_P_I_371_jpg.rf.8636979e9820f65b3ca7d4ae84ea6d60.jpg,/home/divya/projects/IndianANPR/data/processed/npds_leakage_safe/labels/train/V_P_I_371_jpg.rf.8636979e9820f65b3ca7d4ae84ea6d60.txt,0,1
npds_02062_V_P_I_1843_jpg.rf.0e5ba7b257280a19517f1395d5c5c7a6,npds,/home/divya/projects/IndianANPR/data/processed/npds_leakage_safe/images/train/V_P_I_1843_jpg.rf.0e5ba7b257280a19517f1395d5c5c7a6.jpg,/home/divya/projects/IndianANPR/data/processed/npds_leakage_safe/labels/train/V_P_I_1843_jpg.rf.0e5ba7b257280a19517f1395d5c5c7a6.txt,0,1
npds_02063_V_P_I_1973_jpg.rf.5cbfadb3db37acb0494beb263274ca91,npds,/home/divya/projects/IndianANPR/data/processed/npds_leakage_safe/images/train/V_P_I_1973_jpg.rf.5cbfadb3db37acb0494beb263274ca91.jpg,/home/divya/projects/IndianANPR/data/processed/npds_leakage_safe/labels/train/V_P_I_1973_jpg.rf.5cbfadb3db37acb0494beb263274ca91.txt,0,1
npds_02064_V_P_I_2112_jpg.rf.76762b4789bcd4b91d64d2c69f1ed007,npds,/home/divya/projects/IndianANPR/data/processed/npds_leakage_safe/images/train/V_P_I_2112_jpg.rf.76762b4789bcd4b91d64d2c69f1ed007.jpg,/home/divya/projects/IndianANPR/data/processed/npds_leakage_safe/labels/train/V_P_I_2112_jpg.rf.76762b4789bcd4b91d64d2c69f1ed007.txt,0,1
npds_02065_V_P_I_1409_jpg.rf.8aa013782ff6f919961f4ec13936c4fa,npds,/home/divya/projects/IndianANPR/data/processed/npds_leakage_safe/images/train/V_P_I_1409_jpg.rf.8aa013782ff6f919961f4ec13936c4fa.jpg,/home/divya/projects/IndianANPR/data/processed/npds_leakage_safe/labels/train/V_P_I_1409_jpg.rf.8aa013782ff6f919961f4ec13936c4fa.txt,0,2
npds_02066_V_P_I_1030_jpg.rf.c67a426fbc7171399bcca112ee349a4e,npds,/home/divya/projects/IndianANPR/data/processed/npds_leakage_safe/images/train/V_P_I_1030_jpg.rf.c67a426fbc7171399bcca112ee349a4e.jpg,/home/divya/projects/IndianANPR/data/processed/npds_leakage_safe/labels/train/V_P_I_1030_jpg.rf.c67a426fbc7171399bcca112ee349a4e.txt,0,1
npds_02067_V_P_I_2657_jpg.rf.55665c1fb2affeeac3972e56b33b8f41,npds,/home/divya/projects/IndianANPR/data/processed/npds_leakage_safe/images/train/V_P_I_2657_jpg.rf.55665c1fb2affeeac3972e56b33b8f41.jpg,/home/divya/projects/IndianANPR/data/processed/npds_leakage_safe/labels/train/V_P_I_2657_jpg.rf.55665c1fb2affeeac3972e56b33b8f41.txt,0,1
npds_02068_V_P_I_969_jpg.rf.fafd69550754dad01bde6107d1cd1094,npds,/home/divya/projects/IndianANPR/data/processed/npds_leakage_safe/images/train/V_P_I_969_jpg.rf.fafd69550754dad01bde6107d1cd1094.jpg,/home/divya/projects/IndianANPR/data/processed/npds_leakage_safe/labels/train/V_P_I_969_jpg.rf.fafd69550754dad01bde6107d1cd1094.txt,0,1
npds_02069_V_P_I_2435_jpg.rf.ad45dffea15b781edc3f4c5d3bf60ccd,npds,/home/divya/projects/IndianANPR/data/processed/npds_leakage_safe/images/train/V_P_I_2435_jpg.rf.ad45dffea15b781edc3f4c5d3bf60ccd.jpg,/home/divya/projects/IndianANPR/data/processed/npds_leakage_safe/labels/train/V_P_I_2435_jpg.rf.ad45dffea15b781edc3f4c5d3bf60ccd.txt,0,1
npds_02070_V_P_I_1577_jpg.rf.e6cde2417ce33bb7c10c33916531610f,npds,/home/divya/projects/IndianANPR/data/processed/npds_leakage_safe/images/train/V_P_I_1577_jpg.rf.e6cde2417ce33bb7c10c33916531610f.jpg,/home/divya/projects/IndianANPR/data/processed/npds_leakage_safe/labels/train/V_P_I_1577_jpg.rf.e6cde2417ce33bb7c10c33916531610f.txt,0,1
npds_02071_V_P_I_1436_jpg.rf.75a583a8f4dae05bc339c5f12a3cd8c9,npds,/home/divya/projects/IndianANPR/data/processed/npds_leakage_safe/images/train/V_P_I_1436_jpg.rf.75a583a8f4dae05bc339c5f12a3cd8c9.jpg,/home/divya/projects/IndianANPR/data/processed/npds_leakage_safe/labels/train/V_P_I_1436_jpg.rf.75a583a8f4dae05bc339c5f12a3cd8c9.txt,0,1
npds_02072_V_P_I_2284_jpg.rf.25847fcd54db855aad44da0fa7b2a274,npds,/home/divya/projects/IndianANPR/data/processed/npds_leakage_safe/images/train/V_P_I_2284_jpg.rf.25847fcd54db855aad44da0fa7b2a274.jpg,/home/divya/projects/IndianANPR/data/processed/npds_leakage_safe/labels/train/V_P_I_2284_jpg.rf.25847fcd54db855aad44da0fa7b2a274.txt,0,1
npds_02073_V_P_I_2775_jpg.rf.37fa188bb56118ce01f85c4a38eddc7c,npds,/home/divya/projects/IndianANPR/data/processed/npds_leakage_safe/images/train/V_P_I_2775_jpg.rf.37fa188bb56118ce01f85c4a38eddc7c.jpg,/home/divya/projects/IndianANPR/data/processed/npds_leakage_safe/labels/train/V_P_I_2775_jpg.rf.37fa188bb56118ce01f85c4a38eddc7c.txt,0,1
npds_02074_V_P_I_3334_jpg.rf.9203f327647abef0a4c6ecc937e90795,npds,/home/divya/projects/IndianANPR/data/processed/npds_leakage_safe/images/train/V_P_I_3334_jpg.rf.9203f327647abef0a4c6ecc937e90795.jpg,/home/divya/projects/IndianANPR/data/processed/npds_leakage_safe/labels/train/V_P_I_3334_jpg.rf.9203f327647abef0a4c6ecc937e90795.txt,0,4
npds_02075_V_P_I_648_jpg.rf.4835d9423be8df4b2fe8a7d556883b2a,npds,/home/divya/projects/IndianANPR/data/processed/npds_leakage_safe/images/train/V_P_I_648_jpg.rf.4835d9423be8df4b2fe8a7d556883b2a.jpg,/home/divya/projects/IndianANPR/data/processed/npds_leakage_safe/labels/train/V_P_I_648_jpg.rf.4835d9423be8df4b2fe8a7d556883b2a.txt,0,1
npds_02076_V_P_I_2667_jpg.rf.57c3ec480366205ea0d526985479914d,npds,/home/divya/projects/IndianANPR/data/processed/npds_leakage_safe/images/train/V_P_I_2667_jpg.rf.57c3ec480366205ea0d526985479914d.jpg,/home/divya/projects/IndianANPR/data/processed/npds_leakage_safe/labels/train/V_P_I_2667_jpg.rf.57c3ec480366205ea0d526985479914d.txt,0,1
npds_02077_V_P_I_2850_jpg.rf.1e725fc5b7cf0fbe422e20a24508db4f,npds,/home/divya/projects/IndianANPR/data/processed/npds_leakage_safe/images/train/V_P_I_2850_jpg.rf.1e725fc5b7cf0fbe422e20a24508db4f.jpg,/home/divya/projects/IndianANPR/data/processed/npds_leakage_safe/labels/train/V_P_I_2850_jpg.rf.1e725fc5b7cf0fbe422e20a24508db4f.txt,0,1
npds_02078_V_P_I_3192_jpg.rf.0d6896896d8cc8d6be0ab6a7a33c612f,npds,/home/divya/projects/IndianANPR/data/processed/npds_leakage_safe/images/train/V_P_I_3192_jpg.rf.0d6896896d8cc8d6be0ab6a7a33c612f.jpg,/home/divya/projects/IndianANPR/data/processed/npds_leakage_safe/labels/train/V_P_I_3192_jpg.rf.0d6896896d8cc8d6be0ab6a7a33c612f.txt,0,1
npds_02079_V_P_I_51_jpg.rf.c1312bb71321965efc4097dd0ea0555f,npds,/home/divya/projects/IndianANPR/data/processed/npds_leakage_safe/images/train/V_P_I_51_jpg.rf.c1312bb71321965efc4097dd0ea0555f.jpg,/home/divya/projects/IndianANPR/data/processed/npds_leakage_safe/labels/train/V_P_I_51_jpg.rf.c1312bb71321965efc4097dd0ea0555f.txt,0,1
npds_02080_V_P_I_2187_jpg.rf.7966061c5cc862a829071c8912c2cf5d,npds,/home/divya/projects/IndianANPR/data/processed/npds_leakage_safe/images/train/V_P_I_2187_jpg.rf.7966061c5cc862a829071c8912c2cf5d.jpg,/home/divya/projects/IndianANPR/data/processed/npds_leakage_safe/labels/train/V_P_I_2187_jpg.rf.7966061c5cc862a829071c8912c2cf5d.txt,0,1
npds_02081_V_P_I_1247_jpg.rf.9abc26e5b1e25544323a4bad528aec6f,npds,/home/divya/projects/IndianANPR/data/processed/npds_leakage_safe/images/train/V_P_I_1247_jpg.rf.9abc26e5b1e25544323a4bad528aec6f.jpg,/home/divya/projects/IndianANPR/data/processed/npds_leakage_safe/labels/train/V_P_I_1247_jpg.rf.9abc26e5b1e25544323a4bad528aec6f.txt,0,1
npds_02082_V_P_I_2335_jpg.rf.2606fea7fcfe66b28669050d06648449,npds,/home/divya/projects/IndianANPR/data/processed/npds_leakage_safe/images/train/V_P_I_2335_jpg.rf.2606fea7fcfe66b28669050d06648449.jpg,/home/divya/projects/IndianANPR/data/processed/npds_leakage_safe/labels/train/V_P_I_2335_jpg.rf.2606fea7fcfe66b28669050d06648449.txt,0,1
npds_02083_V_P_I_3469_jpeg_jpg.rf.58329211cc9be8f932e8f63d132df01e,npds,/home/divya/projects/IndianANPR/data/processed/npds_leakage_safe/images/train/V_P_I_3469_jpeg_jpg.rf.58329211cc9be8f932e8f63d132df01e.jpg,/home/divya/projects/IndianANPR/data/processed/npds_leakage_safe/labels/train/V_P_I_3469_jpeg_jpg.rf.58329211cc9be8f932e8f63d132df01e.txt,0,1
npds_02084_V_P_I_1138_jpg.rf.9defb6f0e50ac78135f640a0d1a26a63,npds,/home/divya/projects/IndianANPR/data/processed/npds_leakage_safe/images/train/V_P_I_1138_jpg.rf.9defb6f0e50ac78135f640a0d1a26a63.jpg,/home/divya/projects/IndianANPR/data/processed/npds_leakage_safe/labels/train/V_P_I_1138_jpg.rf.9defb6f0e50ac78135f640a0d1a26a63.txt,0,1
npds_02085_V_P_I_2448_jpg.rf.c47daa7414c8a211de9f5080e602767a,npds,/home/divya/projects/IndianANPR/data/processed/npds_leakage_safe/images/train/V_P_I_2448_jpg.rf.c47daa7414c8a211de9f5080e602767a.jpg,/home/divya/projects/IndianANPR/data/processed/npds_leakage_safe/labels/train/V_P_I_2448_jpg.rf.c47daa7414c8a211de9f5080e602767a.txt,0,2
npds_02086_V_P_I_1063_jpg.rf.cc9b62b926641cf100d37c2f21e72b04,npds,/home/divya/projects/IndianANPR/data/processed/npds_leakage_safe/images/train/V_P_I_1063_jpg.rf.cc9b62b926641cf100d37c2f21e72b04.jpg,/home/divya/projects/IndianANPR/data/processed/npds_leakage_safe/labels/train/V_P_I_1063_jpg.rf.cc9b62b926641cf100d37c2f21e72b04.txt,0,1
npds_02087_V_P_I_783_jpg.rf.70fe835b4513aa3a6f05b25738a47b88,npds,/home/divya/projects/IndianANPR/data/processed/npds_leakage_safe/images/train/V_P_I_783_jpg.rf.70fe835b4513aa3a6f05b25738a47b88.jpg,/home/divya/projects/IndianANPR/data/processed/npds_leakage_safe/labels/train/V_P_I_783_jpg.rf.70fe835b4513aa3a6f05b25738a47b88.txt,0,1
npds_02088_V_P_I_126_jpg.rf.9d3e5af1926466c970693ecb3f8bc99e,npds,/home/divya/projects/IndianANPR/data/processed/npds_leakage_safe/images/train/V_P_I_126_jpg.rf.9d3e5af1926466c970693ecb3f8bc99e.jpg,/home/divya/projects/IndianANPR/data/processed/npds_leakage_safe/labels/train/V_P_I_126_jpg.rf.9d3e5af1926466c970693ecb3f8bc99e.txt,0,1
npds_02089_V_P_I_2067_jpg.rf.86fbb755b4454b689042e6197e0f6ab6,npds,/home/divya/projects/IndianANPR/data/processed/npds_leakage_safe/images/train/V_P_I_2067_jpg.rf.86fbb755b4454b689042e6197e0f6ab6.jpg,/home/divya/projects/IndianANPR/data/processed/npds_leakage_safe/labels/train/V_P_I_2067_jpg.rf.86fbb755b4454b689042e6197e0f6ab6.txt,0,1
npds_02090_V_P_I_790_jpg.rf.8e0e41c88daf067bf66876b87a833239,npds,/home/divya/projects/IndianANPR/data/processed/npds_leakage_safe/images/train/V_P_I_790_jpg.rf.8e0e41c88daf067bf66876b87a833239.jpg,/home/divya/projects/IndianANPR/data/processed/npds_leakage_safe/labels/train/V_P_I_790_jpg.rf.8e0e41c88daf067bf66876b87a833239.txt,0,1
npds_02091_V_P_I_2430_jpg.rf.2b7537d6f86fc4df03d2beb779156ea4,npds,/home/divya/projects/IndianANPR/data/processed/npds_leakage_safe/images/train/V_P_I_2430_jpg.rf.2b7537d6f86fc4df03d2beb779156ea4.jpg,/home/divya/projects/IndianANPR/data/processed/npds_leakage_safe/labels/train/V_P_I_2430_jpg.rf.2b7537d6f86fc4df03d2beb779156ea4.txt,0,1
npds_02092_V_P_I_2896_jpg.rf.b2b069a0316608f35b22f41ace3be551,npds,/home/divya/projects/IndianANPR/data/processed/npds_leakage_safe/images/train/V_P_I_2896_jpg.rf.b2b069a0316608f35b22f41ace3be551.jpg,/home/divya/projects/IndianANPR/data/processed/npds_leakage_safe/labels/train/V_P_I_2896_jpg.rf.b2b069a0316608f35b22f41ace3be551.txt,0,1
npds_02093_V_P_I_2355_jpg.rf.842cc3ff2bb8bddfb8e0cc78455f2ee0,npds,/home/divya/projects/IndianANPR/data/processed/npds_leakage_safe/images/train/V_P_I_2355_jpg.rf.842cc3ff2bb8bddfb8e0cc78455f2ee0.jpg,/home/divya/projects/IndianANPR/data/processed/npds_leakage_safe/labels/train/V_P_I_2355_jpg.rf.842cc3ff2bb8bddfb8e0cc78455f2ee0.txt,0,1
npds_02094_V_P_I_3357_jpg.rf.c1a4d5c2d342a78fe7f74b037bf60b5b,npds,/home/divya/projects/IndianANPR/data/processed/npds_leakage_safe/images/train/V_P_I_3357_jpg.rf.c1a4d5c2d342a78fe7f74b037bf60b5b.jpg,/home/divya/projects/IndianANPR/data/processed/npds_leakage_safe/labels/train/V_P_I_3357_jpg.rf.c1a4d5c2d342a78fe7f74b037bf60b5b.txt,0,1
npds_02095_V_P_I_3100_jpg.rf.c3aeb526cf9c8084f9a3b45a7510e921,npds,/home/divya/projects/IndianANPR/data/processed/npds_leakage_safe/images/train/V_P_I_3100_jpg.rf.c3aeb526cf9c8084f9a3b45a7510e921.jpg,/home/divya/projects/IndianANPR/data/processed/npds_leakage_safe/labels/train/V_P_I_3100_jpg.rf.c3aeb526cf9c8084f9a3b45a7510e921.txt,0,1
npds_02096_V_P_I_2396_jpg.rf.24829928ef6ae37f375a7623121e8b07,npds,/home/divya/projects/IndianANPR/data/processed/npds_leakage_safe/images/train/V_P_I_2396_jpg.rf.24829928ef6ae37f375a7623121e8b07.jpg,/home/divya/projects/IndianANPR/data/processed/npds_leakage_safe/labels/train/V_P_I_2396_jpg.rf.24829928ef6ae37f375a7623121e8b07.txt,0,1
npds_02097_V_P_I_1973_jpg.rf.69e12738d2e69f5c146bed4113de7c31,npds,/home/divya/projects/IndianANPR/data/processed/npds_leakage_safe/images/train/V_P_I_1973_jpg.rf.69e12738d2e69f5c146bed4113de7c31.jpg,/home/divya/projects/IndianANPR/data/processed/npds_leakage_safe/labels/train/V_P_I_1973_jpg.rf.69e12738d2e69f5c146bed4113de7c31.txt,0,1
npds_02098_V_P_I_1395_jpg.rf.c99f8c2e2496515ccdf5dc615f17f8a5,npds,/home/divya/projects/IndianANPR/data/processed/npds_leakage_safe/images/train/V_P_I_1395_jpg.rf.c99f8c2e2496515ccdf5dc615f17f8a5.jpg,/home/divya/projects/IndianANPR/data/processed/npds_leakage_safe/labels/train/V_P_I_1395_jpg.rf.c99f8c2e2496515ccdf5dc615f17f8a5.txt,0,1
npds_02099_V_P_I_2356_jpg.rf.d9e8e6e56908df96b536cc05db67fd58,npds,/home/divya/projects/IndianANPR/data/processed/npds_leakage_safe/images/train/V_P_I_2356_jpg.rf.d9e8e6e56908df96b536cc05db67fd58.jpg,/home/divya/projects/IndianANPR/data/processed/npds_leakage_safe/labels/train/V_P_I_2356_jpg.rf.d9e8e6e56908df96b536cc05db67fd58.txt,0,1
npds_02100_V_P_I_1069_jpg.rf.c40a278b2557a937465fbed50026f4e9,npds,/home/divya/projects/IndianANPR/data/processed/npds_leakage_safe/images/train/V_P_I_1069_jpg.rf.c40a278b2557a937465fbed50026f4e9.jpg,/home/divya/projects/IndianANPR/data/processed/npds_leakage_safe/labels/train/V_P_I_1069_jpg.rf.c40a278b2557a937465fbed50026f4e9.txt,0,1
npds_02101_V_P_I_2104_jpg.rf.b4dc30f4b63dbac543d5198eb82ea3c3,npds,/home/divya/projects/IndianANPR/data/processed/npds_leakage_safe/images/train/V_P_I_2104_jpg.rf.b4dc30f4b63dbac543d5198eb82ea3c3.jpg,/home/divya/projects/IndianANPR/data/processed/npds_leakage_safe/labels/train/V_P_I_2104_jpg.rf.b4dc30f4b63dbac543d5198eb82ea3c3.txt,0,1
npds_02102_V_P_I_1566_jpg.rf.338a6dd583ef85dad533c84d81f95edb,npds,/home/divya/projects/IndianANPR/data/processed/npds_leakage_safe/images/train/V_P_I_1566_jpg.rf.338a6dd583ef85dad533c84d81f95edb.jpg,/home/divya/projects/IndianANPR/data/processed/npds_leakage_safe/labels/train/V_P_I_1566_jpg.rf.338a6dd583ef85dad533c84d81f95edb.txt,0,1
npds_02103_V_P_I_503_jpg.rf.45108645e81b9237c7b4d9560fbfb539,npds,/home/divya/projects/IndianANPR/data/processed/npds_leakage_safe/images/train/V_P_I_503_jpg.rf.45108645e81b9237c7b4d9560fbfb539.jpg,/home/divya/projects/IndianANPR/data/processed/npds_leakage_safe/labels/train/V_P_I_503_jpg.rf.45108645e81b9237c7b4d9560fbfb539.txt,0,1
npds_02104_V_P_I_3027_jpg.rf.018a8a2e716f55e91d06bef6fdcce9c7,npds,/home/divya/projects/IndianANPR/data/processed/npds_leakage_safe/images/train/V_P_I_3027_jpg.rf.018a8a2e716f55e91d06bef6fdcce9c7.jpg,/home/divya/projects/IndianANPR/data/processed/npds_leakage_safe/labels/train/V_P_I_3027_jpg.rf.018a8a2e716f55e91d06bef6fdcce9c7.txt,0,1
npds_02105_V_P_I_252_jpg.rf.3412ec35882c756f44e955b0b36b946a,npds,/home/divya/projects/IndianANPR/data/processed/npds_leakage_safe/images/train/V_P_I_252_jpg.rf.3412ec35882c756f44e955b0b36b946a.jpg,/home/divya/projects/IndianANPR/data/processed/npds_leakage_safe/labels/train/V_P_I_252_jpg.rf.3412ec35882c756f44e955b0b36b946a.txt,0,1
npds_02106_V_P_I_3272_jpg.rf.80d1cc3da156001afe3d24c28c84aba6,npds,/home/divya/projects/IndianANPR/data/processed/npds_leakage_safe/images/train/V_P_I_3272_jpg.rf.80d1cc3da156001afe3d24c28c84aba6.jpg,/home/divya/projects/IndianANPR/data/processed/npds_leakage_safe/labels/train/V_P_I_3272_jpg.rf.80d1cc3da156001afe3d24c28c84aba6.txt,0,1
npds_02107_V_P_I_2217_jpg.rf.97b90625db36e70ab6522d1c1df915fe,npds,/home/divya/projects/IndianANPR/data/processed/npds_leakage_safe/images/train/V_P_I_2217_jpg.rf.97b90625db36e70ab6522d1c1df915fe.jpg,/home/divya/projects/IndianANPR/data/processed/npds_leakage_safe/labels/train/V_P_I_2217_jpg.rf.97b90625db36e70ab6522d1c1df915fe.txt,0,1
npds_02108_V_P_I_1299_jpg.rf.eb5ccfc6cf2d4868afede79a920892d4,npds,/home/divya/projects/IndianANPR/data/processed/npds_leakage_safe/images/train/V_P_I_1299_jpg.rf.eb5ccfc6cf2d4868afede79a920892d4.jpg,/home/divya/projects/IndianANPR/data/processed/npds_leakage_safe/labels/train/V_P_I_1299_jpg.rf.eb5ccfc6cf2d4868afede79a920892d4.txt,0,1
npds_02109_V_P_I_2449_jpg.rf.acdf50ada545e0af14453c796e5e2b81,npds,/home/divya/projects/IndianANPR/data/processed/npds_leakage_safe/images/train/V_P_I_2449_jpg.rf.acdf50ada545e0af14453c796e5e2b81.jpg,/home/divya/projects/IndianANPR/data/processed/npds_leakage_safe/labels/train/V_P_I_2449_jpg.rf.acdf50ada545e0af14453c796e5e2b81.txt,0,1
npds_02110_V_P_I_1358_jpg.rf.f6080c0c6f2a3c10109a73999ceac88b,npds,/home/divya/projects/IndianANPR/data/processed/npds_leakage_safe/images/train/V_P_I_1358_jpg.rf.f6080c0c6f2a3c10109a73999ceac88b.jpg,/home/divya/projects/IndianANPR/data/processed/npds_leakage_safe/labels/train/V_P_I_1358_jpg.rf.f6080c0c6f2a3c10109a73999ceac88b.txt,0,1
npds_02111_V_P_I_765_jpg.rf.49bbed7606e7bb880f217a087852eb3e,npds,/home/divya/projects/IndianANPR/data/processed/npds_leakage_safe/images/train/V_P_I_765_jpg.rf.49bbed7606e7bb880f217a087852eb3e.jpg,/home/divya/projects/IndianANPR/data/processed/npds_leakage_safe/labels/train/V_P_I_765_jpg.rf.49bbed7606e7bb880f217a087852eb3e.txt,0,1
npds_02112_V_P_I_2447_jpg.rf.ad6ee003d97c69dd857daa7e6588900f,npds,/home/divya/projects/IndianANPR/data/processed/npds_leakage_safe/images/train/V_P_I_2447_jpg.rf.ad6ee003d97c69dd857daa7e6588900f.jpg,/home/divya/projects/IndianANPR/data/processed/npds_leakage_safe/labels/train/V_P_I_2447_jpg.rf.ad6ee003d97c69dd857daa7e6588900f.txt,0,1
npds_02113_V_P_I_2945_jpg.rf.593309ece0e5e9134edd00423363dd22,npds,/home/divya/projects/IndianANPR/data/processed/npds_leakage_safe/images/train/V_P_I_2945_jpg.rf.593309ece0e5e9134edd00423363dd22.jpg,/home/divya/projects/IndianANPR/data/processed/npds_leakage_safe/labels/train/V_P_I_2945_jpg.rf.593309ece0e5e9134edd00423363dd22.txt,0,1
npds_02114_V_P_I_2343_jpg.rf.06f039adb5264b56b028f5cd5f5db182,npds,/home/divya/projects/IndianANPR/data/processed/npds_leakage_safe/images/train/V_P_I_2343_jpg.rf.06f039adb5264b56b028f5cd5f5db182.jpg,/home/divya/projects/IndianANPR/data/processed/npds_leakage_safe/labels/train/V_P_I_2343_jpg.rf.06f039adb5264b56b028f5cd5f5db182.txt,0,1
npds_02115_V_P_I_2742_jpg.rf.15270cc0b02cbe718264480af185831b,npds,/home/divya/projects/IndianANPR/data/processed/npds_leakage_safe/images/train/V_P_I_2742_jpg.rf.15270cc0b02cbe718264480af185831b.jpg,/home/divya/projects/IndianANPR/data/processed/npds_leakage_safe/labels/train/V_P_I_2742_jpg.rf.15270cc0b02cbe718264480af185831b.txt,0,1
npds_02116_V_P_I_1272_jpg.rf.309c8d2a65d2177dadfc9c1800815729,npds,/home/divya/projects/IndianANPR/data/processed/npds_leakage_safe/images/train/V_P_I_1272_jpg.rf.309c8d2a65d2177dadfc9c1800815729.jpg,/home/divya/projects/IndianANPR/data/processed/npds_leakage_safe/labels/train/V_P_I_1272_jpg.rf.309c8d2a65d2177dadfc9c1800815729.txt,0,1
npds_02117_V_P_I_650_jpg.rf.a257ed195997484d59998ed5dcb48b6c,npds,/home/divya/projects/IndianANPR/data/processed/npds_leakage_safe/images/train/V_P_I_650_jpg.rf.a257ed195997484d59998ed5dcb48b6c.jpg,/home/divya/projects/IndianANPR/data/processed/npds_leakage_safe/labels/train/V_P_I_650_jpg.rf.a257ed195997484d59998ed5dcb48b6c.txt,0,1
npds_02118_V_P_I_2051_jpg.rf.090801217c80706be5d14996f75f3235,npds,/home/divya/projects/IndianANPR/data/processed/npds_leakage_safe/images/train/V_P_I_2051_jpg.rf.090801217c80706be5d14996f75f3235.jpg,/home/divya/projects/IndianANPR/data/processed/npds_leakage_safe/labels/train/V_P_I_2051_jpg.rf.090801217c80706be5d14996f75f3235.txt,0,2
npds_02119_V_P_I_3488_jpg.rf.1ff350c4da9be35e01f2af97b27e1ecc,npds,/home/divya/projects/IndianANPR/data/processed/npds_leakage_safe/images/train/V_P_I_3488_jpg.rf.1ff350c4da9be35e01f2af97b27e1ecc.jpg,/home/divya/projects/IndianANPR/data/processed/npds_leakage_safe/labels/train/V_P_I_3488_jpg.rf.1ff350c4da9be35e01f2af97b27e1ecc.txt,0,1
npds_02120_V_P_I_2142_jpg.rf.5d3a24e09d3ec2be1ad9aad81875814f,npds,/home/divya/projects/IndianANPR/data/processed/npds_leakage_safe/images/train/V_P_I_2142_jpg.rf.5d3a24e09d3ec2be1ad9aad81875814f.jpg,/home/divya/projects/IndianANPR/data/processed/npds_leakage_safe/labels/train/V_P_I_2142_jpg.rf.5d3a24e09d3ec2be1ad9aad81875814f.txt,0,1
npds_02121_V_P_I_765_jpg.rf.ae6e564e82b80ae333fecd521e8c97d2,npds,/home/divya/projects/IndianANPR/data/processed/npds_leakage_safe/images/train/V_P_I_765_jpg.rf.ae6e564e82b80ae333fecd521e8c97d2.jpg,/home/divya/projects/IndianANPR/data/processed/npds_leakage_safe/labels/train/V_P_I_765_jpg.rf.ae6e564e82b80ae333fecd521e8c97d2.txt,0,1
npds_02122_V_P_I_2127_jpg.rf.e8429bd06907fa6a0ab7f001fbe1cbdb,npds,/home/divya/projects/IndianANPR/data/processed/npds_leakage_safe/images/train/V_P_I_2127_jpg.rf.e8429bd06907fa6a0ab7f001fbe1cbdb.jpg,/home/divya/projects/IndianANPR/data/processed/npds_leakage_safe/labels/train/V_P_I_2127_jpg.rf.e8429bd06907fa6a0ab7f001fbe1cbdb.txt,0,1
npds_02123_V_P_I_428_jpg.rf.9f297ccd55cc8c9eb3eb20ac26948729,npds,/home/divya/projects/IndianANPR/data/processed/npds_leakage_safe/images/train/V_P_I_428_jpg.rf.9f297ccd55cc8c9eb3eb20ac26948729.jpg,/home/divya/projects/IndianANPR/data/processed/npds_leakage_safe/labels/train/V_P_I_428_jpg.rf.9f297ccd55cc8c9eb3eb20ac26948729.txt,0,1
npds_02124_V_P_I_1553_jpg.rf.65643c126f8f493be0aca4fc6dfe45bd,npds,/home/divya/projects/IndianANPR/data/processed/npds_leakage_safe/images/train/V_P_I_1553_jpg.rf.65643c126f8f493be0aca4fc6dfe45bd.jpg,/home/divya/projects/IndianANPR/data/processed/npds_leakage_safe/labels/train/V_P_I_1553_jpg.rf.65643c126f8f493be0aca4fc6dfe45bd.txt,0,1
npds_02125_V_P_I_1267_jpg.rf.6f62a26bc1f5191ab0104a64840ed994,npds,/home/divya/projects/IndianANPR/data/processed/npds_leakage_safe/images/train/V_P_I_1267_jpg.rf.6f62a26bc1f5191ab0104a64840ed994.jpg,/home/divya/projects/IndianANPR/data/processed/npds_leakage_safe/labels/train/V_P_I_1267_jpg.rf.6f62a26bc1f5191ab0104a64840ed994.txt,0,1
npds_02126_V_P_I_2700_jpg.rf.87eead549454061bd499196b5a0f4edb,npds,/home/divya/projects/IndianANPR/data/processed/npds_leakage_safe/images/train/V_P_I_2700_jpg.rf.87eead549454061bd499196b5a0f4edb.jpg,/home/divya/projects/IndianANPR/data/processed/npds_leakage_safe/labels/train/V_P_I_2700_jpg.rf.87eead549454061bd499196b5a0f4edb.txt,0,1
npds_02127_V_P_I_3080_jpg.rf.583ada2cdbed60b1d4d09842374d7253,npds,/home/divya/projects/IndianANPR/data/processed/npds_leakage_safe/images/train/V_P_I_3080_jpg.rf.583ada2cdbed60b1d4d09842374d7253.jpg,/home/divya/projects/IndianANPR/data/processed/npds_leakage_safe/labels/train/V_P_I_3080_jpg.rf.583ada2cdbed60b1d4d09842374d7253.txt,0,1
npds_02128_V_P_I_1392_jpg.rf.8dda73e742b024fc7ef69f6183034009,npds,/home/divya/projects/IndianANPR/data/processed/npds_leakage_safe/images/train/V_P_I_1392_jpg.rf.8dda73e742b024fc7ef69f6183034009.jpg,/home/divya/projects/IndianANPR/data/processed/npds_leakage_safe/labels/train/V_P_I_1392_jpg.rf.8dda73e742b024fc7ef69f6183034009.txt,0,1
npds_02129_V_P_I_2766_jpg.rf.5fb22351f1f2407e48c455bf40e688e1,npds,/home/divya/projects/IndianANPR/data/processed/npds_leakage_safe/images/train/V_P_I_2766_jpg.rf.5fb22351f1f2407e48c455bf40e688e1.jpg,/home/divya/projects/IndianANPR/data/processed/npds_leakage_safe/labels/train/V_P_I_2766_jpg.rf.5fb22351f1f2407e48c455bf40e688e1.txt,0,1
npds_02130_V_P_I_26_jpg.rf.41228e76634e81532aede8ac8cbb309e,npds,/home/divya/projects/IndianANPR/data/processed/npds_leakage_safe/images/train/V_P_I_26_jpg.rf.41228e76634e81532aede8ac8cbb309e.jpg,/home/divya/projects/IndianANPR/data/processed/npds_leakage_safe/labels/train/V_P_I_26_jpg.rf.41228e76634e81532aede8ac8cbb309e.txt,0,1
npds_02131_V_P_I_1640_jpg.rf.df7c8f0e52f796c107a7d99d93ca5df8,npds,/home/divya/projects/IndianANPR/data/processed/npds_leakage_safe/images/train/V_P_I_1640_jpg.rf.df7c8f0e52f796c107a7d99d93ca5df8.jpg,/home/divya/projects/IndianANPR/data/processed/npds_leakage_safe/labels/train/V_P_I_1640_jpg.rf.df7c8f0e52f796c107a7d99d93ca5df8.txt,0,1
npds_02132_V_P_I_415_jpg.rf.e234b08d0dc06a1266866cc6aeda556b,npds,/home/divya/projects/IndianANPR/data/processed/npds_leakage_safe/images/train/V_P_I_415_jpg.rf.e234b08d0dc06a1266866cc6aeda556b.jpg,/home/divya/projects/IndianANPR/data/processed/npds_leakage_safe/labels/train/V_P_I_415_jpg.rf.e234b08d0dc06a1266866cc6aeda556b.txt,0,1
npds_02133_V_P_I_2173_jpg.rf.49a03ba7b40caf3dbc1935b031ddcc3c,npds,/home/divya/projects/IndianANPR/data/processed/npds_leakage_safe/images/train/V_P_I_2173_jpg.rf.49a03ba7b40caf3dbc1935b031ddcc3c.jpg,/home/divya/projects/IndianANPR/data/processed/npds_leakage_safe/labels/train/V_P_I_2173_jpg.rf.49a03ba7b40caf3dbc1935b031ddcc3c.txt,0,2
npds_02134_V_P_I_217_jpg.rf.099951409cb89e57c667bf0569e71645,npds,/home/divya/projects/IndianANPR/data/processed/npds_leakage_safe/images/train/V_P_I_217_jpg.rf.099951409cb89e57c667bf0569e71645.jpg,/home/divya/projects/IndianANPR/data/processed/npds_leakage_safe/labels/train/V_P_I_217_jpg.rf.099951409cb89e57c667bf0569e71645.txt,0,1
npds_02135_V_P_I_340_jpg.rf.c87b5f690f7d2fd2db811a8c694742f8,npds,/home/divya/projects/IndianANPR/data/processed/npds_leakage_safe/images/train/V_P_I_340_jpg.rf.c87b5f690f7d2fd2db811a8c694742f8.jpg,/home/divya/projects/IndianANPR/data/processed/npds_leakage_safe/labels/train/V_P_I_340_jpg.rf.c87b5f690f7d2fd2db811a8c694742f8.txt,0,1
npds_02136_V_P_I_3116_jpg.rf.a3f8153a8a27e5890c0a24a074f456b4,npds,/home/divya/projects/IndianANPR/data/processed/npds_leakage_safe/images/train/V_P_I_3116_jpg.rf.a3f8153a8a27e5890c0a24a074f456b4.jpg,/home/divya/projects/IndianANPR/data/processed/npds_leakage_safe/labels/train/V_P_I_3116_jpg.rf.a3f8153a8a27e5890c0a24a074f456b4.txt,0,1
npds_02137_V_P_I_1490_jpg.rf.df5d481fb94e89dc901600a43ba58504,npds,/home/divya/projects/IndianANPR/data/processed/npds_leakage_safe/images/train/V_P_I_1490_jpg.rf.df5d481fb94e89dc901600a43ba58504.jpg,/home/divya/projects/IndianANPR/data/processed/npds_leakage_safe/labels/train/V_P_I_1490_jpg.rf.df5d481fb94e89dc901600a43ba58504.txt,0,1
npds_02138_V_P_I_1776_jpg.rf.1cefcac790adaa81df66205040df34b3,npds,/home/divya/projects/IndianANPR/data/processed/npds_leakage_safe/images/train/V_P_I_1776_jpg.rf.1cefcac790adaa81df66205040df34b3.jpg,/home/divya/projects/IndianANPR/data/processed/npds_leakage_safe/labels/train/V_P_I_1776_jpg.rf.1cefcac790adaa81df66205040df34b3.txt,0,1
npds_02139_V_P_I_882_jpg.rf.b663749bf6ce2b5398b5d0c860ce4eea,npds,/home/divya/projects/IndianANPR/data/processed/npds_leakage_safe/images/train/V_P_I_882_jpg.rf.b663749bf6ce2b5398b5d0c860ce4eea.jpg,/home/divya/projects/IndianANPR/data/processed/npds_leakage_safe/labels/train/V_P_I_882_jpg.rf.b663749bf6ce2b5398b5d0c860ce4eea.txt,0,1
npds_02140_V_P_I_1487_jpg.rf.f237c14a1e9df63110a1ab3618dd43b4,npds,/home/divya/projects/IndianANPR/data/processed/npds_leakage_safe/images/train/V_P_I_1487_jpg.rf.f237c14a1e9df63110a1ab3618dd43b4.jpg,/home/divya/projects/IndianANPR/data/processed/npds_leakage_safe/labels/train/V_P_I_1487_jpg.rf.f237c14a1e9df63110a1ab3618dd43b4.txt,0,1
npds_02141_V_P_I_1846_jpg.rf.fe0d893b80737b8d9ce2c24a73d426a1,npds,/home/divya/projects/IndianANPR/data/processed/npds_leakage_safe/images/train/V_P_I_1846_jpg.rf.fe0d893b80737b8d9ce2c24a73d426a1.jpg,/home/divya/projects/IndianANPR/data/processed/npds_leakage_safe/labels/train/V_P_I_1846_jpg.rf.fe0d893b80737b8d9ce2c24a73d426a1.txt,0,1
npds_02142_V_P_I_1652_jpg.rf.4fbfe0b8db1b1cf40d73ce36100133cc,npds,/home/divya/projects/IndianANPR/data/processed/npds_leakage_safe/images/train/V_P_I_1652_jpg.rf.4fbfe0b8db1b1cf40d73ce36100133cc.jpg,/home/divya/projects/IndianANPR/data/processed/npds_leakage_safe/labels/train/V_P_I_1652_jpg.rf.4fbfe0b8db1b1cf40d73ce36100133cc.txt,0,1
npds_02143_V_P_I_1571_jpg.rf.fd06b770a289f62baebf513c6871fd1c,npds,/home/divya/projects/IndianANPR/data/processed/npds_leakage_safe/images/train/V_P_I_1571_jpg.rf.fd06b770a289f62baebf513c6871fd1c.jpg,/home/divya/projects/IndianANPR/data/processed/npds_leakage_safe/labels/train/V_P_I_1571_jpg.rf.fd06b770a289f62baebf513c6871fd1c.txt,0,1
npds_02144_V_P_I_2986_jpg.rf.ff76e9d081f6703de1adb08e4575b376,npds,/home/divya/projects/IndianANPR/data/processed/npds_leakage_safe/images/train/V_P_I_2986_jpg.rf.ff76e9d081f6703de1adb08e4575b376.jpg,/home/divya/projects/IndianANPR/data/processed/npds_leakage_safe/labels/train/V_P_I_2986_jpg.rf.ff76e9d081f6703de1adb08e4575b376.txt,0,1
npds_02145_V_P_I_956_jpg.rf.59a39cec0ba07d1b1af02e21d5603f32,npds,/home/divya/projects/IndianANPR/data/processed/npds_leakage_safe/images/train/V_P_I_956_jpg.rf.59a39cec0ba07d1b1af02e21d5603f32.jpg,/home/divya/projects/IndianANPR/data/processed/npds_leakage_safe/labels/train/V_P_I_956_jpg.rf.59a39cec0ba07d1b1af02e21d5603f32.txt,0,1
npds_02146_V_P_I_754_jpg.rf.fd49a0a2c8cfed04b2866e298540cfc8,npds,/home/divya/projects/IndianANPR/data/processed/npds_leakage_safe/images/train/V_P_I_754_jpg.rf.fd49a0a2c8cfed04b2866e298540cfc8.jpg,/home/divya/projects/IndianANPR/data/processed/npds_leakage_safe/labels/train/V_P_I_754_jpg.rf.fd49a0a2c8cfed04b2866e298540cfc8.txt,0,1
npds_02147_V_P_I_353_jpg.rf.b81df39cbc0365217af419d2bff10d2a,npds,/home/divya/projects/IndianANPR/data/processed/npds_leakage_safe/images/train/V_P_I_353_jpg.rf.b81df39cbc0365217af419d2bff10d2a.jpg,/home/divya/projects/IndianANPR/data/processed/npds_leakage_safe/labels/train/V_P_I_353_jpg.rf.b81df39cbc0365217af419d2bff10d2a.txt,0,1
npds_02148_V_P_I_3156_jpg.rf.93a0d960ac45460f36d1e8c00d694662,npds,/home/divya/projects/IndianANPR/data/processed/npds_leakage_safe/images/train/V_P_I_3156_jpg.rf.93a0d960ac45460f36d1e8c00d694662.jpg,/home/divya/projects/IndianANPR/data/processed/npds_leakage_safe/labels/train/V_P_I_3156_jpg.rf.93a0d960ac45460f36d1e8c00d694662.txt,0,1
npds_02149_V_P_I_125_jpg.rf.5359c18f9078396673e8f29591a83cb5,npds,/home/divya/projects/IndianANPR/data/processed/npds_leakage_safe/images/train/V_P_I_125_jpg.rf.5359c18f9078396673e8f29591a83cb5.jpg,/home/divya/projects/IndianANPR/data/processed/npds_leakage_safe/labels/train/V_P_I_125_jpg.rf.5359c18f9078396673e8f29591a83cb5.txt,0,1
npds_02150_V_P_I_1586_jpg.rf.1722ea2fa704c211866bd3406fbc0526,npds,/home/divya/projects/IndianANPR/data/processed/npds_leakage_safe/images/train/V_P_I_1586_jpg.rf.1722ea2fa704c211866bd3406fbc0526.jpg,/home/divya/projects/IndianANPR/data/processed/npds_leakage_safe/labels/train/V_P_I_1586_jpg.rf.1722ea2fa704c211866bd3406fbc0526.txt,0,1
npds_02151_V_P_I_39_jpg.rf.c6a47ac405251ebf88f4df710331a6ba,npds,/home/divya/projects/IndianANPR/data/processed/npds_leakage_safe/images/train/V_P_I_39_jpg.rf.c6a47ac405251ebf88f4df710331a6ba.jpg,/home/divya/projects/IndianANPR/data/processed/npds_leakage_safe/labels/train/V_P_I_39_jpg.rf.c6a47ac405251ebf88f4df710331a6ba.txt,0,1
npds_02152_V_P_I_3061_jpg.rf.75d71f2dd7fb94f00636ea75cf720888,npds,/home/divya/projects/IndianANPR/data/processed/npds_leakage_safe/images/train/V_P_I_3061_jpg.rf.75d71f2dd7fb94f00636ea75cf720888.jpg,/home/divya/projects/IndianANPR/data/processed/npds_leakage_safe/labels/train/V_P_I_3061_jpg.rf.75d71f2dd7fb94f00636ea75cf720888.txt,0,1
npds_02153_V_P_I_2643_jpg.rf.aa7d8e8f707b731652d56e4ae157d8d5,npds,/home/divya/projects/IndianANPR/data/processed/npds_leakage_safe/images/train/V_P_I_2643_jpg.rf.aa7d8e8f707b731652d56e4ae157d8d5.jpg,/home/divya/projects/IndianANPR/data/processed/npds_leakage_safe/labels/train/V_P_I_2643_jpg.rf.aa7d8e8f707b731652d56e4ae157d8d5.txt,0,1
npds_02154_V_P_I_2543_jpg.rf.9a25d8174efa13926bb84cddf813bcd4,npds,/home/divya/projects/IndianANPR/data/processed/npds_leakage_safe/images/train/V_P_I_2543_jpg.rf.9a25d8174efa13926bb84cddf813bcd4.jpg,/home/divya/projects/IndianANPR/data/processed/npds_leakage_safe/labels/train/V_P_I_2543_jpg.rf.9a25d8174efa13926bb84cddf813bcd4.txt,0,1
npds_02155_V_P_I_565_jpg.rf.d131c491841fddd906147c7116243776,npds,/home/divya/projects/IndianANPR/data/processed/npds_leakage_safe/images/train/V_P_I_565_jpg.rf.d131c491841fddd906147c7116243776.jpg,/home/divya/projects/IndianANPR/data/processed/npds_leakage_safe/labels/train/V_P_I_565_jpg.rf.d131c491841fddd906147c7116243776.txt,0,1
npds_02156_V_P_I_2865_jpg.rf.3c1170ddecc21312803f68ceed2355c6,npds,/home/divya/projects/IndianANPR/data/processed/npds_leakage_safe/images/train/V_P_I_2865_jpg.rf.3c1170ddecc21312803f68ceed2355c6.jpg,/home/divya/projects/IndianANPR/data/processed/npds_leakage_safe/labels/train/V_P_I_2865_jpg.rf.3c1170ddecc21312803f68ceed2355c6.txt,0,1
npds_02157_V_P_I_354_jpg.rf.89b0e626a4b3b5fceab51e11ddeb603d,npds,/home/divya/projects/IndianANPR/data/processed/npds_leakage_safe/images/train/V_P_I_354_jpg.rf.89b0e626a4b3b5fceab51e11ddeb603d.jpg,/home/divya/projects/IndianANPR/data/processed/npds_leakage_safe/labels/train/V_P_I_354_jpg.rf.89b0e626a4b3b5fceab51e11ddeb603d.txt,0,1
npds_02158_V_P_I_2914_jpg.rf.6fc00ae2a36e3ae094daa2b5c1e6e4ac,npds,/home/divya/projects/IndianANPR/data/processed/npds_leakage_safe/images/train/V_P_I_2914_jpg.rf.6fc00ae2a36e3ae094daa2b5c1e6e4ac.jpg,/home/divya/projects/IndianANPR/data/processed/npds_leakage_safe/labels/train/V_P_I_2914_jpg.rf.6fc00ae2a36e3ae094daa2b5c1e6e4ac.txt,0,1
npds_02159_V_P_I_2494_jpg.rf.c219a7212f4ef4fd36872207f900230d,npds,/home/divya/projects/IndianANPR/data/processed/npds_leakage_safe/images/train/V_P_I_2494_jpg.rf.c219a7212f4ef4fd36872207f900230d.jpg,/home/divya/projects/IndianANPR/data/processed/npds_leakage_safe/labels/train/V_P_I_2494_jpg.rf.c219a7212f4ef4fd36872207f900230d.txt,0,1
npds_02160_V_P_I_3246_jpg.rf.56e4d3811cebca877994320ca0b50d28,npds,/home/divya/projects/IndianANPR/data/processed/npds_leakage_safe/images/train/V_P_I_3246_jpg.rf.56e4d3811cebca877994320ca0b50d28.jpg,/home/divya/projects/IndianANPR/data/processed/npds_leakage_safe/labels/train/V_P_I_3246_jpg.rf.56e4d3811cebca877994320ca0b50d28.txt,0,1
npds_02161_V_P_I_2866_jpg.rf.b5a5c74a34256c6fb231bf4b0cf50169,npds,/home/divya/projects/IndianANPR/data/processed/npds_leakage_safe/images/train/V_P_I_2866_jpg.rf.b5a5c74a34256c6fb231bf4b0cf50169.jpg,/home/divya/projects/IndianANPR/data/processed/npds_leakage_safe/labels/train/V_P_I_2866_jpg.rf.b5a5c74a34256c6fb231bf4b0cf50169.txt,0,1
npds_02162_V_P_I_3108_jpg.rf.6ae71e88371c55eb2be3320c2652756b,npds,/home/divya/projects/IndianANPR/data/processed/npds_leakage_safe/images/train/V_P_I_3108_jpg.rf.6ae71e88371c55eb2be3320c2652756b.jpg,/home/divya/projects/IndianANPR/data/processed/npds_leakage_safe/labels/train/V_P_I_3108_jpg.rf.6ae71e88371c55eb2be3320c2652756b.txt,0,1
npds_02163_V_P_I_3085_jpg.rf.a5ff45359d79325f4ec8bad06778c5a3,npds,/home/divya/projects/IndianANPR/data/processed/npds_leakage_safe/images/train/V_P_I_3085_jpg.rf.a5ff45359d79325f4ec8bad06778c5a3.jpg,/home/divya/projects/IndianANPR/data/processed/npds_leakage_safe/labels/train/V_P_I_3085_jpg.rf.a5ff45359d79325f4ec8bad06778c5a3.txt,0,1
npds_02164_V_P_I_3050_jpg.rf.c53e9c226109073d57d1a4e49fd23cf7,npds,/home/divya/projects/IndianANPR/data/processed/npds_leakage_safe/images/train/V_P_I_3050_jpg.rf.c53e9c226109073d57d1a4e49fd23cf7.jpg,/home/divya/projects/IndianANPR/data/processed/npds_leakage_safe/labels/train/V_P_I_3050_jpg.rf.c53e9c226109073d57d1a4e49fd23cf7.txt,0,1
npds_02165_V_P_I_20_jpg.rf.d3973aef0edb22ea4da3a27de661c76b,npds,/home/divya/projects/IndianANPR/data/processed/npds_leakage_safe/images/train/V_P_I_20_jpg.rf.d3973aef0edb22ea4da3a27de661c76b.jpg,/home/divya/projects/IndianANPR/data/processed/npds_leakage_safe/labels/train/V_P_I_20_jpg.rf.d3973aef0edb22ea4da3a27de661c76b.txt,0,1
npds_02166_V_P_I_788_jpg.rf.56807608f45b51308da758dcbe5527d2,npds,/home/divya/projects/IndianANPR/data/processed/npds_leakage_safe/images/train/V_P_I_788_jpg.rf.56807608f45b51308da758dcbe5527d2.jpg,/home/divya/projects/IndianANPR/data/processed/npds_leakage_safe/labels/train/V_P_I_788_jpg.rf.56807608f45b51308da758dcbe5527d2.txt,0,3
npds_02167_V_P_I_2077_jpg.rf.7e59f93c637fb39113a44f7ba77c3505,npds,/home/divya/projects/IndianANPR/data/processed/npds_leakage_safe/images/train/V_P_I_2077_jpg.rf.7e59f93c637fb39113a44f7ba77c3505.jpg,/home/divya/projects/IndianANPR/data/processed/npds_leakage_safe/labels/train/V_P_I_2077_jpg.rf.7e59f93c637fb39113a44f7ba77c3505.txt,0,1
npds_02168_V_P_I_1500_jpg.rf.4809fc5293baa8800850ccbcff5579f8,npds,/home/divya/projects/IndianANPR/data/processed/npds_leakage_safe/images/train/V_P_I_1500_jpg.rf.4809fc5293baa8800850ccbcff5579f8.jpg,/home/divya/projects/IndianANPR/data/processed/npds_leakage_safe/labels/train/V_P_I_1500_jpg.rf.4809fc5293baa8800850ccbcff5579f8.txt,0,1
npds_02169_V_P_I_2465_jpg.rf.f6f475494622672004f35f5e7d13a955,npds,/home/divya/projects/IndianANPR/data/processed/npds_leakage_safe/images/train/V_P_I_2465_jpg.rf.f6f475494622672004f35f5e7d13a955.jpg,/home/divya/projects/IndianANPR/data/processed/npds_leakage_safe/labels/train/V_P_I_2465_jpg.rf.f6f475494622672004f35f5e7d13a955.txt,0,1
npds_02170_V_P_I_122_jpg.rf.381514e67983b6013dbcd477d8fe287a,npds,/home/divya/projects/IndianANPR/data/processed/npds_leakage_safe/images/train/V_P_I_122_jpg.rf.381514e67983b6013dbcd477d8fe287a.jpg,/home/divya/projects/IndianANPR/data/processed/npds_leakage_safe/labels/train/V_P_I_122_jpg.rf.381514e67983b6013dbcd477d8fe287a.txt,0,1
npds_02171_V_P_I_2562_jpg.rf.1eeb60f8506e75db3d421bcdbdfef5ae,npds,/home/divya/projects/IndianANPR/data/processed/npds_leakage_safe/images/train/V_P_I_2562_jpg.rf.1eeb60f8506e75db3d421bcdbdfef5ae.jpg,/home/divya/projects/IndianANPR/data/processed/npds_leakage_safe/labels/train/V_P_I_2562_jpg.rf.1eeb60f8506e75db3d421bcdbdfef5ae.txt,0,1
npds_02172_V_P_I_714_jpg.rf.2d6d49c30cf2401f5c942998ec45bd69,npds,/home/divya/projects/IndianANPR/data/processed/npds_leakage_safe/images/train/V_P_I_714_jpg.rf.2d6d49c30cf2401f5c942998ec45bd69.jpg,/home/divya/projects/IndianANPR/data/processed/npds_leakage_safe/labels/train/V_P_I_714_jpg.rf.2d6d49c30cf2401f5c942998ec45bd69.txt,0,1
npds_02173_V_P_I_3074_jpg.rf.c2f8df3170122872d580aee64c867d04,npds,/home/divya/projects/IndianANPR/data/processed/npds_leakage_safe/images/train/V_P_I_3074_jpg.rf.c2f8df3170122872d580aee64c867d04.jpg,/home/divya/projects/IndianANPR/data/processed/npds_leakage_safe/labels/train/V_P_I_3074_jpg.rf.c2f8df3170122872d580aee64c867d04.txt,0,1
npds_02174_V_P_I_2026_jpg.rf.735c69aae7400ebeb1c2182976d71502,npds,/home/divya/projects/IndianANPR/data/processed/npds_leakage_safe/images/train/V_P_I_2026_jpg.rf.735c69aae7400ebeb1c2182976d71502.jpg,/home/divya/projects/IndianANPR/data/processed/npds_leakage_safe/labels/train/V_P_I_2026_jpg.rf.735c69aae7400ebeb1c2182976d71502.txt,0,1
npds_02175_V_P_I_489_jpg.rf.a499fa17dfb47ad3cacc02575226111a,npds,/home/divya/projects/IndianANPR/data/processed/npds_leakage_safe/images/train/V_P_I_489_jpg.rf.a499fa17dfb47ad3cacc02575226111a.jpg,/home/divya/projects/IndianANPR/data/processed/npds_leakage_safe/labels/train/V_P_I_489_jpg.rf.a499fa17dfb47ad3cacc02575226111a.txt,0,1
npds_02176_V_P_I_1914_jpg.rf.79590a9f4a2f287de1a2aade9bdf5067,npds,/home/divya/projects/IndianANPR/data/processed/npds_leakage_safe/images/train/V_P_I_1914_jpg.rf.79590a9f4a2f287de1a2aade9bdf5067.jpg,/home/divya/projects/IndianANPR/data/processed/npds_leakage_safe/labels/train/V_P_I_1914_jpg.rf.79590a9f4a2f287de1a2aade9bdf5067.txt,0,1
npds_02177_V_P_I_2951_jpg.rf.94935d1ed6e4b588ffe6d8131f4c8e61,npds,/home/divya/projects/IndianANPR/data/processed/npds_leakage_safe/images/train/V_P_I_2951_jpg.rf.94935d1ed6e4b588ffe6d8131f4c8e61.jpg,/home/divya/projects/IndianANPR/data/processed/npds_leakage_safe/labels/train/V_P_I_2951_jpg.rf.94935d1ed6e4b588ffe6d8131f4c8e61.txt,0,1
npds_02178_V_P_I_1187_jpg.rf.53784d9ca01c21ac7b27ac198c95a6c7,npds,/home/divya/projects/IndianANPR/data/processed/npds_leakage_safe/images/train/V_P_I_1187_jpg.rf.53784d9ca01c21ac7b27ac198c95a6c7.jpg,/home/divya/projects/IndianANPR/data/processed/npds_leakage_safe/labels/train/V_P_I_1187_jpg.rf.53784d9ca01c21ac7b27ac198c95a6c7.txt,0,1
npds_02179_V_P_I_2180_jpg.rf.ba70223e6d64d247c2edf6ec3c0f07ef,npds,/home/divya/projects/IndianANPR/data/processed/npds_leakage_safe/images/train/V_P_I_2180_jpg.rf.ba70223e6d64d247c2edf6ec3c0f07ef.jpg,/home/divya/projects/IndianANPR/data/processed/npds_leakage_safe/labels/train/V_P_I_2180_jpg.rf.ba70223e6d64d247c2edf6ec3c0f07ef.txt,0,1
npds_02180_V_P_I_2691_jpg.rf.aae90e549b860198f827ea3b9f3e8c90,npds,/home/divya/projects/IndianANPR/data/processed/npds_leakage_safe/images/train/V_P_I_2691_jpg.rf.aae90e549b860198f827ea3b9f3e8c90.jpg,/home/divya/projects/IndianANPR/data/processed/npds_leakage_safe/labels/train/V_P_I_2691_jpg.rf.aae90e549b860198f827ea3b9f3e8c90.txt,0,1
npds_02181_V_P_I_1253_jpg.rf.2a5cf4a5dba9ca4a62f87d111046b251,npds,/home/divya/projects/IndianANPR/data/processed/npds_leakage_safe/images/train/V_P_I_1253_jpg.rf.2a5cf4a5dba9ca4a62f87d111046b251.jpg,/home/divya/projects/IndianANPR/data/processed/npds_leakage_safe/labels/train/V_P_I_1253_jpg.rf.2a5cf4a5dba9ca4a62f87d111046b251.txt,0,1
npds_02182_V_P_I_843_jpg.rf.b48eb7ba90e7c78e5e7feacbac54c0e4,npds,/home/divya/projects/IndianANPR/data/processed/npds_leakage_safe/images/train/V_P_I_843_jpg.rf.b48eb7ba90e7c78e5e7feacbac54c0e4.jpg,/home/divya/projects/IndianANPR/data/processed/npds_leakage_safe/labels/train/V_P_I_843_jpg.rf.b48eb7ba90e7c78e5e7feacbac54c0e4.txt,0,1
npds_02183_V_P_I_2534_jpg.rf.31dea8b12503fbe19dc34108961d0f7a,npds,/home/divya/projects/IndianANPR/data/processed/npds_leakage_safe/images/train/V_P_I_2534_jpg.rf.31dea8b12503fbe19dc34108961d0f7a.jpg,/home/divya/projects/IndianANPR/data/processed/npds_leakage_safe/labels/train/V_P_I_2534_jpg.rf.31dea8b12503fbe19dc34108961d0f7a.txt,0,1
npds_02184_V_P_I_2502_jpg.rf.12e8a4de93f82d880440b12e44e77abf,npds,/home/divya/projects/IndianANPR/data/processed/npds_leakage_safe/images/train/V_P_I_2502_jpg.rf.12e8a4de93f82d880440b12e44e77abf.jpg,/home/divya/projects/IndianANPR/data/processed/npds_leakage_safe/labels/train/V_P_I_2502_jpg.rf.12e8a4de93f82d880440b12e44e77abf.txt,0,1
npds_02185_V_P_I_1125_jpg.rf.097452e2b9729be77de3612bc68858dd,npds,/home/divya/projects/IndianANPR/data/processed/npds_leakage_safe/images/train/V_P_I_1125_jpg.rf.097452e2b9729be77de3612bc68858dd.jpg,/home/divya/projects/IndianANPR/data/processed/npds_leakage_safe/labels/train/V_P_I_1125_jpg.rf.097452e2b9729be77de3612bc68858dd.txt,0,1
npds_02186_V_P_I_1189_jpg.rf.14686ba11e5b6da6ca00424486cc8478,npds,/home/divya/projects/IndianANPR/data/processed/npds_leakage_safe/images/train/V_P_I_1189_jpg.rf.14686ba11e5b6da6ca00424486cc8478.jpg,/home/divya/projects/IndianANPR/data/processed/npds_leakage_safe/labels/train/V_P_I_1189_jpg.rf.14686ba11e5b6da6ca00424486cc8478.txt,0,1
npds_02187_V_P_I_2236_jpg.rf.7cfd1762d49717897da3425fa39906af,npds,/home/divya/projects/IndianANPR/data/processed/npds_leakage_safe/images/train/V_P_I_2236_jpg.rf.7cfd1762d49717897da3425fa39906af.jpg,/home/divya/projects/IndianANPR/data/processed/npds_leakage_safe/labels/train/V_P_I_2236_jpg.rf.7cfd1762d49717897da3425fa39906af.txt,0,1
npds_02188_V_P_I_1966_jpg.rf.2b75ad664fe6f2685c604f582c7aeab7,npds,/home/divya/projects/IndianANPR/data/processed/npds_leakage_safe/images/train/V_P_I_1966_jpg.rf.2b75ad664fe6f2685c604f582c7aeab7.jpg,/home/divya/projects/IndianANPR/data/processed/npds_leakage_safe/labels/train/V_P_I_1966_jpg.rf.2b75ad664fe6f2685c604f582c7aeab7.txt,0,1
npds_02189_V_P_I_1268_jpg.rf.741da7ea4d2424d036a8270f9f7ac75e,npds,/home/divya/projects/IndianANPR/data/processed/npds_leakage_safe/images/train/V_P_I_1268_jpg.rf.741da7ea4d2424d036a8270f9f7ac75e.jpg,/home/divya/projects/IndianANPR/data/processed/npds_leakage_safe/labels/train/V_P_I_1268_jpg.rf.741da7ea4d2424d036a8270f9f7ac75e.txt,0,1
npds_02190_V_P_I_3113_jpg.rf.fa17e24dfc8e224811e404c63edd1169,npds,/home/divya/projects/IndianANPR/data/processed/npds_leakage_safe/images/train/V_P_I_3113_jpg.rf.fa17e24dfc8e224811e404c63edd1169.jpg,/home/divya/projects/IndianANPR/data/processed/npds_leakage_safe/labels/train/V_P_I_3113_jpg.rf.fa17e24dfc8e224811e404c63edd1169.txt,0,1
npds_02191_V_P_I_628_jpg.rf.5e3a54cc37a01474ff90cc873fbff99e,npds,/home/divya/projects/IndianANPR/data/processed/npds_leakage_safe/images/train/V_P_I_628_jpg.rf.5e3a54cc37a01474ff90cc873fbff99e.jpg,/home/divya/projects/IndianANPR/data/processed/npds_leakage_safe/labels/train/V_P_I_628_jpg.rf.5e3a54cc37a01474ff90cc873fbff99e.txt,0,1
npds_02192_V_P_I_301_jpg.rf.a1f9a11e6150c5cb64201e402abf1548,npds,/home/divya/projects/IndianANPR/data/processed/npds_leakage_safe/images/train/V_P_I_301_jpg.rf.a1f9a11e6150c5cb64201e402abf1548.jpg,/home/divya/projects/IndianANPR/data/processed/npds_leakage_safe/labels/train/V_P_I_301_jpg.rf.a1f9a11e6150c5cb64201e402abf1548.txt,0,1
npds_02193_V_P_I_2962_jpg.rf.5b9833c6a95881e60f564ed28e496f70,npds,/home/divya/projects/IndianANPR/data/processed/npds_leakage_safe/images/train/V_P_I_2962_jpg.rf.5b9833c6a95881e60f564ed28e496f70.jpg,/home/divya/projects/IndianANPR/data/processed/npds_leakage_safe/labels/train/V_P_I_2962_jpg.rf.5b9833c6a95881e60f564ed28e496f70.txt,0,1
npds_02194_V_P_I_2691_jpg.rf.3126736c77abde71cc4ec590533cb48d,npds,/home/divya/projects/IndianANPR/data/processed/npds_leakage_safe/images/train/V_P_I_2691_jpg.rf.3126736c77abde71cc4ec590533cb48d.jpg,/home/divya/projects/IndianANPR/data/processed/npds_leakage_safe/labels/train/V_P_I_2691_jpg.rf.3126736c77abde71cc4ec590533cb48d.txt,0,1
npds_02195_V_P_I_2298_jpg.rf.148c5379dc76100a650b756914fc02e4,npds,/home/divya/projects/IndianANPR/data/processed/npds_leakage_safe/images/train/V_P_I_2298_jpg.rf.148c5379dc76100a650b756914fc02e4.jpg,/home/divya/projects/IndianANPR/data/processed/npds_leakage_safe/labels/train/V_P_I_2298_jpg.rf.148c5379dc76100a650b756914fc02e4.txt,0,1
npds_02196_V_P_I_2537_jpg.rf.e6b97276aa87028e749b08e67b3d8ee1,npds,/home/divya/projects/IndianANPR/data/processed/npds_leakage_safe/images/train/V_P_I_2537_jpg.rf.e6b97276aa87028e749b08e67b3d8ee1.jpg,/home/divya/projects/IndianANPR/data/processed/npds_leakage_safe/labels/train/V_P_I_2537_jpg.rf.e6b97276aa87028e749b08e67b3d8ee1.txt,0,1
npds_02197_V_P_I_2916_jpg.rf.7b5a8b86eea5a3fa556d0ab894479ef5,npds,/home/divya/projects/IndianANPR/data/processed/npds_leakage_safe/images/train/V_P_I_2916_jpg.rf.7b5a8b86eea5a3fa556d0ab894479ef5.jpg,/home/divya/projects/IndianANPR/data/processed/npds_leakage_safe/labels/train/V_P_I_2916_jpg.rf.7b5a8b86eea5a3fa556d0ab894479ef5.txt,0,1
npds_02198_V_P_I_283_jpg.rf.b7c6e3a1682eae29c6f50f1cc78eda4e,npds,/home/divya/projects/IndianANPR/data/processed/npds_leakage_safe/images/train/V_P_I_283_jpg.rf.b7c6e3a1682eae29c6f50f1cc78eda4e.jpg,/home/divya/projects/IndianANPR/data/processed/npds_leakage_safe/labels/train/V_P_I_283_jpg.rf.b7c6e3a1682eae29c6f50f1cc78eda4e.txt,0,1
npds_02199_V_P_I_471_jpg.rf.6d59934195ad7aee352d2e11eef8211b,npds,/home/divya/projects/IndianANPR/data/processed/npds_leakage_safe/images/train/V_P_I_471_jpg.rf.6d59934195ad7aee352d2e11eef8211b.jpg,/home/divya/projects/IndianANPR/data/processed/npds_leakage_safe/labels/train/V_P_I_471_jpg.rf.6d59934195ad7aee352d2e11eef8211b.txt,0,1
npds_02200_V_P_I_3456_jpeg_jpg.rf.acb518098bab34d4b79446711fbbf6c3,npds,/home/divya/projects/IndianANPR/data/processed/npds_leakage_safe/images/train/V_P_I_3456_jpeg_jpg.rf.acb518098bab34d4b79446711fbbf6c3.jpg,/home/divya/projects/IndianANPR/data/processed/npds_leakage_safe/labels/train/V_P_I_3456_jpeg_jpg.rf.acb518098bab34d4b79446711fbbf6c3.txt,0,1
npds_02201_V_P_I_786_jpg.rf.23f21371e009347a441cfe1d91aa9dd6,npds,/home/divya/projects/IndianANPR/data/processed/npds_leakage_safe/images/train/V_P_I_786_jpg.rf.23f21371e009347a441cfe1d91aa9dd6.jpg,/home/divya/projects/IndianANPR/data/processed/npds_leakage_safe/labels/train/V_P_I_786_jpg.rf.23f21371e009347a441cfe1d91aa9dd6.txt,0,1
npds_02202_V_P_I_2497_jpg.rf.283fc4ab1764cad57faf6bf3295740d3,npds,/home/divya/projects/IndianANPR/data/processed/npds_leakage_safe/images/train/V_P_I_2497_jpg.rf.283fc4ab1764cad57faf6bf3295740d3.jpg,/home/divya/projects/IndianANPR/data/processed/npds_leakage_safe/labels/train/V_P_I_2497_jpg.rf.283fc4ab1764cad57faf6bf3295740d3.txt,0,1
npds_02203_V_P_I_2890_jpg.rf.bc557ef2c8d3fe3581581b8e165bde89,npds,/home/divya/projects/IndianANPR/data/processed/npds_leakage_safe/images/train/V_P_I_2890_jpg.rf.bc557ef2c8d3fe3581581b8e165bde89.jpg,/home/divya/projects/IndianANPR/data/processed/npds_leakage_safe/labels/train/V_P_I_2890_jpg.rf.bc557ef2c8d3fe3581581b8e165bde89.txt,0,1
npds_02204_V_P_I_3142_jpg.rf.7b6a255fdb99a2d2d92c38140781d277,npds,/home/divya/projects/IndianANPR/data/processed/npds_leakage_safe/images/train/V_P_I_3142_jpg.rf.7b6a255fdb99a2d2d92c38140781d277.jpg,/home/divya/projects/IndianANPR/data/processed/npds_leakage_safe/labels/train/V_P_I_3142_jpg.rf.7b6a255fdb99a2d2d92c38140781d277.txt,0,1
npds_02205_V_P_I_1628_jpg.rf.8b3e6bddd534929ab54d7a46dfa32334,npds,/home/divya/projects/IndianANPR/data/processed/npds_leakage_safe/images/train/V_P_I_1628_jpg.rf.8b3e6bddd534929ab54d7a46dfa32334.jpg,/home/divya/projects/IndianANPR/data/processed/npds_leakage_safe/labels/train/V_P_I_1628_jpg.rf.8b3e6bddd534929ab54d7a46dfa32334.txt,0,1
npds_02206_V_P_I_2091_jpg.rf.f31f9b573c2fb7b804816a2c2faa6330,npds,/home/divya/projects/IndianANPR/data/processed/npds_leakage_safe/images/train/V_P_I_2091_jpg.rf.f31f9b573c2fb7b804816a2c2faa6330.jpg,/home/divya/projects/IndianANPR/data/processed/npds_leakage_safe/labels/train/V_P_I_2091_jpg.rf.f31f9b573c2fb7b804816a2c2faa6330.txt,0,1
npds_02207_V_P_I_2996_jpg.rf.62dd0dad4b2df85d2753b808f88c15a6,npds,/home/divya/projects/IndianANPR/data/processed/npds_leakage_safe/images/train/V_P_I_2996_jpg.rf.62dd0dad4b2df85d2753b808f88c15a6.jpg,/home/divya/projects/IndianANPR/data/processed/npds_leakage_safe/labels/train/V_P_I_2996_jpg.rf.62dd0dad4b2df85d2753b808f88c15a6.txt,0,1
npds_02208_V_P_I_2583_jpg.rf.0858158ea221543eec1cea23ca89b2ca,npds,/home/divya/projects/IndianANPR/data/processed/npds_leakage_safe/images/train/V_P_I_2583_jpg.rf.0858158ea221543eec1cea23ca89b2ca.jpg,/home/divya/projects/IndianANPR/data/processed/npds_leakage_safe/labels/train/V_P_I_2583_jpg.rf.0858158ea221543eec1cea23ca89b2ca.txt,0,1
npds_02209_V_P_I_2669_jpg.rf.f55d9c241e6c286ecf51929b590f4f89,npds,/home/divya/projects/IndianANPR/data/processed/npds_leakage_safe/images/train/V_P_I_2669_jpg.rf.f55d9c241e6c286ecf51929b590f4f89.jpg,/home/divya/projects/IndianANPR/data/processed/npds_leakage_safe/labels/train/V_P_I_2669_jpg.rf.f55d9c241e6c286ecf51929b590f4f89.txt,0,1
npds_02210_V_P_I_821_jpg.rf.24edc4553a472ff6d49a52063fabe09b,npds,/home/divya/projects/IndianANPR/data/processed/npds_leakage_safe/images/train/V_P_I_821_jpg.rf.24edc4553a472ff6d49a52063fabe09b.jpg,/home/divya/projects/IndianANPR/data/processed/npds_leakage_safe/labels/train/V_P_I_821_jpg.rf.24edc4553a472ff6d49a52063fabe09b.txt,0,1
npds_02211_V_P_I_1202_jpg.rf.98287eb5e2abd66339387b19ec5f0cc4,npds,/home/divya/projects/IndianANPR/data/processed/npds_leakage_safe/images/train/V_P_I_1202_jpg.rf.98287eb5e2abd66339387b19ec5f0cc4.jpg,/home/divya/projects/IndianANPR/data/processed/npds_leakage_safe/labels/train/V_P_I_1202_jpg.rf.98287eb5e2abd66339387b19ec5f0cc4.txt,0,1
npds_02212_V_P_I_728_jpg.rf.9b38015783b8a3c39f0a1d8aba82275d,npds,/home/divya/projects/IndianANPR/data/processed/npds_leakage_safe/images/train/V_P_I_728_jpg.rf.9b38015783b8a3c39f0a1d8aba82275d.jpg,/home/divya/projects/IndianANPR/data/processed/npds_leakage_safe/labels/train/V_P_I_728_jpg.rf.9b38015783b8a3c39f0a1d8aba82275d.txt,0,1
npds_02213_V_P_I_1348_jpg.rf.fabaf806905571a7053c1e18ceb9f678,npds,/home/divya/projects/IndianANPR/data/processed/npds_leakage_safe/images/train/V_P_I_1348_jpg.rf.fabaf806905571a7053c1e18ceb9f678.jpg,/home/divya/projects/IndianANPR/data/processed/npds_leakage_safe/labels/train/V_P_I_1348_jpg.rf.fabaf806905571a7053c1e18ceb9f678.txt,0,1
npds_02214_V_P_I_2158_jpg.rf.9d2c15f7045757e19437435220152d9e,npds,/home/divya/projects/IndianANPR/data/processed/npds_leakage_safe/images/train/V_P_I_2158_jpg.rf.9d2c15f7045757e19437435220152d9e.jpg,/home/divya/projects/IndianANPR/data/processed/npds_leakage_safe/labels/train/V_P_I_2158_jpg.rf.9d2c15f7045757e19437435220152d9e.txt,0,1
npds_02215_V_P_I_3372_jpg.rf.0f481e1b1bc40dd23944cf38780c3a18,npds,/home/divya/projects/IndianANPR/data/processed/npds_leakage_safe/images/train/V_P_I_3372_jpg.rf.0f481e1b1bc40dd23944cf38780c3a18.jpg,/home/divya/projects/IndianANPR/data/processed/npds_leakage_safe/labels/train/V_P_I_3372_jpg.rf.0f481e1b1bc40dd23944cf38780c3a18.txt,0,1
npds_02216_V_P_I_1290_jpg.rf.c299f120d11dd8c644a7568fa5f323cb,npds,/home/divya/projects/IndianANPR/data/processed/npds_leakage_safe/images/train/V_P_I_1290_jpg.rf.c299f120d11dd8c644a7568fa5f323cb.jpg,/home/divya/projects/IndianANPR/data/processed/npds_leakage_safe/labels/train/V_P_I_1290_jpg.rf.c299f120d11dd8c644a7568fa5f323cb.txt,0,1
npds_02217_V_P_I_2685_jpg.rf.3f1cacc85a40f0aedcb99ef493dd2ec7,npds,/home/divya/projects/IndianANPR/data/processed/npds_leakage_safe/images/train/V_P_I_2685_jpg.rf.3f1cacc85a40f0aedcb99ef493dd2ec7.jpg,/home/divya/projects/IndianANPR/data/processed/npds_leakage_safe/labels/train/V_P_I_2685_jpg.rf.3f1cacc85a40f0aedcb99ef493dd2ec7.txt,0,1
npds_02218_V_P_I_3118_jpg.rf.de3d47a069474fcda45ba41538912749,npds,/home/divya/projects/IndianANPR/data/processed/npds_leakage_safe/images/train/V_P_I_3118_jpg.rf.de3d47a069474fcda45ba41538912749.jpg,/home/divya/projects/IndianANPR/data/processed/npds_leakage_safe/labels/train/V_P_I_3118_jpg.rf.de3d47a069474fcda45ba41538912749.txt,0,1
npds_02219_V_P_I_1568_jpg.rf.b364fe6b391a18b75e530c47b3671f56,npds,/home/divya/projects/IndianANPR/data/processed/npds_leakage_safe/images/train/V_P_I_1568_jpg.rf.b364fe6b391a18b75e530c47b3671f56.jpg,/home/divya/projects/IndianANPR/data/processed/npds_leakage_safe/labels/train/V_P_I_1568_jpg.rf.b364fe6b391a18b75e530c47b3671f56.txt,0,1
npds_02220_V_P_I_1128_jpg.rf.ebabd284f5710152d41c97bdca9eb561,npds,/home/divya/projects/IndianANPR/data/processed/npds_leakage_safe/images/train/V_P_I_1128_jpg.rf.ebabd284f5710152d41c97bdca9eb561.jpg,/home/divya/projects/IndianANPR/data/processed/npds_leakage_safe/labels/train/V_P_I_1128_jpg.rf.ebabd284f5710152d41c97bdca9eb561.txt,0,1
npds_02221_V_P_I_1814_jpg.rf.03658118faf24056da66d41d62b064a6,npds,/home/divya/projects/IndianANPR/data/processed/npds_leakage_safe/images/train/V_P_I_1814_jpg.rf.03658118faf24056da66d41d62b064a6.jpg,/home/divya/projects/IndianANPR/data/processed/npds_leakage_safe/labels/train/V_P_I_1814_jpg.rf.03658118faf24056da66d41d62b064a6.txt,0,1
npds_02222_V_P_I_3351_jpg.rf.24baa3d6728fd27447034c283460d6e2,npds,/home/divya/projects/IndianANPR/data/processed/npds_leakage_safe/images/train/V_P_I_3351_jpg.rf.24baa3d6728fd27447034c283460d6e2.jpg,/home/divya/projects/IndianANPR/data/processed/npds_leakage_safe/labels/train/V_P_I_3351_jpg.rf.24baa3d6728fd27447034c283460d6e2.txt,0,1
npds_02223_V_P_I_719_jpg.rf.ea1436dc1b9e333584b4da8fb650e8cf,npds,/home/divya/projects/IndianANPR/data/processed/npds_leakage_safe/images/train/V_P_I_719_jpg.rf.ea1436dc1b9e333584b4da8fb650e8cf.jpg,/home/divya/projects/IndianANPR/data/processed/npds_leakage_safe/labels/train/V_P_I_719_jpg.rf.ea1436dc1b9e333584b4da8fb650e8cf.txt,0,1
npds_02224_V_P_I_2465_jpg.rf.1c9ea64435061a64ba825b269edb6794,npds,/home/divya/projects/IndianANPR/data/processed/npds_leakage_safe/images/train/V_P_I_2465_jpg.rf.1c9ea64435061a64ba825b269edb6794.jpg,/home/divya/projects/IndianANPR/data/processed/npds_leakage_safe/labels/train/V_P_I_2465_jpg.rf.1c9ea64435061a64ba825b269edb6794.txt,0,1
npds_02225_V_P_I_2742_jpg.rf.a1d11cb092c0be5ee2f8772590ffe41d,npds,/home/divya/projects/IndianANPR/data/processed/npds_leakage_safe/images/train/V_P_I_2742_jpg.rf.a1d11cb092c0be5ee2f8772590ffe41d.jpg,/home/divya/projects/IndianANPR/data/processed/npds_leakage_safe/labels/train/V_P_I_2742_jpg.rf.a1d11cb092c0be5ee2f8772590ffe41d.txt,0,1
npds_02226_V_P_I_2739_jpg.rf.61d1cc30757f90b8ff269699ebac998d,npds,/home/divya/projects/IndianANPR/data/processed/npds_leakage_safe/images/train/V_P_I_2739_jpg.rf.61d1cc30757f90b8ff269699ebac998d.jpg,/home/divya/projects/IndianANPR/data/processed/npds_leakage_safe/labels/train/V_P_I_2739_jpg.rf.61d1cc30757f90b8ff269699ebac998d.txt,0,1
npds_02227_V_P_I_3005_jpg.rf.85b9f36d531c85ea1d122618d9826603,npds,/home/divya/projects/IndianANPR/data/processed/npds_leakage_safe/images/train/V_P_I_3005_jpg.rf.85b9f36d531c85ea1d122618d9826603.jpg,/home/divya/projects/IndianANPR/data/processed/npds_leakage_safe/labels/train/V_P_I_3005_jpg.rf.85b9f36d531c85ea1d122618d9826603.txt,0,1
npds_02228_V_P_I_1523_jpg.rf.a9bb0f80a03cd79a80ee4eb81b04da71,npds,/home/divya/projects/IndianANPR/data/processed/npds_leakage_safe/images/train/V_P_I_1523_jpg.rf.a9bb0f80a03cd79a80ee4eb81b04da71.jpg,/home/divya/projects/IndianANPR/data/processed/npds_leakage_safe/labels/train/V_P_I_1523_jpg.rf.a9bb0f80a03cd79a80ee4eb81b04da71.txt,0,1
npds_02229_V_P_I_2223_jpg.rf.abf1cb20b5ab8c5769674c978556f690,npds,/home/divya/projects/IndianANPR/data/processed/npds_leakage_safe/images/train/V_P_I_2223_jpg.rf.abf1cb20b5ab8c5769674c978556f690.jpg,/home/divya/projects/IndianANPR/data/processed/npds_leakage_safe/labels/train/V_P_I_2223_jpg.rf.abf1cb20b5ab8c5769674c978556f690.txt,0,1
npds_02230_V_P_I_2252_jpg.rf.dfc5f55a963198d0be38d7131446f158,npds,/home/divya/projects/IndianANPR/data/processed/npds_leakage_safe/images/train/V_P_I_2252_jpg.rf.dfc5f55a963198d0be38d7131446f158.jpg,/home/divya/projects/IndianANPR/data/processed/npds_leakage_safe/labels/train/V_P_I_2252_jpg.rf.dfc5f55a963198d0be38d7131446f158.txt,0,1
npds_02231_V_P_I_691_jpg.rf.5569729d5f67b257f385d339d26916b6,npds,/home/divya/projects/IndianANPR/data/processed/npds_leakage_safe/images/train/V_P_I_691_jpg.rf.5569729d5f67b257f385d339d26916b6.jpg,/home/divya/projects/IndianANPR/data/processed/npds_leakage_safe/labels/train/V_P_I_691_jpg.rf.5569729d5f67b257f385d339d26916b6.txt,0,1
npds_02232_V_P_I_2307_jpg.rf.448e9712e90b171aa58b86a78fcc1da7,npds,/home/divya/projects/IndianANPR/data/processed/npds_leakage_safe/images/train/V_P_I_2307_jpg.rf.448e9712e90b171aa58b86a78fcc1da7.jpg,/home/divya/projects/IndianANPR/data/processed/npds_leakage_safe/labels/train/V_P_I_2307_jpg.rf.448e9712e90b171aa58b86a78fcc1da7.txt,0,1
npds_02233_V_P_I_2370_jpg.rf.20d7fb9def36bfe3cc68792ad612c386,npds,/home/divya/projects/IndianANPR/data/processed/npds_leakage_safe/images/train/V_P_I_2370_jpg.rf.20d7fb9def36bfe3cc68792ad612c386.jpg,/home/divya/projects/IndianANPR/data/processed/npds_leakage_safe/labels/train/V_P_I_2370_jpg.rf.20d7fb9def36bfe3cc68792ad612c386.txt,0,1
npds_02234_V_P_I_407_jpg.rf.c8efc743236ded67b816969e7d2aa7b7,npds,/home/divya/projects/IndianANPR/data/processed/npds_leakage_safe/images/train/V_P_I_407_jpg.rf.c8efc743236ded67b816969e7d2aa7b7.jpg,/home/divya/projects/IndianANPR/data/processed/npds_leakage_safe/labels/train/V_P_I_407_jpg.rf.c8efc743236ded67b816969e7d2aa7b7.txt,0,1
npds_02235_V_P_I_213_jpg.rf.eb650c86374c030d74e9cfe2b834910c,npds,/home/divya/projects/IndianANPR/data/processed/npds_leakage_safe/images/train/V_P_I_213_jpg.rf.eb650c86374c030d74e9cfe2b834910c.jpg,/home/divya/projects/IndianANPR/data/processed/npds_leakage_safe/labels/train/V_P_I_213_jpg.rf.eb650c86374c030d74e9cfe2b834910c.txt,0,1
npds_02236_V_P_I_322_jpg.rf.6f395319ca529159cdd49209ec82f507,npds,/home/divya/projects/IndianANPR/data/processed/npds_leakage_safe/images/train/V_P_I_322_jpg.rf.6f395319ca529159cdd49209ec82f507.jpg,/home/divya/projects/IndianANPR/data/processed/npds_leakage_safe/labels/train/V_P_I_322_jpg.rf.6f395319ca529159cdd49209ec82f507.txt,0,1
npds_02237_V_P_I_2974_jpg.rf.2876fe7fd954d1f68baccb2b5a6ad1e7,npds,/home/divya/projects/IndianANPR/data/processed/npds_leakage_safe/images/train/V_P_I_2974_jpg.rf.2876fe7fd954d1f68baccb2b5a6ad1e7.jpg,/home/divya/projects/IndianANPR/data/processed/npds_leakage_safe/labels/train/V_P_I_2974_jpg.rf.2876fe7fd954d1f68baccb2b5a6ad1e7.txt,0,1
npds_02238_V_P_I_1170_jpg.rf.470c9ba597b752c84ed209b22b61e9d0,npds,/home/divya/projects/IndianANPR/data/processed/npds_leakage_safe/images/train/V_P_I_1170_jpg.rf.470c9ba597b752c84ed209b22b61e9d0.jpg,/home/divya/projects/IndianANPR/data/processed/npds_leakage_safe/labels/train/V_P_I_1170_jpg.rf.470c9ba597b752c84ed209b22b61e9d0.txt,0,2
npds_02239_V_P_I_464_jpg.rf.707bcc5199468f0dce01913d314b8e3f,npds,/home/divya/projects/IndianANPR/data/processed/npds_leakage_safe/images/train/V_P_I_464_jpg.rf.707bcc5199468f0dce01913d314b8e3f.jpg,/home/divya/projects/IndianANPR/data/processed/npds_leakage_safe/labels/train/V_P_I_464_jpg.rf.707bcc5199468f0dce01913d314b8e3f.txt,0,1
npds_02240_V_P_I_3073_jpg.rf.c38b1e579060a51886bf9fc30ed18100,npds,/home/divya/projects/IndianANPR/data/processed/npds_leakage_safe/images/train/V_P_I_3073_jpg.rf.c38b1e579060a51886bf9fc30ed18100.jpg,/home/divya/projects/IndianANPR/data/processed/npds_leakage_safe/labels/train/V_P_I_3073_jpg.rf.c38b1e579060a51886bf9fc30ed18100.txt,0,1
npds_02241_V_P_I_3124_jpg.rf.a54ebecf0ba64bd65f7da5b12e5c279e,npds,/home/divya/projects/IndianANPR/data/processed/npds_leakage_safe/images/train/V_P_I_3124_jpg.rf.a54ebecf0ba64bd65f7da5b12e5c279e.jpg,/home/divya/projects/IndianANPR/data/processed/npds_leakage_safe/labels/train/V_P_I_3124_jpg.rf.a54ebecf0ba64bd65f7da5b12e5c279e.txt,0,1
npds_02242_V_P_I_2130_jpg.rf.6e656fb1501509dab111f0ec80ec5a05,npds,/home/divya/projects/IndianANPR/data/processed/npds_leakage_safe/images/train/V_P_I_2130_jpg.rf.6e656fb1501509dab111f0ec80ec5a05.jpg,/home/divya/projects/IndianANPR/data/processed/npds_leakage_safe/labels/train/V_P_I_2130_jpg.rf.6e656fb1501509dab111f0ec80ec5a05.txt,0,1
npds_02243_V_P_I_1213_jpg.rf.e6460fa84274223ffe752eaa4a3f5824,npds,/home/divya/projects/IndianANPR/data/processed/npds_leakage_safe/images/train/V_P_I_1213_jpg.rf.e6460fa84274223ffe752eaa4a3f5824.jpg,/home/divya/projects/IndianANPR/data/processed/npds_leakage_safe/labels/train/V_P_I_1213_jpg.rf.e6460fa84274223ffe752eaa4a3f5824.txt,0,1
npds_02244_V_P_I_2116_jpg.rf.51900371d145b6aba8bd001aa33a2637,npds,/home/divya/projects/IndianANPR/data/processed/npds_leakage_safe/images/train/V_P_I_2116_jpg.rf.51900371d145b6aba8bd001aa33a2637.jpg,/home/divya/projects/IndianANPR/data/processed/npds_leakage_safe/labels/train/V_P_I_2116_jpg.rf.51900371d145b6aba8bd001aa33a2637.txt,0,1
npds_02245_V_P_I_1319_jpg.rf.19cf37e0e5b2a74c7adb7bd0b86c0ddc,npds,/home/divya/projects/IndianANPR/data/processed/npds_leakage_safe/images/train/V_P_I_1319_jpg.rf.19cf37e0e5b2a74c7adb7bd0b86c0ddc.jpg,/home/divya/projects/IndianANPR/data/processed/npds_leakage_safe/labels/train/V_P_I_1319_jpg.rf.19cf37e0e5b2a74c7adb7bd0b86c0ddc.txt,0,1
npds_02246_V_P_I_2849_jpg.rf.51f0a56e8c72e98e4e3e592e5c461e7a,npds,/home/divya/projects/IndianANPR/data/processed/npds_leakage_safe/images/train/V_P_I_2849_jpg.rf.51f0a56e8c72e98e4e3e592e5c461e7a.jpg,/home/divya/projects/IndianANPR/data/processed/npds_leakage_safe/labels/train/V_P_I_2849_jpg.rf.51f0a56e8c72e98e4e3e592e5c461e7a.txt,0,1
npds_02247_V_P_I_3228_jpg.rf.d01c79e48b4df191f3d2b375604a6f37,npds,/home/divya/projects/IndianANPR/data/processed/npds_leakage_safe/images/train/V_P_I_3228_jpg.rf.d01c79e48b4df191f3d2b375604a6f37.jpg,/home/divya/projects/IndianANPR/data/processed/npds_leakage_safe/labels/train/V_P_I_3228_jpg.rf.d01c79e48b4df191f3d2b375604a6f37.txt,0,1
npds_02248_V_P_I_2305_jpg.rf.bd3d5c8fe0239d5c71ccbd5392ff1a26,npds,/home/divya/projects/IndianANPR/data/processed/npds_leakage_safe/images/train/V_P_I_2305_jpg.rf.bd3d5c8fe0239d5c71ccbd5392ff1a26.jpg,/home/divya/projects/IndianANPR/data/processed/npds_leakage_safe/labels/train/V_P_I_2305_jpg.rf.bd3d5c8fe0239d5c71ccbd5392ff1a26.txt,0,1
npds_02249_V_P_I_1959_jpg.rf.07f5e26bcbcff19e7b068727e4d06d2f,npds,/home/divya/projects/IndianANPR/data/processed/npds_leakage_safe/images/train/V_P_I_1959_jpg.rf.07f5e26bcbcff19e7b068727e4d06d2f.jpg,/home/divya/projects/IndianANPR/data/processed/npds_leakage_safe/labels/train/V_P_I_1959_jpg.rf.07f5e26bcbcff19e7b068727e4d06d2f.txt,0,1
npds_02250_V_P_I_1823_jpg.rf.af05b69108b1ebe962bd2668c9317b45,npds,/home/divya/projects/IndianANPR/data/processed/npds_leakage_safe/images/train/V_P_I_1823_jpg.rf.af05b69108b1ebe962bd2668c9317b45.jpg,/home/divya/projects/IndianANPR/data/processed/npds_leakage_safe/labels/train/V_P_I_1823_jpg.rf.af05b69108b1ebe962bd2668c9317b45.txt,0,1
npds_02251_V_P_I_3400_jpg.rf.8aacbd1951078da9350021f9083ecc89,npds,/home/divya/projects/IndianANPR/data/processed/npds_leakage_safe/images/train/V_P_I_3400_jpg.rf.8aacbd1951078da9350021f9083ecc89.jpg,/home/divya/projects/IndianANPR/data/processed/npds_leakage_safe/labels/train/V_P_I_3400_jpg.rf.8aacbd1951078da9350021f9083ecc89.txt,0,1
npds_02252_V_P_I_3159_jpg.rf.a338dc65e8354a8a1b73293c32d27190,npds,/home/divya/projects/IndianANPR/data/processed/npds_leakage_safe/images/train/V_P_I_3159_jpg.rf.a338dc65e8354a8a1b73293c32d27190.jpg,/home/divya/projects/IndianANPR/data/processed/npds_leakage_safe/labels/train/V_P_I_3159_jpg.rf.a338dc65e8354a8a1b73293c32d27190.txt,0,1
npds_02253_V_P_I_2987_jpg.rf.a75f980ea06280499c49ab31921c904b,npds,/home/divya/projects/IndianANPR/data/processed/npds_leakage_safe/images/train/V_P_I_2987_jpg.rf.a75f980ea06280499c49ab31921c904b.jpg,/home/divya/projects/IndianANPR/data/processed/npds_leakage_safe/labels/train/V_P_I_2987_jpg.rf.a75f980ea06280499c49ab31921c904b.txt,0,1
npds_02254_V_P_I_14_jpg.rf.1751a7e03ea7362ede69f4ed525fb0b7,npds,/home/divya/projects/IndianANPR/data/processed/npds_leakage_safe/images/train/V_P_I_14_jpg.rf.1751a7e03ea7362ede69f4ed525fb0b7.jpg,/home/divya/projects/IndianANPR/data/processed/npds_leakage_safe/labels/train/V_P_I_14_jpg.rf.1751a7e03ea7362ede69f4ed525fb0b7.txt,0,1
npds_02255_V_P_I_2128_jpg.rf.611f66c61e8cc724fe89c23c6fe69d36,npds,/home/divya/projects/IndianANPR/data/processed/npds_leakage_safe/images/train/V_P_I_2128_jpg.rf.611f66c61e8cc724fe89c23c6fe69d36.jpg,/home/divya/projects/IndianANPR/data/processed/npds_leakage_safe/labels/train/V_P_I_2128_jpg.rf.611f66c61e8cc724fe89c23c6fe69d36.txt,0,1
npds_02256_V_P_I_1283_jpg.rf.77d79612fce1b8bba48f4d1de2f299c7,npds,/home/divya/projects/IndianANPR/data/processed/npds_leakage_safe/images/train/V_P_I_1283_jpg.rf.77d79612fce1b8bba48f4d1de2f299c7.jpg,/home/divya/projects/IndianANPR/data/processed/npds_leakage_safe/labels/train/V_P_I_1283_jpg.rf.77d79612fce1b8bba48f4d1de2f299c7.txt,0,1
npds_02257_V_P_I_2921_jpg.rf.577e211490b69d837df194cecc54a968,npds,/home/divya/projects/IndianANPR/data/processed/npds_leakage_safe/images/train/V_P_I_2921_jpg.rf.577e211490b69d837df194cecc54a968.jpg,/home/divya/projects/IndianANPR/data/processed/npds_leakage_safe/labels/train/V_P_I_2921_jpg.rf.577e211490b69d837df194cecc54a968.txt,0,1
npds_02258_V_P_I_317_jpg.rf.ca44a386cfcac427d8dbe8bafd2d85b2,npds,/home/divya/projects/IndianANPR/data/processed/npds_leakage_safe/images/train/V_P_I_317_jpg.rf.ca44a386cfcac427d8dbe8bafd2d85b2.jpg,/home/divya/projects/IndianANPR/data/processed/npds_leakage_safe/labels/train/V_P_I_317_jpg.rf.ca44a386cfcac427d8dbe8bafd2d85b2.txt,0,1
npds_02259_V_P_I_1470_jpg.rf.5482bf8477484784e05dbb95c8633c74,npds,/home/divya/projects/IndianANPR/data/processed/npds_leakage_safe/images/train/V_P_I_1470_jpg.rf.5482bf8477484784e05dbb95c8633c74.jpg,/home/divya/projects/IndianANPR/data/processed/npds_leakage_safe/labels/train/V_P_I_1470_jpg.rf.5482bf8477484784e05dbb95c8633c74.txt,0,1
npds_02260_V_P_I_2174_jpg.rf.2ae2c4650ac95962f4e43f6b9941a59e,npds,/home/divya/projects/IndianANPR/data/processed/npds_leakage_safe/images/train/V_P_I_2174_jpg.rf.2ae2c4650ac95962f4e43f6b9941a59e.jpg,/home/divya/projects/IndianANPR/data/processed/npds_leakage_safe/labels/train/V_P_I_2174_jpg.rf.2ae2c4650ac95962f4e43f6b9941a59e.txt,0,1
npds_02261_V_P_I_2048_jpg.rf.eec921a2d6a735e23e5f389cf80f83b8,npds,/home/divya/projects/IndianANPR/data/processed/npds_leakage_safe/images/train/V_P_I_2048_jpg.rf.eec921a2d6a735e23e5f389cf80f83b8.jpg,/home/divya/projects/IndianANPR/data/processed/npds_leakage_safe/labels/train/V_P_I_2048_jpg.rf.eec921a2d6a735e23e5f389cf80f83b8.txt,0,1
npds_02262_V_P_I_839_jpg.rf.c5c07a07a4a544bb49ea13b76b064ce3,npds,/home/divya/projects/IndianANPR/data/processed/npds_leakage_safe/images/train/V_P_I_839_jpg.rf.c5c07a07a4a544bb49ea13b76b064ce3.jpg,/home/divya/projects/IndianANPR/data/processed/npds_leakage_safe/labels/train/V_P_I_839_jpg.rf.c5c07a07a4a544bb49ea13b76b064ce3.txt,0,1
npds_02263_V_P_I_3315_jpg.rf.43e84abc4f478f144ac094930d7b3bdc,npds,/home/divya/projects/IndianANPR/data/processed/npds_leakage_safe/images/train/V_P_I_3315_jpg.rf.43e84abc4f478f144ac094930d7b3bdc.jpg,/home/divya/projects/IndianANPR/data/processed/npds_leakage_safe/labels/train/V_P_I_3315_jpg.rf.43e84abc4f478f144ac094930d7b3bdc.txt,0,1
npds_02264_V_P_I_3173_jpg.rf.ff8ea46de2c6a49eb453b987b2ec0dcd,npds,/home/divya/projects/IndianANPR/data/processed/npds_leakage_safe/images/train/V_P_I_3173_jpg.rf.ff8ea46de2c6a49eb453b987b2ec0dcd.jpg,/home/divya/projects/IndianANPR/data/processed/npds_leakage_safe/labels/train/V_P_I_3173_jpg.rf.ff8ea46de2c6a49eb453b987b2ec0dcd.txt,0,1
npds_02265_V_P_I_2321_jpg.rf.a3deca4d77cd4bf791dc8670a7f08609,npds,/home/divya/projects/IndianANPR/data/processed/npds_leakage_safe/images/train/V_P_I_2321_jpg.rf.a3deca4d77cd4bf791dc8670a7f08609.jpg,/home/divya/projects/IndianANPR/data/processed/npds_leakage_safe/labels/train/V_P_I_2321_jpg.rf.a3deca4d77cd4bf791dc8670a7f08609.txt,0,1
npds_02266_V_P_I_1435_jpg.rf.d57745c9346f3812cea43c0511fab4d0,npds,/home/divya/projects/IndianANPR/data/processed/npds_leakage_safe/images/train/V_P_I_1435_jpg.rf.d57745c9346f3812cea43c0511fab4d0.jpg,/home/divya/projects/IndianANPR/data/processed/npds_leakage_safe/labels/train/V_P_I_1435_jpg.rf.d57745c9346f3812cea43c0511fab4d0.txt,0,1
npds_02267_V_P_I_720_jpg.rf.b29641977c4611a8c84d852a2dacf51f,npds,/home/divya/projects/IndianANPR/data/processed/npds_leakage_safe/images/train/V_P_I_720_jpg.rf.b29641977c4611a8c84d852a2dacf51f.jpg,/home/divya/projects/IndianANPR/data/processed/npds_leakage_safe/labels/train/V_P_I_720_jpg.rf.b29641977c4611a8c84d852a2dacf51f.txt,0,1
npds_02268_V_P_I_3355_jpg.rf.71cd7acdaf2733c6bdf96269bba00626,npds,/home/divya/projects/IndianANPR/data/processed/npds_leakage_safe/images/train/V_P_I_3355_jpg.rf.71cd7acdaf2733c6bdf96269bba00626.jpg,/home/divya/projects/IndianANPR/data/processed/npds_leakage_safe/labels/train/V_P_I_3355_jpg.rf.71cd7acdaf2733c6bdf96269bba00626.txt,0,1
npds_02269_V_P_I_1292_jpg.rf.081f2e0195bbaaaf420f39345b29b098,npds,/home/divya/projects/IndianANPR/data/processed/npds_leakage_safe/images/train/V_P_I_1292_jpg.rf.081f2e0195bbaaaf420f39345b29b098.jpg,/home/divya/projects/IndianANPR/data/processed/npds_leakage_safe/labels/train/V_P_I_1292_jpg.rf.081f2e0195bbaaaf420f39345b29b098.txt,0,1
npds_02270_V_P_I_2047_jpg.rf.910c21b7040dfd46a0ff448537d11e4b,npds,/home/divya/projects/IndianANPR/data/processed/npds_leakage_safe/images/train/V_P_I_2047_jpg.rf.910c21b7040dfd46a0ff448537d11e4b.jpg,/home/divya/projects/IndianANPR/data/processed/npds_leakage_safe/labels/train/V_P_I_2047_jpg.rf.910c21b7040dfd46a0ff448537d11e4b.txt,0,1
npds_02271_V_P_I_831_jpg.rf.738e5ff5c8c439cd4993deb85900dc0f,npds,/home/divya/projects/IndianANPR/data/processed/npds_leakage_safe/images/train/V_P_I_831_jpg.rf.738e5ff5c8c439cd4993deb85900dc0f.jpg,/home/divya/projects/IndianANPR/data/processed/npds_leakage_safe/labels/train/V_P_I_831_jpg.rf.738e5ff5c8c439cd4993deb85900dc0f.txt,0,1
npds_02272_V_P_I_2267_jpg.rf.514c279364a14bcefc129cf0792c58af,npds,/home/divya/projects/IndianANPR/data/processed/npds_leakage_safe/images/train/V_P_I_2267_jpg.rf.514c279364a14bcefc129cf0792c58af.jpg,/home/divya/projects/IndianANPR/data/processed/npds_leakage_safe/labels/train/V_P_I_2267_jpg.rf.514c279364a14bcefc129cf0792c58af.txt,0,1
npds_02273_V_P_I_3109_jpg.rf.ec46bcae7d01b705903c58b4a93cfd7e,npds,/home/divya/projects/IndianANPR/data/processed/npds_leakage_safe/images/train/V_P_I_3109_jpg.rf.ec46bcae7d01b705903c58b4a93cfd7e.jpg,/home/divya/projects/IndianANPR/data/processed/npds_leakage_safe/labels/train/V_P_I_3109_jpg.rf.ec46bcae7d01b705903c58b4a93cfd7e.txt,0,1
npds_02274_V_P_I_470_jpg.rf.edd0885bab6660c634238bae29952530,npds,/home/divya/projects/IndianANPR/data/processed/npds_leakage_safe/images/train/V_P_I_470_jpg.rf.edd0885bab6660c634238bae29952530.jpg,/home/divya/projects/IndianANPR/data/processed/npds_leakage_safe/labels/train/V_P_I_470_jpg.rf.edd0885bab6660c634238bae29952530.txt,0,1
npds_02275_V_P_I_2113_jpg.rf.378afad3021fd53c0bd37bc7dc2c7741,npds,/home/divya/projects/IndianANPR/data/processed/npds_leakage_safe/images/train/V_P_I_2113_jpg.rf.378afad3021fd53c0bd37bc7dc2c7741.jpg,/home/divya/projects/IndianANPR/data/processed/npds_leakage_safe/labels/train/V_P_I_2113_jpg.rf.378afad3021fd53c0bd37bc7dc2c7741.txt,0,1
npds_02276_V_P_I_1432_jpg.rf.46bec82bad4aff36683642d8081af8ff,npds,/home/divya/projects/IndianANPR/data/processed/npds_leakage_safe/images/train/V_P_I_1432_jpg.rf.46bec82bad4aff36683642d8081af8ff.jpg,/home/divya/projects/IndianANPR/data/processed/npds_leakage_safe/labels/train/V_P_I_1432_jpg.rf.46bec82bad4aff36683642d8081af8ff.txt,0,1
npds_02277_V_P_I_711_jpg.rf.9bff8446b4396be6966df1234c564b21,npds,/home/divya/projects/IndianANPR/data/processed/npds_leakage_safe/images/train/V_P_I_711_jpg.rf.9bff8446b4396be6966df1234c564b21.jpg,/home/divya/projects/IndianANPR/data/processed/npds_leakage_safe/labels/train/V_P_I_711_jpg.rf.9bff8446b4396be6966df1234c564b21.txt,0,1
npds_02278_V_P_I_761_jpg.rf.bff710252789b0c552b185a6451aa983,npds,/home/divya/projects/IndianANPR/data/processed/npds_leakage_safe/images/train/V_P_I_761_jpg.rf.bff710252789b0c552b185a6451aa983.jpg,/home/divya/projects/IndianANPR/data/processed/npds_leakage_safe/labels/train/V_P_I_761_jpg.rf.bff710252789b0c552b185a6451aa983.txt,0,1
npds_02279_V_P_I_586_jpg.rf.64023c4ed06e42a30f833fb3bc1ca730,npds,/home/divya/projects/IndianANPR/data/processed/npds_leakage_safe/images/train/V_P_I_586_jpg.rf.64023c4ed06e42a30f833fb3bc1ca730.jpg,/home/divya/projects/IndianANPR/data/processed/npds_leakage_safe/labels/train/V_P_I_586_jpg.rf.64023c4ed06e42a30f833fb3bc1ca730.txt,0,1
npds_02280_V_P_I_3261_jpg.rf.2818ea9b3efa7e73fb8bc56c5cf0ccaa,npds,/home/divya/projects/IndianANPR/data/processed/npds_leakage_safe/images/train/V_P_I_3261_jpg.rf.2818ea9b3efa7e73fb8bc56c5cf0ccaa.jpg,/home/divya/projects/IndianANPR/data/processed/npds_leakage_safe/labels/train/V_P_I_3261_jpg.rf.2818ea9b3efa7e73fb8bc56c5cf0ccaa.txt,0,1
npds_02281_V_P_I_2752_jpg.rf.0d91fc1ae1e26fc677796dca61b42a02,npds,/home/divya/projects/IndianANPR/data/processed/npds_leakage_safe/images/train/V_P_I_2752_jpg.rf.0d91fc1ae1e26fc677796dca61b42a02.jpg,/home/divya/projects/IndianANPR/data/processed/npds_leakage_safe/labels/train/V_P_I_2752_jpg.rf.0d91fc1ae1e26fc677796dca61b42a02.txt,0,1
npds_02282_V_P_I_1317_jpg.rf.6ab7452538ef3b5619937a32c8e23b3c,npds,/home/divya/projects/IndianANPR/data/processed/npds_leakage_safe/images/train/V_P_I_1317_jpg.rf.6ab7452538ef3b5619937a32c8e23b3c.jpg,/home/divya/projects/IndianANPR/data/processed/npds_leakage_safe/labels/train/V_P_I_1317_jpg.rf.6ab7452538ef3b5619937a32c8e23b3c.txt,0,1
npds_02283_V_P_I_3118_jpg.rf.c1ea1120c22a10ed16b72cf474e89acd,npds,/home/divya/projects/IndianANPR/data/processed/npds_leakage_safe/images/train/V_P_I_3118_jpg.rf.c1ea1120c22a10ed16b72cf474e89acd.jpg,/home/divya/projects/IndianANPR/data/processed/npds_leakage_safe/labels/train/V_P_I_3118_jpg.rf.c1ea1120c22a10ed16b72cf474e89acd.txt,0,1
npds_02284_V_P_I_3197_jpg.rf.9f9d17f3780a7144e0341adf9581f3c0,npds,/home/divya/projects/IndianANPR/data/processed/npds_leakage_safe/images/train/V_P_I_3197_jpg.rf.9f9d17f3780a7144e0341adf9581f3c0.jpg,/home/divya/projects/IndianANPR/data/processed/npds_leakage_safe/labels/train/V_P_I_3197_jpg.rf.9f9d17f3780a7144e0341adf9581f3c0.txt,0,1
npds_02285_V_P_I_2414_jpg.rf.afe20965b5bdfebc6fb02bc073b6fc60,npds,/home/divya/projects/IndianANPR/data/processed/npds_leakage_safe/images/train/V_P_I_2414_jpg.rf.afe20965b5bdfebc6fb02bc073b6fc60.jpg,/home/divya/projects/IndianANPR/data/processed/npds_leakage_safe/labels/train/V_P_I_2414_jpg.rf.afe20965b5bdfebc6fb02bc073b6fc60.txt,0,1
npds_02286_V_P_I_2696_jpg.rf.105ba5d4b5820df4c8608b47a29a06dd,npds,/home/divya/projects/IndianANPR/data/processed/npds_leakage_safe/images/train/V_P_I_2696_jpg.rf.105ba5d4b5820df4c8608b47a29a06dd.jpg,/home/divya/projects/IndianANPR/data/processed/npds_leakage_safe/labels/train/V_P_I_2696_jpg.rf.105ba5d4b5820df4c8608b47a29a06dd.txt,0,1
npds_02287_V_P_I_550_jpg.rf.457e7ab2e694234afa8e4834b3e4ebbd,npds,/home/divya/projects/IndianANPR/data/processed/npds_leakage_safe/images/train/V_P_I_550_jpg.rf.457e7ab2e694234afa8e4834b3e4ebbd.jpg,/home/divya/projects/IndianANPR/data/processed/npds_leakage_safe/labels/train/V_P_I_550_jpg.rf.457e7ab2e694234afa8e4834b3e4ebbd.txt,0,1
npds_02288_V_P_I_1062_jpg.rf.670552561aeab0346193d3e045c15f98,npds,/home/divya/projects/IndianANPR/data/processed/npds_leakage_safe/images/train/V_P_I_1062_jpg.rf.670552561aeab0346193d3e045c15f98.jpg,/home/divya/projects/IndianANPR/data/processed/npds_leakage_safe/labels/train/V_P_I_1062_jpg.rf.670552561aeab0346193d3e045c15f98.txt,0,1
npds_02289_V_P_I_2219_jpg.rf.e77206005112116ccdad4177a5d13aaa,npds,/home/divya/projects/IndianANPR/data/processed/npds_leakage_safe/images/train/V_P_I_2219_jpg.rf.e77206005112116ccdad4177a5d13aaa.jpg,/home/divya/projects/IndianANPR/data/processed/npds_leakage_safe/labels/train/V_P_I_2219_jpg.rf.e77206005112116ccdad4177a5d13aaa.txt,0,1
npds_02290_V_P_I_2046_jpg.rf.018348f117daca9f323c240489edc5f3,npds,/home/divya/projects/IndianANPR/data/processed/npds_leakage_safe/images/train/V_P_I_2046_jpg.rf.018348f117daca9f323c240489edc5f3.jpg,/home/divya/projects/IndianANPR/data/processed/npds_leakage_safe/labels/train/V_P_I_2046_jpg.rf.018348f117daca9f323c240489edc5f3.txt,0,1
npds_02291_V_P_I_1598_jpg.rf.317a60b0f7d84fb09705837d0f28909f,npds,/home/divya/projects/IndianANPR/data/processed/npds_leakage_safe/images/train/V_P_I_1598_jpg.rf.317a60b0f7d84fb09705837d0f28909f.jpg,/home/divya/projects/IndianANPR/data/processed/npds_leakage_safe/labels/train/V_P_I_1598_jpg.rf.317a60b0f7d84fb09705837d0f28909f.txt,0,1
npds_02292_V_P_I_1699_jpg.rf.bcf706edab7c92ebd4895109f3e169ef,npds,/home/divya/projects/IndianANPR/data/processed/npds_leakage_safe/images/train/V_P_I_1699_jpg.rf.bcf706edab7c92ebd4895109f3e169ef.jpg,/home/divya/projects/IndianANPR/data/processed/npds_leakage_safe/labels/train/V_P_I_1699_jpg.rf.bcf706edab7c92ebd4895109f3e169ef.txt,0,1
npds_02293_V_P_I_214_jpg.rf.56894e674df37968bf3273ea929296cd,npds,/home/divya/projects/IndianANPR/data/processed/npds_leakage_safe/images/train/V_P_I_214_jpg.rf.56894e674df37968bf3273ea929296cd.jpg,/home/divya/projects/IndianANPR/data/processed/npds_leakage_safe/labels/train/V_P_I_214_jpg.rf.56894e674df37968bf3273ea929296cd.txt,0,1
npds_02294_V_P_I_378_jpg.rf.bf19c7007c273c5ce860732484111924,npds,/home/divya/projects/IndianANPR/data/processed/npds_leakage_safe/images/train/V_P_I_378_jpg.rf.bf19c7007c273c5ce860732484111924.jpg,/home/divya/projects/IndianANPR/data/processed/npds_leakage_safe/labels/train/V_P_I_378_jpg.rf.bf19c7007c273c5ce860732484111924.txt,0,1
npds_02295_V_P_I_2610_jpg.rf.ac9ef16927dd79aa688364e1161b3b29,npds,/home/divya/projects/IndianANPR/data/processed/npds_leakage_safe/images/train/V_P_I_2610_jpg.rf.ac9ef16927dd79aa688364e1161b3b29.jpg,/home/divya/projects/IndianANPR/data/processed/npds_leakage_safe/labels/train/V_P_I_2610_jpg.rf.ac9ef16927dd79aa688364e1161b3b29.txt,0,1
npds_02296_V_P_I_1637_jpg.rf.3424bf0abb5d45a90abd495177221352,npds,/home/divya/projects/IndianANPR/data/processed/npds_leakage_safe/images/train/V_P_I_1637_jpg.rf.3424bf0abb5d45a90abd495177221352.jpg,/home/divya/projects/IndianANPR/data/processed/npds_leakage_safe/labels/train/V_P_I_1637_jpg.rf.3424bf0abb5d45a90abd495177221352.txt,0,1
npds_02297_V_P_I_1744_jpg.rf.9c9e3b9f076b001d528bc8129fe8c03c,npds,/home/divya/projects/IndianANPR/data/processed/npds_leakage_safe/images/train/V_P_I_1744_jpg.rf.9c9e3b9f076b001d528bc8129fe8c03c.jpg,/home/divya/projects/IndianANPR/data/processed/npds_leakage_safe/labels/train/V_P_I_1744_jpg.rf.9c9e3b9f076b001d528bc8129fe8c03c.txt,0,1
npds_02298_V_P_I_1460_jpg.rf.d1a181695f18abc5cdd8be49ac3d43c7,npds,/home/divya/projects/IndianANPR/data/processed/npds_leakage_safe/images/train/V_P_I_1460_jpg.rf.d1a181695f18abc5cdd8be49ac3d43c7.jpg,/home/divya/projects/IndianANPR/data/processed/npds_leakage_safe/labels/train/V_P_I_1460_jpg.rf.d1a181695f18abc5cdd8be49ac3d43c7.txt,0,1
npds_02299_V_P_I_1512_jpg.rf.cd19a7239b857c434dd71e21a1787898,npds,/home/divya/projects/IndianANPR/data/processed/npds_leakage_safe/images/train/V_P_I_1512_jpg.rf.cd19a7239b857c434dd71e21a1787898.jpg,/home/divya/projects/IndianANPR/data/processed/npds_leakage_safe/labels/train/V_P_I_1512_jpg.rf.cd19a7239b857c434dd71e21a1787898.txt,0,1
npds_02300_V_P_I_1269_jpg.rf.3d1d3297dcfe27f6be20024047af278e,npds,/home/divya/projects/IndianANPR/data/processed/npds_leakage_safe/images/train/V_P_I_1269_jpg.rf.3d1d3297dcfe27f6be20024047af278e.jpg,/home/divya/projects/IndianANPR/data/processed/npds_leakage_safe/labels/train/V_P_I_1269_jpg.rf.3d1d3297dcfe27f6be20024047af278e.txt,0,1
npds_02301_V_P_I_1992_jpg.rf.71c6fd68fbefdd88106caa057b3d542e,npds,/home/divya/projects/IndianANPR/data/processed/npds_leakage_safe/images/train/V_P_I_1992_jpg.rf.71c6fd68fbefdd88106caa057b3d542e.jpg,/home/divya/projects/IndianANPR/data/processed/npds_leakage_safe/labels/train/V_P_I_1992_jpg.rf.71c6fd68fbefdd88106caa057b3d542e.txt,0,1
npds_02302_V_P_I_460_jpg.rf.fdf37500e60aa13f0e1b52b5ea167dda,npds,/home/divya/projects/IndianANPR/data/processed/npds_leakage_safe/images/train/V_P_I_460_jpg.rf.fdf37500e60aa13f0e1b52b5ea167dda.jpg,/home/divya/projects/IndianANPR/data/processed/npds_leakage_safe/labels/train/V_P_I_460_jpg.rf.fdf37500e60aa13f0e1b52b5ea167dda.txt,0,1
npds_02303_V_P_I_1342_jpg.rf.bdf635ea9ab1a75e7d30e1bbfd29c86b,npds,/home/divya/projects/IndianANPR/data/processed/npds_leakage_safe/images/train/V_P_I_1342_jpg.rf.bdf635ea9ab1a75e7d30e1bbfd29c86b.jpg,/home/divya/projects/IndianANPR/data/processed/npds_leakage_safe/labels/train/V_P_I_1342_jpg.rf.bdf635ea9ab1a75e7d30e1bbfd29c86b.txt,0,1
npds_02304_V_P_I_956_jpg.rf.b1f8f64c6760c63493404fae0d436181,npds,/home/divya/projects/IndianANPR/data/processed/npds_leakage_safe/images/train/V_P_I_956_jpg.rf.b1f8f64c6760c63493404fae0d436181.jpg,/home/divya/projects/IndianANPR/data/processed/npds_leakage_safe/labels/train/V_P_I_956_jpg.rf.b1f8f64c6760c63493404fae0d436181.txt,0,1
npds_02305_V_P_I_392_jpg.rf.fd575d14faf70d649e329afb03bbf249,npds,/home/divya/projects/IndianANPR/data/processed/npds_leakage_safe/images/train/V_P_I_392_jpg.rf.fd575d14faf70d649e329afb03bbf249.jpg,/home/divya/projects/IndianANPR/data/processed/npds_leakage_safe/labels/train/V_P_I_392_jpg.rf.fd575d14faf70d649e329afb03bbf249.txt,0,1
npds_02306_V_P_I_2798_jpg.rf.c4fb3e215d08aa753e5cef8778a701d1,npds,/home/divya/projects/IndianANPR/data/processed/npds_leakage_safe/images/train/V_P_I_2798_jpg.rf.c4fb3e215d08aa753e5cef8778a701d1.jpg,/home/divya/projects/IndianANPR/data/processed/npds_leakage_safe/labels/train/V_P_I_2798_jpg.rf.c4fb3e215d08aa753e5cef8778a701d1.txt,0,1
npds_02307_V_P_I_759_jpg.rf.77cf65c1336a5a7c92ecea103bfe30c1,npds,/home/divya/projects/IndianANPR/data/processed/npds_leakage_safe/images/train/V_P_I_759_jpg.rf.77cf65c1336a5a7c92ecea103bfe30c1.jpg,/home/divya/projects/IndianANPR/data/processed/npds_leakage_safe/labels/train/V_P_I_759_jpg.rf.77cf65c1336a5a7c92ecea103bfe30c1.txt,0,1
npds_02308_V_P_I_2752_jpg.rf.2086895bca6396f42b62723a6cc8539b,npds,/home/divya/projects/IndianANPR/data/processed/npds_leakage_safe/images/train/V_P_I_2752_jpg.rf.2086895bca6396f42b62723a6cc8539b.jpg,/home/divya/projects/IndianANPR/data/processed/npds_leakage_safe/labels/train/V_P_I_2752_jpg.rf.2086895bca6396f42b62723a6cc8539b.txt,0,1
npds_02309_V_P_I_1125_jpg.rf.808626013f5e4c4110b767d1b26d0f3e,npds,/home/divya/projects/IndianANPR/data/processed/npds_leakage_safe/images/train/V_P_I_1125_jpg.rf.808626013f5e4c4110b767d1b26d0f3e.jpg,/home/divya/projects/IndianANPR/data/processed/npds_leakage_safe/labels/train/V_P_I_1125_jpg.rf.808626013f5e4c4110b767d1b26d0f3e.txt,0,1
npds_02310_V_P_I_565_jpg.rf.5278afc0c01d60b2cadfc2abde47ecb5,npds,/home/divya/projects/IndianANPR/data/processed/npds_leakage_safe/images/train/V_P_I_565_jpg.rf.5278afc0c01d60b2cadfc2abde47ecb5.jpg,/home/divya/projects/IndianANPR/data/processed/npds_leakage_safe/labels/train/V_P_I_565_jpg.rf.5278afc0c01d60b2cadfc2abde47ecb5.txt,0,1
npds_02311_V_P_I_2135_jpg.rf.e227397549ef03311acd36f31e1ed2bd,npds,/home/divya/projects/IndianANPR/data/processed/npds_leakage_safe/images/train/V_P_I_2135_jpg.rf.e227397549ef03311acd36f31e1ed2bd.jpg,/home/divya/projects/IndianANPR/data/processed/npds_leakage_safe/labels/train/V_P_I_2135_jpg.rf.e227397549ef03311acd36f31e1ed2bd.txt,0,1
npds_02312_V_P_I_378_jpg.rf.ed2496b5803370cf0fe5c92e733b9d8b,npds,/home/divya/projects/IndianANPR/data/processed/npds_leakage_safe/images/train/V_P_I_378_jpg.rf.ed2496b5803370cf0fe5c92e733b9d8b.jpg,/home/divya/projects/IndianANPR/data/processed/npds_leakage_safe/labels/train/V_P_I_378_jpg.rf.ed2496b5803370cf0fe5c92e733b9d8b.txt,0,1
npds_02313_V_P_I_3026_jpg.rf.c955e4a3ea500b20c567db1140c98d3b,npds,/home/divya/projects/IndianANPR/data/processed/npds_leakage_safe/images/train/V_P_I_3026_jpg.rf.c955e4a3ea500b20c567db1140c98d3b.jpg,/home/divya/projects/IndianANPR/data/processed/npds_leakage_safe/labels/train/V_P_I_3026_jpg.rf.c955e4a3ea500b20c567db1140c98d3b.txt,0,1
npds_02314_V_P_I_1443_jpg.rf.5f418f8c844dd0eea17ddc9b9147d2a6,npds,/home/divya/projects/IndianANPR/data/processed/npds_leakage_safe/images/train/V_P_I_1443_jpg.rf.5f418f8c844dd0eea17ddc9b9147d2a6.jpg,/home/divya/projects/IndianANPR/data/processed/npds_leakage_safe/labels/train/V_P_I_1443_jpg.rf.5f418f8c844dd0eea17ddc9b9147d2a6.txt,0,2
npds_02315_V_P_I_2973_jpg.rf.a895dce8a56af075292c6caad28502ba,npds,/home/divya/projects/IndianANPR/data/processed/npds_leakage_safe/images/train/V_P_I_2973_jpg.rf.a895dce8a56af075292c6caad28502ba.jpg,/home/divya/projects/IndianANPR/data/processed/npds_leakage_safe/labels/train/V_P_I_2973_jpg.rf.a895dce8a56af075292c6caad28502ba.txt,0,1
npds_02316_V_P_I_2267_jpg.rf.5934d36cf3300bd183d49f1ea5cd97b7,npds,/home/divya/projects/IndianANPR/data/processed/npds_leakage_safe/images/train/V_P_I_2267_jpg.rf.5934d36cf3300bd183d49f1ea5cd97b7.jpg,/home/divya/projects/IndianANPR/data/processed/npds_leakage_safe/labels/train/V_P_I_2267_jpg.rf.5934d36cf3300bd183d49f1ea5cd97b7.txt,0,1
npds_02317_V_P_I_1511_jpg.rf.2b758f01a078278038bd44231186cfab,npds,/home/divya/projects/IndianANPR/data/processed/npds_leakage_safe/images/train/V_P_I_1511_jpg.rf.2b758f01a078278038bd44231186cfab.jpg,/home/divya/projects/IndianANPR/data/processed/npds_leakage_safe/labels/train/V_P_I_1511_jpg.rf.2b758f01a078278038bd44231186cfab.txt,0,1
npds_02318_V_P_I_1536_jpg.rf.8f7d7e284d2db2e4a9a8f0302ca0517f,npds,/home/divya/projects/IndianANPR/data/processed/npds_leakage_safe/images/train/V_P_I_1536_jpg.rf.8f7d7e284d2db2e4a9a8f0302ca0517f.jpg,/home/divya/projects/IndianANPR/data/processed/npds_leakage_safe/labels/train/V_P_I_1536_jpg.rf.8f7d7e284d2db2e4a9a8f0302ca0517f.txt,0,1
npds_02319_V_P_I_159_jpg.rf.34107c337b12d3f9e98bf5d9b9abdfc9,npds,/home/divya/projects/IndianANPR/data/processed/npds_leakage_safe/images/train/V_P_I_159_jpg.rf.34107c337b12d3f9e98bf5d9b9abdfc9.jpg,/home/divya/projects/IndianANPR/data/processed/npds_leakage_safe/labels/train/V_P_I_159_jpg.rf.34107c337b12d3f9e98bf5d9b9abdfc9.txt,0,1
npds_02320_V_P_I_3284_jpg.rf.a40cddc55bf30da10ddb0276ad0f2baf,npds,/home/divya/projects/IndianANPR/data/processed/npds_leakage_safe/images/train/V_P_I_3284_jpg.rf.a40cddc55bf30da10ddb0276ad0f2baf.jpg,/home/divya/projects/IndianANPR/data/processed/npds_leakage_safe/labels/train/V_P_I_3284_jpg.rf.a40cddc55bf30da10ddb0276ad0f2baf.txt,0,1
npds_02321_V_P_I_393_jpg.rf.45048762781b2afc4d6c8f6c42db94db,npds,/home/divya/projects/IndianANPR/data/processed/npds_leakage_safe/images/train/V_P_I_393_jpg.rf.45048762781b2afc4d6c8f6c42db94db.jpg,/home/divya/projects/IndianANPR/data/processed/npds_leakage_safe/labels/train/V_P_I_393_jpg.rf.45048762781b2afc4d6c8f6c42db94db.txt,0,1
npds_02322_V_P_I_3051_jpg.rf.5da5b88bd8120af0e28701bd957bbff8,npds,/home/divya/projects/IndianANPR/data/processed/npds_leakage_safe/images/train/V_P_I_3051_jpg.rf.5da5b88bd8120af0e28701bd957bbff8.jpg,/home/divya/projects/IndianANPR/data/processed/npds_leakage_safe/labels/train/V_P_I_3051_jpg.rf.5da5b88bd8120af0e28701bd957bbff8.txt,0,1
npds_02323_V_P_I_1546_jpg.rf.bf065f2001187d2dc9e7afe7d8d50225,npds,/home/divya/projects/IndianANPR/data/processed/npds_leakage_safe/images/train/V_P_I_1546_jpg.rf.bf065f2001187d2dc9e7afe7d8d50225.jpg,/home/divya/projects/IndianANPR/data/processed/npds_leakage_safe/labels/train/V_P_I_1546_jpg.rf.bf065f2001187d2dc9e7afe7d8d50225.txt,0,1
npds_02324_V_P_I_3394_jpg.rf.3131109a71894e59887c1a96d004015f,npds,/home/divya/projects/IndianANPR/data/processed/npds_leakage_safe/images/train/V_P_I_3394_jpg.rf.3131109a71894e59887c1a96d004015f.jpg,/home/divya/projects/IndianANPR/data/processed/npds_leakage_safe/labels/train/V_P_I_3394_jpg.rf.3131109a71894e59887c1a96d004015f.txt,0,1
npds_02325_V_P_I_2450_jpg.rf.bf49c846988cd90371bfc668bafc5bec,npds,/home/divya/projects/IndianANPR/data/processed/npds_leakage_safe/images/train/V_P_I_2450_jpg.rf.bf49c846988cd90371bfc668bafc5bec.jpg,/home/divya/projects/IndianANPR/data/processed/npds_leakage_safe/labels/train/V_P_I_2450_jpg.rf.bf49c846988cd90371bfc668bafc5bec.txt,0,2
npds_02326_V_P_I_683_jpg.rf.e2534f6013db40354d6fe2dded968cf0,npds,/home/divya/projects/IndianANPR/data/processed/npds_leakage_safe/images/train/V_P_I_683_jpg.rf.e2534f6013db40354d6fe2dded968cf0.jpg,/home/divya/projects/IndianANPR/data/processed/npds_leakage_safe/labels/train/V_P_I_683_jpg.rf.e2534f6013db40354d6fe2dded968cf0.txt,0,1
npds_02327_V_P_I_2375_jpg.rf.f14f6c4fdedc6350d2d42c4aeb7c038d,npds,/home/divya/projects/IndianANPR/data/processed/npds_leakage_safe/images/train/V_P_I_2375_jpg.rf.f14f6c4fdedc6350d2d42c4aeb7c038d.jpg,/home/divya/projects/IndianANPR/data/processed/npds_leakage_safe/labels/train/V_P_I_2375_jpg.rf.f14f6c4fdedc6350d2d42c4aeb7c038d.txt,0,1
npds_02328_V_P_I_2225_jpg.rf.031d243dca6381c7c5c8746cf9bfc0ae,npds,/home/divya/projects/IndianANPR/data/processed/npds_leakage_safe/images/train/V_P_I_2225_jpg.rf.031d243dca6381c7c5c8746cf9bfc0ae.jpg,/home/divya/projects/IndianANPR/data/processed/npds_leakage_safe/labels/train/V_P_I_2225_jpg.rf.031d243dca6381c7c5c8746cf9bfc0ae.txt,0,1
npds_02329_V_P_I_3217_jpg.rf.626cae48e37b0ebebaba5584b4cf376d,npds,/home/divya/projects/IndianANPR/data/processed/npds_leakage_safe/images/train/V_P_I_3217_jpg.rf.626cae48e37b0ebebaba5584b4cf376d.jpg,/home/divya/projects/IndianANPR/data/processed/npds_leakage_safe/labels/train/V_P_I_3217_jpg.rf.626cae48e37b0ebebaba5584b4cf376d.txt,0,1
npds_02330_V_P_I_3386_jpg.rf.9676af8268ca3607bdcc2feb97b0def1,npds,/home/divya/projects/IndianANPR/data/processed/npds_leakage_safe/images/train/V_P_I_3386_jpg.rf.9676af8268ca3607bdcc2feb97b0def1.jpg,/home/divya/projects/IndianANPR/data/processed/npds_leakage_safe/labels/train/V_P_I_3386_jpg.rf.9676af8268ca3607bdcc2feb97b0def1.txt,0,2
npds_02331_V_P_I_1778_jpg.rf.c92762c9ec5714e3b0c0389468ea6fd6,npds,/home/divya/projects/IndianANPR/data/processed/npds_leakage_safe/images/train/V_P_I_1778_jpg.rf.c92762c9ec5714e3b0c0389468ea6fd6.jpg,/home/divya/projects/IndianANPR/data/processed/npds_leakage_safe/labels/train/V_P_I_1778_jpg.rf.c92762c9ec5714e3b0c0389468ea6fd6.txt,0,1
npds_02332_V_P_I_2480_jpg.rf.73c1443807ea8ca36a02458afcb35ba6,npds,/home/divya/projects/IndianANPR/data/processed/npds_leakage_safe/images/train/V_P_I_2480_jpg.rf.73c1443807ea8ca36a02458afcb35ba6.jpg,/home/divya/projects/IndianANPR/data/processed/npds_leakage_safe/labels/train/V_P_I_2480_jpg.rf.73c1443807ea8ca36a02458afcb35ba6.txt,0,1
npds_02333_V_P_I_3006_jpg.rf.c95afcbafcbf6dac3ae0a36d1d6b64bf,npds,/home/divya/projects/IndianANPR/data/processed/npds_leakage_safe/images/train/V_P_I_3006_jpg.rf.c95afcbafcbf6dac3ae0a36d1d6b64bf.jpg,/home/divya/projects/IndianANPR/data/processed/npds_leakage_safe/labels/train/V_P_I_3006_jpg.rf.c95afcbafcbf6dac3ae0a36d1d6b64bf.txt,0,1
npds_02334_V_P_I_1960_jpg.rf.3acf1f4847079aefbe20e9b1bc77ce6e,npds,/home/divya/projects/IndianANPR/data/processed/npds_leakage_safe/images/train/V_P_I_1960_jpg.rf.3acf1f4847079aefbe20e9b1bc77ce6e.jpg,/home/divya/projects/IndianANPR/data/processed/npds_leakage_safe/labels/train/V_P_I_1960_jpg.rf.3acf1f4847079aefbe20e9b1bc77ce6e.txt,0,1
npds_02335_V_P_I_3511_jpg.rf.d73c914c4d3a02c5c027823589d801ca,npds,/home/divya/projects/IndianANPR/data/processed/npds_leakage_safe/images/train/V_P_I_3511_jpg.rf.d73c914c4d3a02c5c027823589d801ca.jpg,/home/divya/projects/IndianANPR/data/processed/npds_leakage_safe/labels/train/V_P_I_3511_jpg.rf.d73c914c4d3a02c5c027823589d801ca.txt,0,1
npds_02336_V_P_I_3499_jpg.rf.71c6316e50a518d8104d3acb0ee75e73,npds,/home/divya/projects/IndianANPR/data/processed/npds_leakage_safe/images/train/V_P_I_3499_jpg.rf.71c6316e50a518d8104d3acb0ee75e73.jpg,/home/divya/projects/IndianANPR/data/processed/npds_leakage_safe/labels/train/V_P_I_3499_jpg.rf.71c6316e50a518d8104d3acb0ee75e73.txt,0,1
npds_02337_V_P_I_448_jpg.rf.1535df72a93d31792e2808b1eeccf3b7,npds,/home/divya/projects/IndianANPR/data/processed/npds_leakage_safe/images/train/V_P_I_448_jpg.rf.1535df72a93d31792e2808b1eeccf3b7.jpg,/home/divya/projects/IndianANPR/data/processed/npds_leakage_safe/labels/train/V_P_I_448_jpg.rf.1535df72a93d31792e2808b1eeccf3b7.txt,0,1
npds_02338_V_P_I_2494_jpg.rf.f43617f2986ffe7ca9a04d508ad5cc13,npds,/home/divya/projects/IndianANPR/data/processed/npds_leakage_safe/images/train/V_P_I_2494_jpg.rf.f43617f2986ffe7ca9a04d508ad5cc13.jpg,/home/divya/projects/IndianANPR/data/processed/npds_leakage_safe/labels/train/V_P_I_2494_jpg.rf.f43617f2986ffe7ca9a04d508ad5cc13.txt,0,1
npds_02339_V_P_I_176_jpg.rf.2776aad9585df3026e10443080e87cd8,npds,/home/divya/projects/IndianANPR/data/processed/npds_leakage_safe/images/train/V_P_I_176_jpg.rf.2776aad9585df3026e10443080e87cd8.jpg,/home/divya/projects/IndianANPR/data/processed/npds_leakage_safe/labels/train/V_P_I_176_jpg.rf.2776aad9585df3026e10443080e87cd8.txt,0,1
npds_02340_V_P_I_277_jpg.rf.7b35529e6f3056abad186b10e2b6ff8b,npds,/home/divya/projects/IndianANPR/data/processed/npds_leakage_safe/images/train/V_P_I_277_jpg.rf.7b35529e6f3056abad186b10e2b6ff8b.jpg,/home/divya/projects/IndianANPR/data/processed/npds_leakage_safe/labels/train/V_P_I_277_jpg.rf.7b35529e6f3056abad186b10e2b6ff8b.txt,0,1
npds_02341_V_P_I_1783_jpg.rf.99787f21fe9ecec598ef4bb5ffe5eeda,npds,/home/divya/projects/IndianANPR/data/processed/npds_leakage_safe/images/train/V_P_I_1783_jpg.rf.99787f21fe9ecec598ef4bb5ffe5eeda.jpg,/home/divya/projects/IndianANPR/data/processed/npds_leakage_safe/labels/train/V_P_I_1783_jpg.rf.99787f21fe9ecec598ef4bb5ffe5eeda.txt,0,1
npds_02342_V_P_I_2047_jpg.rf.2f4c8274db3dea2069e0738464621d15,npds,/home/divya/projects/IndianANPR/data/processed/npds_leakage_safe/images/train/V_P_I_2047_jpg.rf.2f4c8274db3dea2069e0738464621d15.jpg,/home/divya/projects/IndianANPR/data/processed/npds_leakage_safe/labels/train/V_P_I_2047_jpg.rf.2f4c8274db3dea2069e0738464621d15.txt,0,1
npds_02343_V_P_I_44_jpg.rf.2a4e6d6c34f2f70be35e5785d841512e,npds,/home/divya/projects/IndianANPR/data/processed/npds_leakage_safe/images/train/V_P_I_44_jpg.rf.2a4e6d6c34f2f70be35e5785d841512e.jpg,/home/divya/projects/IndianANPR/data/processed/npds_leakage_safe/labels/train/V_P_I_44_jpg.rf.2a4e6d6c34f2f70be35e5785d841512e.txt,0,1
npds_02344_V_P_I_2562_jpg.rf.4251dc64fb6c23b62325ebc8c9515585,npds,/home/divya/projects/IndianANPR/data/processed/npds_leakage_safe/images/train/V_P_I_2562_jpg.rf.4251dc64fb6c23b62325ebc8c9515585.jpg,/home/divya/projects/IndianANPR/data/processed/npds_leakage_safe/labels/train/V_P_I_2562_jpg.rf.4251dc64fb6c23b62325ebc8c9515585.txt,0,1
npds_02345_V_P_I_1641_jpg.rf.7135ad68fa4bfc5ca713381170005f76,npds,/home/divya/projects/IndianANPR/data/processed/npds_leakage_safe/images/train/V_P_I_1641_jpg.rf.7135ad68fa4bfc5ca713381170005f76.jpg,/home/divya/projects/IndianANPR/data/processed/npds_leakage_safe/labels/train/V_P_I_1641_jpg.rf.7135ad68fa4bfc5ca713381170005f76.txt,0,1
npds_02346_V_P_I_2234_jpg.rf.0615aac47ee366309ea8b80873be7e34,npds,/home/divya/projects/IndianANPR/data/processed/npds_leakage_safe/images/train/V_P_I_2234_jpg.rf.0615aac47ee366309ea8b80873be7e34.jpg,/home/divya/projects/IndianANPR/data/processed/npds_leakage_safe/labels/train/V_P_I_2234_jpg.rf.0615aac47ee366309ea8b80873be7e34.txt,0,2
npds_02347_V_P_I_3228_jpg.rf.324aae2a691ff213d33948cd18fe0981,npds,/home/divya/projects/IndianANPR/data/processed/npds_leakage_safe/images/train/V_P_I_3228_jpg.rf.324aae2a691ff213d33948cd18fe0981.jpg,/home/divya/projects/IndianANPR/data/processed/npds_leakage_safe/labels/train/V_P_I_3228_jpg.rf.324aae2a691ff213d33948cd18fe0981.txt,0,1
npds_02348_V_P_I_2886_jpg.rf.7fa8dc99d1a143f880534c2a44117e50,npds,/home/divya/projects/IndianANPR/data/processed/npds_leakage_safe/images/train/V_P_I_2886_jpg.rf.7fa8dc99d1a143f880534c2a44117e50.jpg,/home/divya/projects/IndianANPR/data/processed/npds_leakage_safe/labels/train/V_P_I_2886_jpg.rf.7fa8dc99d1a143f880534c2a44117e50.txt,0,1
npds_02349_V_P_I_2469_jpg.rf.3c2a6358c435a46aa24fe2280eb07044,npds,/home/divya/projects/IndianANPR/data/processed/npds_leakage_safe/images/train/V_P_I_2469_jpg.rf.3c2a6358c435a46aa24fe2280eb07044.jpg,/home/divya/projects/IndianANPR/data/processed/npds_leakage_safe/labels/train/V_P_I_2469_jpg.rf.3c2a6358c435a46aa24fe2280eb07044.txt,0,1
npds_02350_V_P_I_805_jpg.rf.2537c66dc3d0830329a6d62fdcf6043c,npds,/home/divya/projects/IndianANPR/data/processed/npds_leakage_safe/images/train/V_P_I_805_jpg.rf.2537c66dc3d0830329a6d62fdcf6043c.jpg,/home/divya/projects/IndianANPR/data/processed/npds_leakage_safe/labels/train/V_P_I_805_jpg.rf.2537c66dc3d0830329a6d62fdcf6043c.txt,0,1
npds_02351_V_P_I_389_jpg.rf.d949ad5f69bc344470029c8ef8011c7d,npds,/home/divya/projects/IndianANPR/data/processed/npds_leakage_safe/images/train/V_P_I_389_jpg.rf.d949ad5f69bc344470029c8ef8011c7d.jpg,/home/divya/projects/IndianANPR/data/processed/npds_leakage_safe/labels/train/V_P_I_389_jpg.rf.d949ad5f69bc344470029c8ef8011c7d.txt,0,1
npds_02352_V_P_I_893_jpg.rf.d22cb586cf2d5d3b90b49aedc39360cd,npds,/home/divya/projects/IndianANPR/data/processed/npds_leakage_safe/images/train/V_P_I_893_jpg.rf.d22cb586cf2d5d3b90b49aedc39360cd.jpg,/home/divya/projects/IndianANPR/data/processed/npds_leakage_safe/labels/train/V_P_I_893_jpg.rf.d22cb586cf2d5d3b90b49aedc39360cd.txt,0,1
npds_02353_V_P_I_422_jpg.rf.582bad5df93b6f835bd8f4932e5d6a07,npds,/home/divya/projects/IndianANPR/data/processed/npds_leakage_safe/images/train/V_P_I_422_jpg.rf.582bad5df93b6f835bd8f4932e5d6a07.jpg,/home/divya/projects/IndianANPR/data/processed/npds_leakage_safe/labels/train/V_P_I_422_jpg.rf.582bad5df93b6f835bd8f4932e5d6a07.txt,0,1
npds_02354_V_P_I_2290_jpg.rf.9316ed8b01cc74de1d9256f5a948ea30,npds,/home/divya/projects/IndianANPR/data/processed/npds_leakage_safe/images/train/V_P_I_2290_jpg.rf.9316ed8b01cc74de1d9256f5a948ea30.jpg,/home/divya/projects/IndianANPR/data/processed/npds_leakage_safe/labels/train/V_P_I_2290_jpg.rf.9316ed8b01cc74de1d9256f5a948ea30.txt,0,2
npds_02355_V_P_I_2677_jpg.rf.97113fb5a452e7a4afe07e9c54d06f69,npds,/home/divya/projects/IndianANPR/data/processed/npds_leakage_safe/images/train/V_P_I_2677_jpg.rf.97113fb5a452e7a4afe07e9c54d06f69.jpg,/home/divya/projects/IndianANPR/data/processed/npds_leakage_safe/labels/train/V_P_I_2677_jpg.rf.97113fb5a452e7a4afe07e9c54d06f69.txt,0,1
npds_02356_V_P_I_2754_jpg.rf.e7b3f32df2a510d5f67ccad4597ab843,npds,/home/divya/projects/IndianANPR/data/processed/npds_leakage_safe/images/train/V_P_I_2754_jpg.rf.e7b3f32df2a510d5f67ccad4597ab843.jpg,/home/divya/projects/IndianANPR/data/processed/npds_leakage_safe/labels/train/V_P_I_2754_jpg.rf.e7b3f32df2a510d5f67ccad4597ab843.txt,0,1
npds_02357_V_P_I_2400_jpg.rf.3effc8339a489c6882937f770b735478,npds,/home/divya/projects/IndianANPR/data/processed/npds_leakage_safe/images/train/V_P_I_2400_jpg.rf.3effc8339a489c6882937f770b735478.jpg,/home/divya/projects/IndianANPR/data/processed/npds_leakage_safe/labels/train/V_P_I_2400_jpg.rf.3effc8339a489c6882937f770b735478.txt,0,1
npds_02358_V_P_I_1535_jpg.rf.8a1306eaea89f22e91e05ee62ad37b2c,npds,/home/divya/projects/IndianANPR/data/processed/npds_leakage_safe/images/train/V_P_I_1535_jpg.rf.8a1306eaea89f22e91e05ee62ad37b2c.jpg,/home/divya/projects/IndianANPR/data/processed/npds_leakage_safe/labels/train/V_P_I_1535_jpg.rf.8a1306eaea89f22e91e05ee62ad37b2c.txt,0,1
npds_02359_V_P_I_1659_jpg.rf.6d825e37e871f006f05b0544d6a1ca7e,npds,/home/divya/projects/IndianANPR/data/processed/npds_leakage_safe/images/train/V_P_I_1659_jpg.rf.6d825e37e871f006f05b0544d6a1ca7e.jpg,/home/divya/projects/IndianANPR/data/processed/npds_leakage_safe/labels/train/V_P_I_1659_jpg.rf.6d825e37e871f006f05b0544d6a1ca7e.txt,0,1
npds_02360_V_P_I_2994_jpg.rf.fa193f4a2c82489c1a75f7a755d78e9e,npds,/home/divya/projects/IndianANPR/data/processed/npds_leakage_safe/images/train/V_P_I_2994_jpg.rf.fa193f4a2c82489c1a75f7a755d78e9e.jpg,/home/divya/projects/IndianANPR/data/processed/npds_leakage_safe/labels/train/V_P_I_2994_jpg.rf.fa193f4a2c82489c1a75f7a755d78e9e.txt,0,1
npds_02361_V_P_I_821_jpg.rf.773ce23d0b203bab8b07f7a1f7209ba3,npds,/home/divya/projects/IndianANPR/data/processed/npds_leakage_safe/images/train/V_P_I_821_jpg.rf.773ce23d0b203bab8b07f7a1f7209ba3.jpg,/home/divya/projects/IndianANPR/data/processed/npds_leakage_safe/labels/train/V_P_I_821_jpg.rf.773ce23d0b203bab8b07f7a1f7209ba3.txt,0,1
npds_02362_V_P_I_1819_jpg.rf.5d9214c569083c8d73fb4fa4d520e781,npds,/home/divya/projects/IndianANPR/data/processed/npds_leakage_safe/images/train/V_P_I_1819_jpg.rf.5d9214c569083c8d73fb4fa4d520e781.jpg,/home/divya/projects/IndianANPR/data/processed/npds_leakage_safe/labels/train/V_P_I_1819_jpg.rf.5d9214c569083c8d73fb4fa4d520e781.txt,0,1
npds_02363_V_P_I_116_jpg.rf.e64cf301323c7b7c2a83b85ef17bef6b,npds,/home/divya/projects/IndianANPR/data/processed/npds_leakage_safe/images/train/V_P_I_116_jpg.rf.e64cf301323c7b7c2a83b85ef17bef6b.jpg,/home/divya/projects/IndianANPR/data/processed/npds_leakage_safe/labels/train/V_P_I_116_jpg.rf.e64cf301323c7b7c2a83b85ef17bef6b.txt,0,1
npds_02364_V_P_I_3104_jpg.rf.3f980169d126deaee21d8c16850dada4,npds,/home/divya/projects/IndianANPR/data/processed/npds_leakage_safe/images/train/V_P_I_3104_jpg.rf.3f980169d126deaee21d8c16850dada4.jpg,/home/divya/projects/IndianANPR/data/processed/npds_leakage_safe/labels/train/V_P_I_3104_jpg.rf.3f980169d126deaee21d8c16850dada4.txt,0,1
npds_02365_V_P_I_2598_jpg.rf.c12aecbeea9040dca517cdd24937fe9f,npds,/home/divya/projects/IndianANPR/data/processed/npds_leakage_safe/images/train/V_P_I_2598_jpg.rf.c12aecbeea9040dca517cdd24937fe9f.jpg,/home/divya/projects/IndianANPR/data/processed/npds_leakage_safe/labels/train/V_P_I_2598_jpg.rf.c12aecbeea9040dca517cdd24937fe9f.txt,0,1
npds_02366_V_P_I_2249_jpg.rf.57f37daae4f92a36f8d8cf531d3e0356,npds,/home/divya/projects/IndianANPR/data/processed/npds_leakage_safe/images/train/V_P_I_2249_jpg.rf.57f37daae4f92a36f8d8cf531d3e0356.jpg,/home/divya/projects/IndianANPR/data/processed/npds_leakage_safe/labels/train/V_P_I_2249_jpg.rf.57f37daae4f92a36f8d8cf531d3e0356.txt,0,1
npds_02367_V_P_I_2840_jpg.rf.5a552752b887ae9f4beff3663c911ec6,npds,/home/divya/projects/IndianANPR/data/processed/npds_leakage_safe/images/train/V_P_I_2840_jpg.rf.5a552752b887ae9f4beff3663c911ec6.jpg,/home/divya/projects/IndianANPR/data/processed/npds_leakage_safe/labels/train/V_P_I_2840_jpg.rf.5a552752b887ae9f4beff3663c911ec6.txt,0,1
npds_02368_V_P_I_745_jpg.rf.f397615bdb8e6b4fe99be772add573d6,npds,/home/divya/projects/IndianANPR/data/processed/npds_leakage_safe/images/train/V_P_I_745_jpg.rf.f397615bdb8e6b4fe99be772add573d6.jpg,/home/divya/projects/IndianANPR/data/processed/npds_leakage_safe/labels/train/V_P_I_745_jpg.rf.f397615bdb8e6b4fe99be772add573d6.txt,0,1
npds_02369_V_P_I_3361_jpg.rf.9fd67ba1f562484cb7cd7aa1c7cf9453,npds,/home/divya/projects/IndianANPR/data/processed/npds_leakage_safe/images/train/V_P_I_3361_jpg.rf.9fd67ba1f562484cb7cd7aa1c7cf9453.jpg,/home/divya/projects/IndianANPR/data/processed/npds_leakage_safe/labels/train/V_P_I_3361_jpg.rf.9fd67ba1f562484cb7cd7aa1c7cf9453.txt,0,1
npds_02370_V_P_I_271_jpg.rf.5f480cab29c26ceeea02c6821c278a36,npds,/home/divya/projects/IndianANPR/data/processed/npds_leakage_safe/images/train/V_P_I_271_jpg.rf.5f480cab29c26ceeea02c6821c278a36.jpg,/home/divya/projects/IndianANPR/data/processed/npds_leakage_safe/labels/train/V_P_I_271_jpg.rf.5f480cab29c26ceeea02c6821c278a36.txt,0,1
npds_02371_V_P_I_1423_jpg.rf.d5c3fc8e7a549f25c3f59b5fb66dd378,npds,/home/divya/projects/IndianANPR/data/processed/npds_leakage_safe/images/train/V_P_I_1423_jpg.rf.d5c3fc8e7a549f25c3f59b5fb66dd378.jpg,/home/divya/projects/IndianANPR/data/processed/npds_leakage_safe/labels/train/V_P_I_1423_jpg.rf.d5c3fc8e7a549f25c3f59b5fb66dd378.txt,0,1
npds_02372_V_P_I_1960_jpg.rf.7e3569db6853e0172a5ff31dc7380ef8,npds,/home/divya/projects/IndianANPR/data/processed/npds_leakage_safe/images/train/V_P_I_1960_jpg.rf.7e3569db6853e0172a5ff31dc7380ef8.jpg,/home/divya/projects/IndianANPR/data/processed/npds_leakage_safe/labels/train/V_P_I_1960_jpg.rf.7e3569db6853e0172a5ff31dc7380ef8.txt,0,1
npds_02373_V_P_I_1289_jpg.rf.4fb8e689a4f4eb157cb72047e2aae06b,npds,/home/divya/projects/IndianANPR/data/processed/npds_leakage_safe/images/train/V_P_I_1289_jpg.rf.4fb8e689a4f4eb157cb72047e2aae06b.jpg,/home/divya/projects/IndianANPR/data/processed/npds_leakage_safe/labels/train/V_P_I_1289_jpg.rf.4fb8e689a4f4eb157cb72047e2aae06b.txt,0,1
npds_02374_V_P_I_966_jpg.rf.40adcb1fd112e814a80240648117c4fd,npds,/home/divya/projects/IndianANPR/data/processed/npds_leakage_safe/images/train/V_P_I_966_jpg.rf.40adcb1fd112e814a80240648117c4fd.jpg,/home/divya/projects/IndianANPR/data/processed/npds_leakage_safe/labels/train/V_P_I_966_jpg.rf.40adcb1fd112e814a80240648117c4fd.txt,0,1
npds_02375_V_P_I_152_jpg.rf.a3b4e8d8a2abd50d6f3aeac00c278fb4,npds,/home/divya/projects/IndianANPR/data/processed/npds_leakage_safe/images/train/V_P_I_152_jpg.rf.a3b4e8d8a2abd50d6f3aeac00c278fb4.jpg,/home/divya/projects/IndianANPR/data/processed/npds_leakage_safe/labels/train/V_P_I_152_jpg.rf.a3b4e8d8a2abd50d6f3aeac00c278fb4.txt,0,1
npds_02376_V_P_I_1904_jpg.rf.b4115f786c9358d3b460fd0935a9ac79,npds,/home/divya/projects/IndianANPR/data/processed/npds_leakage_safe/images/train/V_P_I_1904_jpg.rf.b4115f786c9358d3b460fd0935a9ac79.jpg,/home/divya/projects/IndianANPR/data/processed/npds_leakage_safe/labels/train/V_P_I_1904_jpg.rf.b4115f786c9358d3b460fd0935a9ac79.txt,0,1
npds_02377_V_P_I_2495_jpg.rf.f6beea42f3f4eb1f64a973efd0b3a22c,npds,/home/divya/projects/IndianANPR/data/processed/npds_leakage_safe/images/train/V_P_I_2495_jpg.rf.f6beea42f3f4eb1f64a973efd0b3a22c.jpg,/home/divya/projects/IndianANPR/data/processed/npds_leakage_safe/labels/train/V_P_I_2495_jpg.rf.f6beea42f3f4eb1f64a973efd0b3a22c.txt,0,1
npds_02378_V_P_I_2713_jpg.rf.7d67c9073dd8d596dfa0615b80ec133f,npds,/home/divya/projects/IndianANPR/data/processed/npds_leakage_safe/images/train/V_P_I_2713_jpg.rf.7d67c9073dd8d596dfa0615b80ec133f.jpg,/home/divya/projects/IndianANPR/data/processed/npds_leakage_safe/labels/train/V_P_I_2713_jpg.rf.7d67c9073dd8d596dfa0615b80ec133f.txt,0,1
npds_02379_V_P_I_842_jpg.rf.a4e30cb1974ab9ecef8200982b314ad9,npds,/home/divya/projects/IndianANPR/data/processed/npds_leakage_safe/images/train/V_P_I_842_jpg.rf.a4e30cb1974ab9ecef8200982b314ad9.jpg,/home/divya/projects/IndianANPR/data/processed/npds_leakage_safe/labels/train/V_P_I_842_jpg.rf.a4e30cb1974ab9ecef8200982b314ad9.txt,0,1
npds_02380_V_P_I_2450_jpg.rf.29502a06b8b33807f61e44c15b6fa09f,npds,/home/divya/projects/IndianANPR/data/processed/npds_leakage_safe/images/train/V_P_I_2450_jpg.rf.29502a06b8b33807f61e44c15b6fa09f.jpg,/home/divya/projects/IndianANPR/data/processed/npds_leakage_safe/labels/train/V_P_I_2450_jpg.rf.29502a06b8b33807f61e44c15b6fa09f.txt,0,2
npds_02381_V_P_I_1310_jpg.rf.1c88479b3ad2da51248fd39687539702,npds,/home/divya/projects/IndianANPR/data/processed/npds_leakage_safe/images/train/V_P_I_1310_jpg.rf.1c88479b3ad2da51248fd39687539702.jpg,/home/divya/projects/IndianANPR/data/processed/npds_leakage_safe/labels/train/V_P_I_1310_jpg.rf.1c88479b3ad2da51248fd39687539702.txt,0,1
npds_02382_V_P_I_1730_jpg.rf.19d30b41a74cf04b5efd03d690221705,npds,/home/divya/projects/IndianANPR/data/processed/npds_leakage_safe/images/train/V_P_I_1730_jpg.rf.19d30b41a74cf04b5efd03d690221705.jpg,/home/divya/projects/IndianANPR/data/processed/npds_leakage_safe/labels/train/V_P_I_1730_jpg.rf.19d30b41a74cf04b5efd03d690221705.txt,0,1
npds_02383_V_P_I_249_jpg.rf.5955fc27c4b2059bf57a2eb31f416172,npds,/home/divya/projects/IndianANPR/data/processed/npds_leakage_safe/images/train/V_P_I_249_jpg.rf.5955fc27c4b2059bf57a2eb31f416172.jpg,/home/divya/projects/IndianANPR/data/processed/npds_leakage_safe/labels/train/V_P_I_249_jpg.rf.5955fc27c4b2059bf57a2eb31f416172.txt,0,1
npds_02384_V_P_I_2173_jpg.rf.a5ef291316fa01821b22665a1fc0e9a6,npds,/home/divya/projects/IndianANPR/data/processed/npds_leakage_safe/images/train/V_P_I_2173_jpg.rf.a5ef291316fa01821b22665a1fc0e9a6.jpg,/home/divya/projects/IndianANPR/data/processed/npds_leakage_safe/labels/train/V_P_I_2173_jpg.rf.a5ef291316fa01821b22665a1fc0e9a6.txt,0,2
npds_02385_V_P_I_1083_jpg.rf.f2938e8a8da930b6c31d034cd33282fe,npds,/home/divya/projects/IndianANPR/data/processed/npds_leakage_safe/images/train/V_P_I_1083_jpg.rf.f2938e8a8da930b6c31d034cd33282fe.jpg,/home/divya/projects/IndianANPR/data/processed/npds_leakage_safe/labels/train/V_P_I_1083_jpg.rf.f2938e8a8da930b6c31d034cd33282fe.txt,0,2
npds_02386_V_P_I_618_jpg.rf.bc7817301327f1f03211561b3ae46d66,npds,/home/divya/projects/IndianANPR/data/processed/npds_leakage_safe/images/train/V_P_I_618_jpg.rf.bc7817301327f1f03211561b3ae46d66.jpg,/home/divya/projects/IndianANPR/data/processed/npds_leakage_safe/labels/train/V_P_I_618_jpg.rf.bc7817301327f1f03211561b3ae46d66.txt,0,3
npds_02387_V_P_I_1176_jpg.rf.b02ae7770dabced2883141334068bf75,npds,/home/divya/projects/IndianANPR/data/processed/npds_leakage_safe/images/train/V_P_I_1176_jpg.rf.b02ae7770dabced2883141334068bf75.jpg,/home/divya/projects/IndianANPR/data/processed/npds_leakage_safe/labels/train/V_P_I_1176_jpg.rf.b02ae7770dabced2883141334068bf75.txt,0,1
npds_02388_V_P_I_2333_jpg.rf.600fa3de6874cfccf2b00e8c52599b57,npds,/home/divya/projects/IndianANPR/data/processed/npds_leakage_safe/images/train/V_P_I_2333_jpg.rf.600fa3de6874cfccf2b00e8c52599b57.jpg,/home/divya/projects/IndianANPR/data/processed/npds_leakage_safe/labels/train/V_P_I_2333_jpg.rf.600fa3de6874cfccf2b00e8c52599b57.txt,0,2
npds_02389_V_P_I_2671_jpg.rf.0f7c0684ff9de5534bba175e126cc25c,npds,/home/divya/projects/IndianANPR/data/processed/npds_leakage_safe/images/train/V_P_I_2671_jpg.rf.0f7c0684ff9de5534bba175e126cc25c.jpg,/home/divya/projects/IndianANPR/data/processed/npds_leakage_safe/labels/train/V_P_I_2671_jpg.rf.0f7c0684ff9de5534bba175e126cc25c.txt,0,1
npds_02390_V_P_I_956_jpg.rf.4d1b0c518f353cd12eb2daa537541b49,npds,/home/divya/projects/IndianANPR/data/processed/npds_leakage_safe/images/train/V_P_I_956_jpg.rf.4d1b0c518f353cd12eb2daa537541b49.jpg,/home/divya/projects/IndianANPR/data/processed/npds_leakage_safe/labels/train/V_P_I_956_jpg.rf.4d1b0c518f353cd12eb2daa537541b49.txt,0,1
npds_02391_V_P_I_1774_jpg.rf.81bb36999bd9f9f5cb6700869bd3a82b,npds,/home/divya/projects/IndianANPR/data/processed/npds_leakage_safe/images/train/V_P_I_1774_jpg.rf.81bb36999bd9f9f5cb6700869bd3a82b.jpg,/home/divya/projects/IndianANPR/data/processed/npds_leakage_safe/labels/train/V_P_I_1774_jpg.rf.81bb36999bd9f9f5cb6700869bd3a82b.txt,0,1
npds_02392_V_P_I_2305_jpg.rf.2a761c1c1d7f3db0a9ec9be3b9523aa6,npds,/home/divya/projects/IndianANPR/data/processed/npds_leakage_safe/images/train/V_P_I_2305_jpg.rf.2a761c1c1d7f3db0a9ec9be3b9523aa6.jpg,/home/divya/projects/IndianANPR/data/processed/npds_leakage_safe/labels/train/V_P_I_2305_jpg.rf.2a761c1c1d7f3db0a9ec9be3b9523aa6.txt,0,1
npds_02393_V_P_I_1283_jpg.rf.a7094be2792cd06375fd2919f463898b,npds,/home/divya/projects/IndianANPR/data/processed/npds_leakage_safe/images/train/V_P_I_1283_jpg.rf.a7094be2792cd06375fd2919f463898b.jpg,/home/divya/projects/IndianANPR/data/processed/npds_leakage_safe/labels/train/V_P_I_1283_jpg.rf.a7094be2792cd06375fd2919f463898b.txt,0,1
npds_02394_V_P_I_2262_jpg.rf.9e61c07367cac325d53a3e905f621b1a,npds,/home/divya/projects/IndianANPR/data/processed/npds_leakage_safe/images/train/V_P_I_2262_jpg.rf.9e61c07367cac325d53a3e905f621b1a.jpg,/home/divya/projects/IndianANPR/data/processed/npds_leakage_safe/labels/train/V_P_I_2262_jpg.rf.9e61c07367cac325d53a3e905f621b1a.txt,0,1
npds_02395_V_P_I_1738_jpg.rf.cf936983328a5119ef33ebf445cb7a14,npds,/home/divya/projects/IndianANPR/data/processed/npds_leakage_safe/images/train/V_P_I_1738_jpg.rf.cf936983328a5119ef33ebf445cb7a14.jpg,/home/divya/projects/IndianANPR/data/processed/npds_leakage_safe/labels/train/V_P_I_1738_jpg.rf.cf936983328a5119ef33ebf445cb7a14.txt,0,1
npds_02396_V_P_I_108_jpg.rf.1e1d805e83f625cbda5b235f0b41f463,npds,/home/divya/projects/IndianANPR/data/processed/npds_leakage_safe/images/train/V_P_I_108_jpg.rf.1e1d805e83f625cbda5b235f0b41f463.jpg,/home/divya/projects/IndianANPR/data/processed/npds_leakage_safe/labels/train/V_P_I_108_jpg.rf.1e1d805e83f625cbda5b235f0b41f463.txt,0,1
npds_02397_V_P_I_2082_jpg.rf.26d6aa979ce6d28a2b7eb6fe4659fc38,npds,/home/divya/projects/IndianANPR/data/processed/npds_leakage_safe/images/train/V_P_I_2082_jpg.rf.26d6aa979ce6d28a2b7eb6fe4659fc38.jpg,/home/divya/projects/IndianANPR/data/processed/npds_leakage_safe/labels/train/V_P_I_2082_jpg.rf.26d6aa979ce6d28a2b7eb6fe4659fc38.txt,0,1
npds_02398_V_P_I_1337_jpg.rf.6647008e99b36fb5eba6c9298af856ef,npds,/home/divya/projects/IndianANPR/data/processed/npds_leakage_safe/images/train/V_P_I_1337_jpg.rf.6647008e99b36fb5eba6c9298af856ef.jpg,/home/divya/projects/IndianANPR/data/processed/npds_leakage_safe/labels/train/V_P_I_1337_jpg.rf.6647008e99b36fb5eba6c9298af856ef.txt,0,1
npds_02399_V_P_I_3372_jpg.rf.c1c12a7ab49b5216a8af886b17e9f1f9,npds,/home/divya/projects/IndianANPR/data/processed/npds_leakage_safe/images/train/V_P_I_3372_jpg.rf.c1c12a7ab49b5216a8af886b17e9f1f9.jpg,/home/divya/projects/IndianANPR/data/processed/npds_leakage_safe/labels/train/V_P_I_3372_jpg.rf.c1c12a7ab49b5216a8af886b17e9f1f9.txt,0,1
npds_02400_V_P_I_3135_jpg.rf.948064644b1bbbb76e3e39fad6a28aef,npds,/home/divya/projects/IndianANPR/data/processed/npds_leakage_safe/images/train/V_P_I_3135_jpg.rf.948064644b1bbbb76e3e39fad6a28aef.jpg,/home/divya/projects/IndianANPR/data/processed/npds_leakage_safe/labels/train/V_P_I_3135_jpg.rf.948064644b1bbbb76e3e39fad6a28aef.txt,0,1
npds_02401_V_P_I_2132_jpg.rf.011da92c04d96cfd698d21bc400070f3,npds,/home/divya/projects/IndianANPR/data/processed/npds_leakage_safe/images/train/V_P_I_2132_jpg.rf.011da92c04d96cfd698d21bc400070f3.jpg,/home/divya/projects/IndianANPR/data/processed/npds_leakage_safe/labels/train/V_P_I_2132_jpg.rf.011da92c04d96cfd698d21bc400070f3.txt,0,1
npds_02402_V_P_I_470_jpg.rf.2888c6c8fdf8e1edff9e0cb8562fed53,npds,/home/divya/projects/IndianANPR/data/processed/npds_leakage_safe/images/train/V_P_I_470_jpg.rf.2888c6c8fdf8e1edff9e0cb8562fed53.jpg,/home/divya/projects/IndianANPR/data/processed/npds_leakage_safe/labels/train/V_P_I_470_jpg.rf.2888c6c8fdf8e1edff9e0cb8562fed53.txt,0,1
npds_02403_V_P_I_1487_jpg.rf.600a1d88fa388ef6ccda549a45c1f1b2,npds,/home/divya/projects/IndianANPR/data/processed/npds_leakage_safe/images/train/V_P_I_1487_jpg.rf.600a1d88fa388ef6ccda549a45c1f1b2.jpg,/home/divya/projects/IndianANPR/data/processed/npds_leakage_safe/labels/train/V_P_I_1487_jpg.rf.600a1d88fa388ef6ccda549a45c1f1b2.txt,0,1
npds_02404_V_P_I_1460_jpg.rf.d492aab9f9d65efa399b4a2175f6466f,npds,/home/divya/projects/IndianANPR/data/processed/npds_leakage_safe/images/train/V_P_I_1460_jpg.rf.d492aab9f9d65efa399b4a2175f6466f.jpg,/home/divya/projects/IndianANPR/data/processed/npds_leakage_safe/labels/train/V_P_I_1460_jpg.rf.d492aab9f9d65efa399b4a2175f6466f.txt,0,1
npds_02405_V_P_I_1126_jpg.rf.fcadbe1617c2132eb4fe1d711b18db4c,npds,/home/divya/projects/IndianANPR/data/processed/npds_leakage_safe/images/train/V_P_I_1126_jpg.rf.fcadbe1617c2132eb4fe1d711b18db4c.jpg,/home/divya/projects/IndianANPR/data/processed/npds_leakage_safe/labels/train/V_P_I_1126_jpg.rf.fcadbe1617c2132eb4fe1d711b18db4c.txt,0,1
npds_02406_V_P_I_969_jpg.rf.7cec18c0bed8904609dd98266918beb6,npds,/home/divya/projects/IndianANPR/data/processed/npds_leakage_safe/images/train/V_P_I_969_jpg.rf.7cec18c0bed8904609dd98266918beb6.jpg,/home/divya/projects/IndianANPR/data/processed/npds_leakage_safe/labels/train/V_P_I_969_jpg.rf.7cec18c0bed8904609dd98266918beb6.txt,0,1
npds_02407_V_P_I_2575_jpg.rf.7b4e1c1f3365d2a9e1ceb0ffb19cd160,npds,/home/divya/projects/IndianANPR/data/processed/npds_leakage_safe/images/train/V_P_I_2575_jpg.rf.7b4e1c1f3365d2a9e1ceb0ffb19cd160.jpg,/home/divya/projects/IndianANPR/data/processed/npds_leakage_safe/labels/train/V_P_I_2575_jpg.rf.7b4e1c1f3365d2a9e1ceb0ffb19cd160.txt,0,1
npds_02408_V_P_I_3307_jpg.rf.337f136714b849658ec06bfcceed8b95,npds,/home/divya/projects/IndianANPR/data/processed/npds_leakage_safe/images/train/V_P_I_3307_jpg.rf.337f136714b849658ec06bfcceed8b95.jpg,/home/divya/projects/IndianANPR/data/processed/npds_leakage_safe/labels/train/V_P_I_3307_jpg.rf.337f136714b849658ec06bfcceed8b95.txt,0,1
npds_02409_V_P_I_1463_jpg.rf.63d194cb28ea23b4a896d117e61c3096,npds,/home/divya/projects/IndianANPR/data/processed/npds_leakage_safe/images/train/V_P_I_1463_jpg.rf.63d194cb28ea23b4a896d117e61c3096.jpg,/home/divya/projects/IndianANPR/data/processed/npds_leakage_safe/labels/train/V_P_I_1463_jpg.rf.63d194cb28ea23b4a896d117e61c3096.txt,0,1
npds_02410_V_P_I_993_jpg.rf.28336b39218107b36ee665b00cb0dc0c,npds,/home/divya/projects/IndianANPR/data/processed/npds_leakage_safe/images/train/V_P_I_993_jpg.rf.28336b39218107b36ee665b00cb0dc0c.jpg,/home/divya/projects/IndianANPR/data/processed/npds_leakage_safe/labels/train/V_P_I_993_jpg.rf.28336b39218107b36ee665b00cb0dc0c.txt,0,1
npds_02411_V_P_I_3344_jpg.rf.24af530d6afb9fa3fdf7698ef724b826,npds,/home/divya/projects/IndianANPR/data/processed/npds_leakage_safe/images/train/V_P_I_3344_jpg.rf.24af530d6afb9fa3fdf7698ef724b826.jpg,/home/divya/projects/IndianANPR/data/processed/npds_leakage_safe/labels/train/V_P_I_3344_jpg.rf.24af530d6afb9fa3fdf7698ef724b826.txt,0,3
npds_02412_V_P_I_2562_jpg.rf.4b5369fa76fd58f504eb484b3b8467a3,npds,/home/divya/projects/IndianANPR/data/processed/npds_leakage_safe/images/train/V_P_I_2562_jpg.rf.4b5369fa76fd58f504eb484b3b8467a3.jpg,/home/divya/projects/IndianANPR/data/processed/npds_leakage_safe/labels/train/V_P_I_2562_jpg.rf.4b5369fa76fd58f504eb484b3b8467a3.txt,0,1
npds_02413_V_P_I_2493_jpg.rf.f4bdce53d4cbe9d10f3938b66b2bbb07,npds,/home/divya/projects/IndianANPR/data/processed/npds_leakage_safe/images/train/V_P_I_2493_jpg.rf.f4bdce53d4cbe9d10f3938b66b2bbb07.jpg,/home/divya/projects/IndianANPR/data/processed/npds_leakage_safe/labels/train/V_P_I_2493_jpg.rf.f4bdce53d4cbe9d10f3938b66b2bbb07.txt,0,1
npds_02414_V_P_I_3020_jpg.rf.74e79c83713ea2064527476fa7fe68d2,npds,/home/divya/projects/IndianANPR/data/processed/npds_leakage_safe/images/train/V_P_I_3020_jpg.rf.74e79c83713ea2064527476fa7fe68d2.jpg,/home/divya/projects/IndianANPR/data/processed/npds_leakage_safe/labels/train/V_P_I_3020_jpg.rf.74e79c83713ea2064527476fa7fe68d2.txt,0,1
npds_02415_V_P_I_1020_jpg.rf.e1c37c31262dc51ebbeb6a99426cfd7f,npds,/home/divya/projects/IndianANPR/data/processed/npds_leakage_safe/images/train/V_P_I_1020_jpg.rf.e1c37c31262dc51ebbeb6a99426cfd7f.jpg,/home/divya/projects/IndianANPR/data/processed/npds_leakage_safe/labels/train/V_P_I_1020_jpg.rf.e1c37c31262dc51ebbeb6a99426cfd7f.txt,0,2
npds_02416_V_P_I_1274_jpg.rf.3aa42f7429ab11ca852fb928d603ec66,npds,/home/divya/projects/IndianANPR/data/processed/npds_leakage_safe/images/train/V_P_I_1274_jpg.rf.3aa42f7429ab11ca852fb928d603ec66.jpg,/home/divya/projects/IndianANPR/data/processed/npds_leakage_safe/labels/train/V_P_I_1274_jpg.rf.3aa42f7429ab11ca852fb928d603ec66.txt,0,1
npds_02417_V_P_I_1064_jpg.rf.869cdee7181e4d6564f46ab3764b58a6,npds,/home/divya/projects/IndianANPR/data/processed/npds_leakage_safe/images/train/V_P_I_1064_jpg.rf.869cdee7181e4d6564f46ab3764b58a6.jpg,/home/divya/projects/IndianANPR/data/processed/npds_leakage_safe/labels/train/V_P_I_1064_jpg.rf.869cdee7181e4d6564f46ab3764b58a6.txt,0,1
npds_02418_V_P_I_543_jpg.rf.89c930666ee30801964c67ce0e52efa4,npds,/home/divya/projects/IndianANPR/data/processed/npds_leakage_safe/images/train/V_P_I_543_jpg.rf.89c930666ee30801964c67ce0e52efa4.jpg,/home/divya/projects/IndianANPR/data/processed/npds_leakage_safe/labels/train/V_P_I_543_jpg.rf.89c930666ee30801964c67ce0e52efa4.txt,0,1
npds_02419_V_P_I_1703_jpg.rf.6cc953863bfb9a2fc6294e0c57425cd3,npds,/home/divya/projects/IndianANPR/data/processed/npds_leakage_safe/images/train/V_P_I_1703_jpg.rf.6cc953863bfb9a2fc6294e0c57425cd3.jpg,/home/divya/projects/IndianANPR/data/processed/npds_leakage_safe/labels/train/V_P_I_1703_jpg.rf.6cc953863bfb9a2fc6294e0c57425cd3.txt,0,1
npds_02420_V_P_I_1498_jpg.rf.daac9a00a904c70cc41c1aad53e2adb0,npds,/home/divya/projects/IndianANPR/data/processed/npds_leakage_safe/images/train/V_P_I_1498_jpg.rf.daac9a00a904c70cc41c1aad53e2adb0.jpg,/home/divya/projects/IndianANPR/data/processed/npds_leakage_safe/labels/train/V_P_I_1498_jpg.rf.daac9a00a904c70cc41c1aad53e2adb0.txt,0,1
npds_02421_V_P_I_281_jpg.rf.330af5449bd5f215e4a57782728014e8,npds,/home/divya/projects/IndianANPR/data/processed/npds_leakage_safe/images/train/V_P_I_281_jpg.rf.330af5449bd5f215e4a57782728014e8.jpg,/home/divya/projects/IndianANPR/data/processed/npds_leakage_safe/labels/train/V_P_I_281_jpg.rf.330af5449bd5f215e4a57782728014e8.txt,0,1
npds_02422_V_P_I_94_jpg.rf.d4cb4f4f023a1a94f8d691d6dc21fe9a,npds,/home/divya/projects/IndianANPR/data/processed/npds_leakage_safe/images/train/V_P_I_94_jpg.rf.d4cb4f4f023a1a94f8d691d6dc21fe9a.jpg,/home/divya/projects/IndianANPR/data/processed/npds_leakage_safe/labels/train/V_P_I_94_jpg.rf.d4cb4f4f023a1a94f8d691d6dc21fe9a.txt,0,3
npds_02423_V_P_I_816_jpg.rf.4147b3836c967b1b7c96e47ef07559fb,npds,/home/divya/projects/IndianANPR/data/processed/npds_leakage_safe/images/train/V_P_I_816_jpg.rf.4147b3836c967b1b7c96e47ef07559fb.jpg,/home/divya/projects/IndianANPR/data/processed/npds_leakage_safe/labels/train/V_P_I_816_jpg.rf.4147b3836c967b1b7c96e47ef07559fb.txt,0,1
npds_02424_V_P_I_2755_jpg.rf.61ae595b97c434e2803ffe772afc7b7b,npds,/home/divya/projects/IndianANPR/data/processed/npds_leakage_safe/images/train/V_P_I_2755_jpg.rf.61ae595b97c434e2803ffe772afc7b7b.jpg,/home/divya/projects/IndianANPR/data/processed/npds_leakage_safe/labels/train/V_P_I_2755_jpg.rf.61ae595b97c434e2803ffe772afc7b7b.txt,0,1
npds_02425_V_P_I_2414_jpg.rf.3bfdfc8e93d2660aedd98b2cac7a58e7,npds,/home/divya/projects/IndianANPR/data/processed/npds_leakage_safe/images/train/V_P_I_2414_jpg.rf.3bfdfc8e93d2660aedd98b2cac7a58e7.jpg,/home/divya/projects/IndianANPR/data/processed/npds_leakage_safe/labels/train/V_P_I_2414_jpg.rf.3bfdfc8e93d2660aedd98b2cac7a58e7.txt,0,1
npds_02426_V_P_I_1378_jpg.rf.5eb74e0c0d4ec6e96a7a135739eeb9cc,npds,/home/divya/projects/IndianANPR/data/processed/npds_leakage_safe/images/train/V_P_I_1378_jpg.rf.5eb74e0c0d4ec6e96a7a135739eeb9cc.jpg,/home/divya/projects/IndianANPR/data/processed/npds_leakage_safe/labels/train/V_P_I_1378_jpg.rf.5eb74e0c0d4ec6e96a7a135739eeb9cc.txt,0,1
npds_02427_V_P_I_415_jpg.rf.dfa8be5c6d9320ec777b3e174a5cbcb6,npds,/home/divya/projects/IndianANPR/data/processed/npds_leakage_safe/images/train/V_P_I_415_jpg.rf.dfa8be5c6d9320ec777b3e174a5cbcb6.jpg,/home/divya/projects/IndianANPR/data/processed/npds_leakage_safe/labels/train/V_P_I_415_jpg.rf.dfa8be5c6d9320ec777b3e174a5cbcb6.txt,0,1
npds_02428_V_P_I_727_jpg.rf.64799596bec6e6732de8aef5bf24804b,npds,/home/divya/projects/IndianANPR/data/processed/npds_leakage_safe/images/train/V_P_I_727_jpg.rf.64799596bec6e6732de8aef5bf24804b.jpg,/home/divya/projects/IndianANPR/data/processed/npds_leakage_safe/labels/train/V_P_I_727_jpg.rf.64799596bec6e6732de8aef5bf24804b.txt,0,1
npds_02429_V_P_I_1778_jpg.rf.da790dda5307b533610ccae9d7946a63,npds,/home/divya/projects/IndianANPR/data/processed/npds_leakage_safe/images/train/V_P_I_1778_jpg.rf.da790dda5307b533610ccae9d7946a63.jpg,/home/divya/projects/IndianANPR/data/processed/npds_leakage_safe/labels/train/V_P_I_1778_jpg.rf.da790dda5307b533610ccae9d7946a63.txt,0,1
npds_02430_V_P_I_2017_jpg.rf.f303a22f98242c09e34ddd202924ea78,npds,/home/divya/projects/IndianANPR/data/processed/npds_leakage_safe/images/train/V_P_I_2017_jpg.rf.f303a22f98242c09e34ddd202924ea78.jpg,/home/divya/projects/IndianANPR/data/processed/npds_leakage_safe/labels/train/V_P_I_2017_jpg.rf.f303a22f98242c09e34ddd202924ea78.txt,0,1
npds_02431_V_P_I_1415_jpg.rf.015fbd3c441824a090cbb4b4c722a6bf,npds,/home/divya/projects/IndianANPR/data/processed/npds_leakage_safe/images/train/V_P_I_1415_jpg.rf.015fbd3c441824a090cbb4b4c722a6bf.jpg,/home/divya/projects/IndianANPR/data/processed/npds_leakage_safe/labels/train/V_P_I_1415_jpg.rf.015fbd3c441824a090cbb4b4c722a6bf.txt,0,1
npds_02432_V_P_I_1155_jpg.rf.f2a293efd05f14f16c4e4b46c72b2bac,npds,/home/divya/projects/IndianANPR/data/processed/npds_leakage_safe/images/train/V_P_I_1155_jpg.rf.f2a293efd05f14f16c4e4b46c72b2bac.jpg,/home/divya/projects/IndianANPR/data/processed/npds_leakage_safe/labels/train/V_P_I_1155_jpg.rf.f2a293efd05f14f16c4e4b46c72b2bac.txt,0,1
npds_02433_V_P_I_1780_jpg.rf.fdf7c584fb7cd00db4a2e2c1e3b81806,npds,/home/divya/projects/IndianANPR/data/processed/npds_leakage_safe/images/train/V_P_I_1780_jpg.rf.fdf7c584fb7cd00db4a2e2c1e3b81806.jpg,/home/divya/projects/IndianANPR/data/processed/npds_leakage_safe/labels/train/V_P_I_1780_jpg.rf.fdf7c584fb7cd00db4a2e2c1e3b81806.txt,0,1
npds_02434_V_P_I_791_jpg.rf.0b4bae5e8a4f82094a7fec7fc3854f52,npds,/home/divya/projects/IndianANPR/data/processed/npds_leakage_safe/images/train/V_P_I_791_jpg.rf.0b4bae5e8a4f82094a7fec7fc3854f52.jpg,/home/divya/projects/IndianANPR/data/processed/npds_leakage_safe/labels/train/V_P_I_791_jpg.rf.0b4bae5e8a4f82094a7fec7fc3854f52.txt,0,2
npds_02435_V_P_I_653_jpg.rf.ae033db1c2527353742ecee4fd8e7863,npds,/home/divya/projects/IndianANPR/data/processed/npds_leakage_safe/images/train/V_P_I_653_jpg.rf.ae033db1c2527353742ecee4fd8e7863.jpg,/home/divya/projects/IndianANPR/data/processed/npds_leakage_safe/labels/train/V_P_I_653_jpg.rf.ae033db1c2527353742ecee4fd8e7863.txt,0,1
npds_02436_V_P_I_3045_jpg.rf.19a6fb4e1541aee0225f2dadab4025c1,npds,/home/divya/projects/IndianANPR/data/processed/npds_leakage_safe/images/train/V_P_I_3045_jpg.rf.19a6fb4e1541aee0225f2dadab4025c1.jpg,/home/divya/projects/IndianANPR/data/processed/npds_leakage_safe/labels/train/V_P_I_3045_jpg.rf.19a6fb4e1541aee0225f2dadab4025c1.txt,0,1
npds_02437_V_P_I_251_jpg.rf.c3adccf79690a78c897f03fc82641db3,npds,/home/divya/projects/IndianANPR/data/processed/npds_leakage_safe/images/train/V_P_I_251_jpg.rf.c3adccf79690a78c897f03fc82641db3.jpg,/home/divya/projects/IndianANPR/data/processed/npds_leakage_safe/labels/train/V_P_I_251_jpg.rf.c3adccf79690a78c897f03fc82641db3.txt,0,1
npds_02438_V_P_I_1206_jpg.rf.e4d9124a2d335c7a169550d45443175f,npds,/home/divya/projects/IndianANPR/data/processed/npds_leakage_safe/images/train/V_P_I_1206_jpg.rf.e4d9124a2d335c7a169550d45443175f.jpg,/home/divya/projects/IndianANPR/data/processed/npds_leakage_safe/labels/train/V_P_I_1206_jpg.rf.e4d9124a2d335c7a169550d45443175f.txt,0,1
npds_02439_V_P_I_563_jpg.rf.b1b122c1e7f2e0bcd7a2c8417ae48316,npds,/home/divya/projects/IndianANPR/data/processed/npds_leakage_safe/images/train/V_P_I_563_jpg.rf.b1b122c1e7f2e0bcd7a2c8417ae48316.jpg,/home/divya/projects/IndianANPR/data/processed/npds_leakage_safe/labels/train/V_P_I_563_jpg.rf.b1b122c1e7f2e0bcd7a2c8417ae48316.txt,0,1
npds_02440_V_P_I_2666_jpg.rf.b9d09b562e47dc9928890574a4266bc7,npds,/home/divya/projects/IndianANPR/data/processed/npds_leakage_safe/images/train/V_P_I_2666_jpg.rf.b9d09b562e47dc9928890574a4266bc7.jpg,/home/divya/projects/IndianANPR/data/processed/npds_leakage_safe/labels/train/V_P_I_2666_jpg.rf.b9d09b562e47dc9928890574a4266bc7.txt,0,1
npds_02441_V_P_I_2971_jpg.rf.a2ef7acbefc39cb5c0a5216bbfa9b292,npds,/home/divya/projects/IndianANPR/data/processed/npds_leakage_safe/images/train/V_P_I_2971_jpg.rf.a2ef7acbefc39cb5c0a5216bbfa9b292.jpg,/home/divya/projects/IndianANPR/data/processed/npds_leakage_safe/labels/train/V_P_I_2971_jpg.rf.a2ef7acbefc39cb5c0a5216bbfa9b292.txt,0,1
npds_02442_V_P_I_2783_jpg.rf.8ee3639b11a174f02d9c58d9706be339,npds,/home/divya/projects/IndianANPR/data/processed/npds_leakage_safe/images/train/V_P_I_2783_jpg.rf.8ee3639b11a174f02d9c58d9706be339.jpg,/home/divya/projects/IndianANPR/data/processed/npds_leakage_safe/labels/train/V_P_I_2783_jpg.rf.8ee3639b11a174f02d9c58d9706be339.txt,0,1
npds_02443_V_P_I_1057_jpg.rf.8aae912c3270c4511e0be8996f163064,npds,/home/divya/projects/IndianANPR/data/processed/npds_leakage_safe/images/train/V_P_I_1057_jpg.rf.8aae912c3270c4511e0be8996f163064.jpg,/home/divya/projects/IndianANPR/data/processed/npds_leakage_safe/labels/train/V_P_I_1057_jpg.rf.8aae912c3270c4511e0be8996f163064.txt,0,1
npds_02444_V_P_I_3076_jpg.rf.44a6c6acc21396f585b448525eb1d5d2,npds,/home/divya/projects/IndianANPR/data/processed/npds_leakage_safe/images/train/V_P_I_3076_jpg.rf.44a6c6acc21396f585b448525eb1d5d2.jpg,/home/divya/projects/IndianANPR/data/processed/npds_leakage_safe/labels/train/V_P_I_3076_jpg.rf.44a6c6acc21396f585b448525eb1d5d2.txt,0,1
npds_02445_V_P_I_2718_jpg.rf.b5d3367bec53c5635ac528fdd8e68bd3,npds,/home/divya/projects/IndianANPR/data/processed/npds_leakage_safe/images/train/V_P_I_2718_jpg.rf.b5d3367bec53c5635ac528fdd8e68bd3.jpg,/home/divya/projects/IndianANPR/data/processed/npds_leakage_safe/labels/train/V_P_I_2718_jpg.rf.b5d3367bec53c5635ac528fdd8e68bd3.txt,0,1
npds_02446_V_P_I_289_jpg.rf.9eedca1d76e5b67c6ee2ff402ef61d73,npds,/home/divya/projects/IndianANPR/data/processed/npds_leakage_safe/images/train/V_P_I_289_jpg.rf.9eedca1d76e5b67c6ee2ff402ef61d73.jpg,/home/divya/projects/IndianANPR/data/processed/npds_leakage_safe/labels/train/V_P_I_289_jpg.rf.9eedca1d76e5b67c6ee2ff402ef61d73.txt,0,1
npds_02447_V_P_I_1792_jpg.rf.7e5436187f4fa77a45dd112437035a58,npds,/home/divya/projects/IndianANPR/data/processed/npds_leakage_safe/images/train/V_P_I_1792_jpg.rf.7e5436187f4fa77a45dd112437035a58.jpg,/home/divya/projects/IndianANPR/data/processed/npds_leakage_safe/labels/train/V_P_I_1792_jpg.rf.7e5436187f4fa77a45dd112437035a58.txt,0,1
npds_02448_V_P_I_3383_jpg.rf.5247198529b08d6c490687d4871f1deb,npds,/home/divya/projects/IndianANPR/data/processed/npds_leakage_safe/images/train/V_P_I_3383_jpg.rf.5247198529b08d6c490687d4871f1deb.jpg,/home/divya/projects/IndianANPR/data/processed/npds_leakage_safe/labels/train/V_P_I_3383_jpg.rf.5247198529b08d6c490687d4871f1deb.txt,0,1
npds_02449_V_P_I_1478_jpg.rf.054b670ea47daf81bde1f5e667093b76,npds,/home/divya/projects/IndianANPR/data/processed/npds_leakage_safe/images/train/V_P_I_1478_jpg.rf.054b670ea47daf81bde1f5e667093b76.jpg,/home/divya/projects/IndianANPR/data/processed/npds_leakage_safe/labels/train/V_P_I_1478_jpg.rf.054b670ea47daf81bde1f5e667093b76.txt,0,1
npds_02450_V_P_I_1978_jpg.rf.ac478d79c6b8ffb721557873d530981b,npds,/home/divya/projects/IndianANPR/data/processed/npds_leakage_safe/images/train/V_P_I_1978_jpg.rf.ac478d79c6b8ffb721557873d530981b.jpg,/home/divya/projects/IndianANPR/data/processed/npds_leakage_safe/labels/train/V_P_I_1978_jpg.rf.ac478d79c6b8ffb721557873d530981b.txt,0,1
npds_02451_V_P_I_2430_jpg.rf.1b15ebe2c348ebe92b7e7246207d8f55,npds,/home/divya/projects/IndianANPR/data/processed/npds_leakage_safe/images/train/V_P_I_2430_jpg.rf.1b15ebe2c348ebe92b7e7246207d8f55.jpg,/home/divya/projects/IndianANPR/data/processed/npds_leakage_safe/labels/train/V_P_I_2430_jpg.rf.1b15ebe2c348ebe92b7e7246207d8f55.txt,0,1
npds_02452_V_P_I_1004_jpg.rf.82b89361698fb76f707d1b818df8778a,npds,/home/divya/projects/IndianANPR/data/processed/npds_leakage_safe/images/train/V_P_I_1004_jpg.rf.82b89361698fb76f707d1b818df8778a.jpg,/home/divya/projects/IndianANPR/data/processed/npds_leakage_safe/labels/train/V_P_I_1004_jpg.rf.82b89361698fb76f707d1b818df8778a.txt,0,1
npds_02453_V_P_I_3019_jpg.rf.afaf7b777af552bb76f0a4617507beae,npds,/home/divya/projects/IndianANPR/data/processed/npds_leakage_safe/images/train/V_P_I_3019_jpg.rf.afaf7b777af552bb76f0a4617507beae.jpg,/home/divya/projects/IndianANPR/data/processed/npds_leakage_safe/labels/train/V_P_I_3019_jpg.rf.afaf7b777af552bb76f0a4617507beae.txt,0,1
npds_02454_V_P_I_2184_jpg.rf.6ffecb52e8e139b91d87a79b09dd5bc7,npds,/home/divya/projects/IndianANPR/data/processed/npds_leakage_safe/images/train/V_P_I_2184_jpg.rf.6ffecb52e8e139b91d87a79b09dd5bc7.jpg,/home/divya/projects/IndianANPR/data/processed/npds_leakage_safe/labels/train/V_P_I_2184_jpg.rf.6ffecb52e8e139b91d87a79b09dd5bc7.txt,0,1
npds_02455_V_P_I_1788_jpg.rf.5beacb2d3b32a52b9780eafaf4e73184,npds,/home/divya/projects/IndianANPR/data/processed/npds_leakage_safe/images/train/V_P_I_1788_jpg.rf.5beacb2d3b32a52b9780eafaf4e73184.jpg,/home/divya/projects/IndianANPR/data/processed/npds_leakage_safe/labels/train/V_P_I_1788_jpg.rf.5beacb2d3b32a52b9780eafaf4e73184.txt,0,1
npds_02456_V_P_I_2887_jpg.rf.ea10eb476112779a31dee9af02f25303,npds,/home/divya/projects/IndianANPR/data/processed/npds_leakage_safe/images/train/V_P_I_2887_jpg.rf.ea10eb476112779a31dee9af02f25303.jpg,/home/divya/projects/IndianANPR/data/processed/npds_leakage_safe/labels/train/V_P_I_2887_jpg.rf.ea10eb476112779a31dee9af02f25303.txt,0,1
npds_02457_V_P_I_2391_jpg.rf.3b6c1d23384941c126a771291dcfbc74,npds,/home/divya/projects/IndianANPR/data/processed/npds_leakage_safe/images/train/V_P_I_2391_jpg.rf.3b6c1d23384941c126a771291dcfbc74.jpg,/home/divya/projects/IndianANPR/data/processed/npds_leakage_safe/labels/train/V_P_I_2391_jpg.rf.3b6c1d23384941c126a771291dcfbc74.txt,0,1
npds_02458_V_P_I_1624_jpg.rf.eda61f9dfc521bfe113026775e9a453c,npds,/home/divya/projects/IndianANPR/data/processed/npds_leakage_safe/images/train/V_P_I_1624_jpg.rf.eda61f9dfc521bfe113026775e9a453c.jpg,/home/divya/projects/IndianANPR/data/processed/npds_leakage_safe/labels/train/V_P_I_1624_jpg.rf.eda61f9dfc521bfe113026775e9a453c.txt,0,1
npds_02459_V_P_I_3183_jpg.rf.00a052609fa37280ef3e2932e646023d,npds,/home/divya/projects/IndianANPR/data/processed/npds_leakage_safe/images/train/V_P_I_3183_jpg.rf.00a052609fa37280ef3e2932e646023d.jpg,/home/divya/projects/IndianANPR/data/processed/npds_leakage_safe/labels/train/V_P_I_3183_jpg.rf.00a052609fa37280ef3e2932e646023d.txt,0,1
npds_02460_V_P_I_3192_jpg.rf.2eb2dc9af2319b0e248d045038ac41a0,npds,/home/divya/projects/IndianANPR/data/processed/npds_leakage_safe/images/train/V_P_I_3192_jpg.rf.2eb2dc9af2319b0e248d045038ac41a0.jpg,/home/divya/projects/IndianANPR/data/processed/npds_leakage_safe/labels/train/V_P_I_3192_jpg.rf.2eb2dc9af2319b0e248d045038ac41a0.txt,0,1
npds_02461_V_P_I_771_jpg.rf.724c532ebe628b615f93635f8186e4c3,npds,/home/divya/projects/IndianANPR/data/processed/npds_leakage_safe/images/train/V_P_I_771_jpg.rf.724c532ebe628b615f93635f8186e4c3.jpg,/home/divya/projects/IndianANPR/data/processed/npds_leakage_safe/labels/train/V_P_I_771_jpg.rf.724c532ebe628b615f93635f8186e4c3.txt,0,1
npds_02462_V_P_I_2741_jpg.rf.29de3f10ef51d8429f8e3f943a336d9b,npds,/home/divya/projects/IndianANPR/data/processed/npds_leakage_safe/images/train/V_P_I_2741_jpg.rf.29de3f10ef51d8429f8e3f943a336d9b.jpg,/home/divya/projects/IndianANPR/data/processed/npds_leakage_safe/labels/train/V_P_I_2741_jpg.rf.29de3f10ef51d8429f8e3f943a336d9b.txt,0,1
npds_02463_V_P_I_2215_jpg.rf.3a50aeded6839e510d3e4ffc59abe08d,npds,/home/divya/projects/IndianANPR/data/processed/npds_leakage_safe/images/train/V_P_I_2215_jpg.rf.3a50aeded6839e510d3e4ffc59abe08d.jpg,/home/divya/projects/IndianANPR/data/processed/npds_leakage_safe/labels/train/V_P_I_2215_jpg.rf.3a50aeded6839e510d3e4ffc59abe08d.txt,0,1
npds_02464_V_P_I_1227_jpg.rf.1750e79a232f6087c46e087befc5c877,npds,/home/divya/projects/IndianANPR/data/processed/npds_leakage_safe/images/train/V_P_I_1227_jpg.rf.1750e79a232f6087c46e087befc5c877.jpg,/home/divya/projects/IndianANPR/data/processed/npds_leakage_safe/labels/train/V_P_I_1227_jpg.rf.1750e79a232f6087c46e087befc5c877.txt,0,1
npds_02465_V_P_I_274_jpg.rf.45e376ebb806c34b0b902cf0bb534561,npds,/home/divya/projects/IndianANPR/data/processed/npds_leakage_safe/images/train/V_P_I_274_jpg.rf.45e376ebb806c34b0b902cf0bb534561.jpg,/home/divya/projects/IndianANPR/data/processed/npds_leakage_safe/labels/train/V_P_I_274_jpg.rf.45e376ebb806c34b0b902cf0bb534561.txt,0,1
npds_02466_V_P_I_2808_jpg.rf.523ad55ac0afa9d839454fa2a09fc9ca,npds,/home/divya/projects/IndianANPR/data/processed/npds_leakage_safe/images/train/V_P_I_2808_jpg.rf.523ad55ac0afa9d839454fa2a09fc9ca.jpg,/home/divya/projects/IndianANPR/data/processed/npds_leakage_safe/labels/train/V_P_I_2808_jpg.rf.523ad55ac0afa9d839454fa2a09fc9ca.txt,0,1
npds_02467_V_P_I_531_jpg.rf.8d83735a63b333d2a7fb1cb60f31ab97,npds,/home/divya/projects/IndianANPR/data/processed/npds_leakage_safe/images/train/V_P_I_531_jpg.rf.8d83735a63b333d2a7fb1cb60f31ab97.jpg,/home/divya/projects/IndianANPR/data/processed/npds_leakage_safe/labels/train/V_P_I_531_jpg.rf.8d83735a63b333d2a7fb1cb60f31ab97.txt,0,1
npds_02468_V_P_I_862_jpg.rf.cdfa4fed54e021dd5f20a47587de045e,npds,/home/divya/projects/IndianANPR/data/processed/npds_leakage_safe/images/train/V_P_I_862_jpg.rf.cdfa4fed54e021dd5f20a47587de045e.jpg,/home/divya/projects/IndianANPR/data/processed/npds_leakage_safe/labels/train/V_P_I_862_jpg.rf.cdfa4fed54e021dd5f20a47587de045e.txt,0,1
npds_02469_V_P_I_2692_jpg.rf.bb7ad6b30a58f2ac5a10039b0b15e5f2,npds,/home/divya/projects/IndianANPR/data/processed/npds_leakage_safe/images/train/V_P_I_2692_jpg.rf.bb7ad6b30a58f2ac5a10039b0b15e5f2.jpg,/home/divya/projects/IndianANPR/data/processed/npds_leakage_safe/labels/train/V_P_I_2692_jpg.rf.bb7ad6b30a58f2ac5a10039b0b15e5f2.txt,0,1
npds_02470_V_P_I_283_jpg.rf.94496b9f26df168e65b909423e71b50a,npds,/home/divya/projects/IndianANPR/data/processed/npds_leakage_safe/images/train/V_P_I_283_jpg.rf.94496b9f26df168e65b909423e71b50a.jpg,/home/divya/projects/IndianANPR/data/processed/npds_leakage_safe/labels/train/V_P_I_283_jpg.rf.94496b9f26df168e65b909423e71b50a.txt,0,1
npds_02471_V_P_I_886_jpg.rf.5e2c516b068a8943c0955ae4fc7ab407,npds,/home/divya/projects/IndianANPR/data/processed/npds_leakage_safe/images/train/V_P_I_886_jpg.rf.5e2c516b068a8943c0955ae4fc7ab407.jpg,/home/divya/projects/IndianANPR/data/processed/npds_leakage_safe/labels/train/V_P_I_886_jpg.rf.5e2c516b068a8943c0955ae4fc7ab407.txt,0,1
npds_02472_V_P_I_2317_jpg.rf.f4b4d065f808eebe216cf304272d3c00,npds,/home/divya/projects/IndianANPR/data/processed/npds_leakage_safe/images/train/V_P_I_2317_jpg.rf.f4b4d065f808eebe216cf304272d3c00.jpg,/home/divya/projects/IndianANPR/data/processed/npds_leakage_safe/labels/train/V_P_I_2317_jpg.rf.f4b4d065f808eebe216cf304272d3c00.txt,0,1
npds_02473_V_P_I_2564_jpg.rf.5fcceb069cb2316a60e6c893838eff6c,npds,/home/divya/projects/IndianANPR/data/processed/npds_leakage_safe/images/train/V_P_I_2564_jpg.rf.5fcceb069cb2316a60e6c893838eff6c.jpg,/home/divya/projects/IndianANPR/data/processed/npds_leakage_safe/labels/train/V_P_I_2564_jpg.rf.5fcceb069cb2316a60e6c893838eff6c.txt,0,1
npds_02474_V_P_I_1140_jpg.rf.d2b12cac42b649e0a53b3b2a12175ef3,npds,/home/divya/projects/IndianANPR/data/processed/npds_leakage_safe/images/train/V_P_I_1140_jpg.rf.d2b12cac42b649e0a53b3b2a12175ef3.jpg,/home/divya/projects/IndianANPR/data/processed/npds_leakage_safe/labels/train/V_P_I_1140_jpg.rf.d2b12cac42b649e0a53b3b2a12175ef3.txt,0,1
npds_02475_V_P_I_3086_jpg.rf.bfa3bbcabedbfa7d50dafe77c1ccedf7,npds,/home/divya/projects/IndianANPR/data/processed/npds_leakage_safe/images/train/V_P_I_3086_jpg.rf.bfa3bbcabedbfa7d50dafe77c1ccedf7.jpg,/home/divya/projects/IndianANPR/data/processed/npds_leakage_safe/labels/train/V_P_I_3086_jpg.rf.bfa3bbcabedbfa7d50dafe77c1ccedf7.txt,0,1
npds_02476_V_P_I_2306_jpg.rf.3d3c90ae8a47cc51bd0b5a8dd4df4e71,npds,/home/divya/projects/IndianANPR/data/processed/npds_leakage_safe/images/train/V_P_I_2306_jpg.rf.3d3c90ae8a47cc51bd0b5a8dd4df4e71.jpg,/home/divya/projects/IndianANPR/data/processed/npds_leakage_safe/labels/train/V_P_I_2306_jpg.rf.3d3c90ae8a47cc51bd0b5a8dd4df4e71.txt,0,1
npds_02477_V_P_I_2255_jpg.rf.39a27b92012292e9a37a153ec4a0ad07,npds,/home/divya/projects/IndianANPR/data/processed/npds_leakage_safe/images/train/V_P_I_2255_jpg.rf.39a27b92012292e9a37a153ec4a0ad07.jpg,/home/divya/projects/IndianANPR/data/processed/npds_leakage_safe/labels/train/V_P_I_2255_jpg.rf.39a27b92012292e9a37a153ec4a0ad07.txt,0,1
npds_02478_V_P_I_1835_jpg.rf.b73add496a7dfa035fdfb165903ff5fb,npds,/home/divya/projects/IndianANPR/data/processed/npds_leakage_safe/images/train/V_P_I_1835_jpg.rf.b73add496a7dfa035fdfb165903ff5fb.jpg,/home/divya/projects/IndianANPR/data/processed/npds_leakage_safe/labels/train/V_P_I_1835_jpg.rf.b73add496a7dfa035fdfb165903ff5fb.txt,0,1
npds_02479_V_P_I_3497_jpg.rf.24161dd22e266d8dbe3c6ab619ab4027,npds,/home/divya/projects/IndianANPR/data/processed/npds_leakage_safe/images/train/V_P_I_3497_jpg.rf.24161dd22e266d8dbe3c6ab619ab4027.jpg,/home/divya/projects/IndianANPR/data/processed/npds_leakage_safe/labels/train/V_P_I_3497_jpg.rf.24161dd22e266d8dbe3c6ab619ab4027.txt,0,1
npds_02480_V_P_I_1056_jpg.rf.e9dc48ff48c72a71637cc81030ff78c1,npds,/home/divya/projects/IndianANPR/data/processed/npds_leakage_safe/images/train/V_P_I_1056_jpg.rf.e9dc48ff48c72a71637cc81030ff78c1.jpg,/home/divya/projects/IndianANPR/data/processed/npds_leakage_safe/labels/train/V_P_I_1056_jpg.rf.e9dc48ff48c72a71637cc81030ff78c1.txt,0,1
npds_02481_V_P_I_219_jpg.rf.113a28167c5fc50f88c3d405257db979,npds,/home/divya/projects/IndianANPR/data/processed/npds_leakage_safe/images/train/V_P_I_219_jpg.rf.113a28167c5fc50f88c3d405257db979.jpg,/home/divya/projects/IndianANPR/data/processed/npds_leakage_safe/labels/train/V_P_I_219_jpg.rf.113a28167c5fc50f88c3d405257db979.txt,0,1
npds_02482_V_P_I_461_jpg.rf.dc6ef9a2fa4e583c2fea57fd04648569,npds,/home/divya/projects/IndianANPR/data/processed/npds_leakage_safe/images/train/V_P_I_461_jpg.rf.dc6ef9a2fa4e583c2fea57fd04648569.jpg,/home/divya/projects/IndianANPR/data/processed/npds_leakage_safe/labels/train/V_P_I_461_jpg.rf.dc6ef9a2fa4e583c2fea57fd04648569.txt,0,1
npds_02483_V_P_I_1226_jpg.rf.71f5624a4d433072ad530cdf800a9095,npds,/home/divya/projects/IndianANPR/data/processed/npds_leakage_safe/images/train/V_P_I_1226_jpg.rf.71f5624a4d433072ad530cdf800a9095.jpg,/home/divya/projects/IndianANPR/data/processed/npds_leakage_safe/labels/train/V_P_I_1226_jpg.rf.71f5624a4d433072ad530cdf800a9095.txt,0,1
npds_02484_V_P_I_2164_jpg.rf.648c1979f6639ad16705d3be6b45cdfa,npds,/home/divya/projects/IndianANPR/data/processed/npds_leakage_safe/images/train/V_P_I_2164_jpg.rf.648c1979f6639ad16705d3be6b45cdfa.jpg,/home/divya/projects/IndianANPR/data/processed/npds_leakage_safe/labels/train/V_P_I_2164_jpg.rf.648c1979f6639ad16705d3be6b45cdfa.txt,0,1
npds_02485_V_P_I_1789_jpg.rf.8fbf90f0cbd438eb5b9d984b25871fb9,npds,/home/divya/projects/IndianANPR/data/processed/npds_leakage_safe/images/train/V_P_I_1789_jpg.rf.8fbf90f0cbd438eb5b9d984b25871fb9.jpg,/home/divya/projects/IndianANPR/data/processed/npds_leakage_safe/labels/train/V_P_I_1789_jpg.rf.8fbf90f0cbd438eb5b9d984b25871fb9.txt,0,1
npds_02486_V_P_I_3434_jpeg_jpg.rf.08d827fb4d8d58e72a0637656b16528f,npds,/home/divya/projects/IndianANPR/data/processed/npds_leakage_safe/images/train/V_P_I_3434_jpeg_jpg.rf.08d827fb4d8d58e72a0637656b16528f.jpg,/home/divya/projects/IndianANPR/data/processed/npds_leakage_safe/labels/train/V_P_I_3434_jpeg_jpg.rf.08d827fb4d8d58e72a0637656b16528f.txt,0,1
npds_02487_V_P_I_315_jpg.rf.d75259c23e706e438700cdcc9a30276f,npds,/home/divya/projects/IndianANPR/data/processed/npds_leakage_safe/images/train/V_P_I_315_jpg.rf.d75259c23e706e438700cdcc9a30276f.jpg,/home/divya/projects/IndianANPR/data/processed/npds_leakage_safe/labels/train/V_P_I_315_jpg.rf.d75259c23e706e438700cdcc9a30276f.txt,0,1
npds_02488_V_P_I_640_jpg.rf.ce626196e347884e9294b103bace0a13,npds,/home/divya/projects/IndianANPR/data/processed/npds_leakage_safe/images/train/V_P_I_640_jpg.rf.ce626196e347884e9294b103bace0a13.jpg,/home/divya/projects/IndianANPR/data/processed/npds_leakage_safe/labels/train/V_P_I_640_jpg.rf.ce626196e347884e9294b103bace0a13.txt,0,1
npds_02489_V_P_I_1349_jpg.rf.5b0fd1f6b572e17b9086d652e3effb54,npds,/home/divya/projects/IndianANPR/data/processed/npds_leakage_safe/images/train/V_P_I_1349_jpg.rf.5b0fd1f6b572e17b9086d652e3effb54.jpg,/home/divya/projects/IndianANPR/data/processed/npds_leakage_safe/labels/train/V_P_I_1349_jpg.rf.5b0fd1f6b572e17b9086d652e3effb54.txt,0,1
npds_02490_V_P_I_394_jpg.rf.c43900eebe23a164c75b4bf34d6d0dfe,npds,/home/divya/projects/IndianANPR/data/processed/npds_leakage_safe/images/train/V_P_I_394_jpg.rf.c43900eebe23a164c75b4bf34d6d0dfe.jpg,/home/divya/projects/IndianANPR/data/processed/npds_leakage_safe/labels/train/V_P_I_394_jpg.rf.c43900eebe23a164c75b4bf34d6d0dfe.txt,0,1
npds_02491_V_P_I_2919_jpg.rf.2f975fa1eb214d715821a90f7165f1da,npds,/home/divya/projects/IndianANPR/data/processed/npds_leakage_safe/images/train/V_P_I_2919_jpg.rf.2f975fa1eb214d715821a90f7165f1da.jpg,/home/divya/projects/IndianANPR/data/processed/npds_leakage_safe/labels/train/V_P_I_2919_jpg.rf.2f975fa1eb214d715821a90f7165f1da.txt,0,1
npds_02492_V_P_I_3440_jpeg_jpg.rf.aef4780785acb65739ff193c288892a7,npds,/home/divya/projects/IndianANPR/data/processed/npds_leakage_safe/images/train/V_P_I_3440_jpeg_jpg.rf.aef4780785acb65739ff193c288892a7.jpg,/home/divya/projects/IndianANPR/data/processed/npds_leakage_safe/labels/train/V_P_I_3440_jpeg_jpg.rf.aef4780785acb65739ff193c288892a7.txt,0,1
npds_02493_V_P_I_3530_jpg.rf.5f86d2fe09abb2b5823ffe14eee9fb56,npds,/home/divya/projects/IndianANPR/data/processed/npds_leakage_safe/images/train/V_P_I_3530_jpg.rf.5f86d2fe09abb2b5823ffe14eee9fb56.jpg,/home/divya/projects/IndianANPR/data/processed/npds_leakage_safe/labels/train/V_P_I_3530_jpg.rf.5f86d2fe09abb2b5823ffe14eee9fb56.txt,0,1
npds_02494_V_P_I_2124_jpg.rf.b74ab1c3ae133993918168e1b2dffe5c,npds,/home/divya/projects/IndianANPR/data/processed/npds_leakage_safe/images/train/V_P_I_2124_jpg.rf.b74ab1c3ae133993918168e1b2dffe5c.jpg,/home/divya/projects/IndianANPR/data/processed/npds_leakage_safe/labels/train/V_P_I_2124_jpg.rf.b74ab1c3ae133993918168e1b2dffe5c.txt,0,1
npds_02495_V_P_I_1448_jpg.rf.3f3f9a56bc2d99c9c198b01795afb62c,npds,/home/divya/projects/IndianANPR/data/processed/npds_leakage_safe/images/train/V_P_I_1448_jpg.rf.3f3f9a56bc2d99c9c198b01795afb62c.jpg,/home/divya/projects/IndianANPR/data/processed/npds_leakage_safe/labels/train/V_P_I_1448_jpg.rf.3f3f9a56bc2d99c9c198b01795afb62c.txt,0,1
npds_02496_V_P_I_1147_jpg.rf.1cab9b6515500f9438eb1c9ac0718ba6,npds,/home/divya/projects/IndianANPR/data/processed/npds_leakage_safe/images/train/V_P_I_1147_jpg.rf.1cab9b6515500f9438eb1c9ac0718ba6.jpg,/home/divya/projects/IndianANPR/data/processed/npds_leakage_safe/labels/train/V_P_I_1147_jpg.rf.1cab9b6515500f9438eb1c9ac0718ba6.txt,0,2
npds_02497_V_P_I_647_jpg.rf.91b1363d1dcf4e6b60b7a916be1d4574,npds,/home/divya/projects/IndianANPR/data/processed/npds_leakage_safe/images/train/V_P_I_647_jpg.rf.91b1363d1dcf4e6b60b7a916be1d4574.jpg,/home/divya/projects/IndianANPR/data/processed/npds_leakage_safe/labels/train/V_P_I_647_jpg.rf.91b1363d1dcf4e6b60b7a916be1d4574.txt,0,1
npds_02498_V_P_I_2811_jpg.rf.963f79d7f7f9366dba86e2ce15ad63fc,npds,/home/divya/projects/IndianANPR/data/processed/npds_leakage_safe/images/train/V_P_I_2811_jpg.rf.963f79d7f7f9366dba86e2ce15ad63fc.jpg,/home/divya/projects/IndianANPR/data/processed/npds_leakage_safe/labels/train/V_P_I_2811_jpg.rf.963f79d7f7f9366dba86e2ce15ad63fc.txt,0,1
npds_02499_V_P_I_674_jpg.rf.1dd8358c885b7db5802cd4aebaf54de2,npds,/home/divya/projects/IndianANPR/data/processed/npds_leakage_safe/images/train/V_P_I_674_jpg.rf.1dd8358c885b7db5802cd4aebaf54de2.jpg,/home/divya/projects/IndianANPR/data/processed/npds_leakage_safe/labels/train/V_P_I_674_jpg.rf.1dd8358c885b7db5802cd4aebaf54de2.txt,0,1
npds_02500_V_P_I_3107_jpg.rf.b5d947346ecc04ccd191fe59ad3521f7,npds,/home/divya/projects/IndianANPR/data/processed/npds_leakage_safe/images/train/V_P_I_3107_jpg.rf.b5d947346ecc04ccd191fe59ad3521f7.jpg,/home/divya/projects/IndianANPR/data/processed/npds_leakage_safe/labels/train/V_P_I_3107_jpg.rf.b5d947346ecc04ccd191fe59ad3521f7.txt,0,1
road_r01_M18_0014,road,/home/divya/projects/IndianANPR/data/processed/m19_adaptation/images/M18_0014.jpg,/home/divya/projects/IndianANPR/data/processed/m19_adaptation/labels/M18_0014.txt,1,0
road_r02_M18_0014,road,/home/divya/projects/IndianANPR/data/processed/m19_adaptation/images/M18_0014.jpg,/home/divya/projects/IndianANPR/data/processed/m19_adaptation/labels/M18_0014.txt,2,0
road_r03_M18_0014,road,/home/divya/projects/IndianANPR/data/processed/m19_adaptation/images/M18_0014.jpg,/home/divya/projects/IndianANPR/data/processed/m19_adaptation/labels/M18_0014.txt,3,0
road_r04_M18_0014,road,/home/divya/projects/IndianANPR/data/processed/m19_adaptation/images/M18_0014.jpg,/home/divya/projects/IndianANPR/data/processed/m19_adaptation/labels/M18_0014.txt,4,0
road_r05_M18_0014,road,/home/divya/projects/IndianANPR/data/processed/m19_adaptation/images/M18_0014.jpg,/home/divya/projects/IndianANPR/data/processed/m19_adaptation/labels/M18_0014.txt,5,0
road_r06_M18_0014,road,/home/divya/projects/IndianANPR/data/processed/m19_adaptation/images/M18_0014.jpg,/home/divya/projects/IndianANPR/data/processed/m19_adaptation/labels/M18_0014.txt,6,0
road_r07_M18_0014,road,/home/divya/projects/IndianANPR/data/processed/m19_adaptation/images/M18_0014.jpg,/home/divya/projects/IndianANPR/data/processed/m19_adaptation/labels/M18_0014.txt,7,0
road_r08_M18_0014,road,/home/divya/projects/IndianANPR/data/processed/m19_adaptation/images/M18_0014.jpg,/home/divya/projects/IndianANPR/data/processed/m19_adaptation/labels/M18_0014.txt,8,0
road_r09_M18_0014,road,/home/divya/projects/IndianANPR/data/processed/m19_adaptation/images/M18_0014.jpg,/home/divya/projects/IndianANPR/data/processed/m19_adaptation/labels/M18_0014.txt,9,0
road_r10_M18_0014,road,/home/divya/projects/IndianANPR/data/processed/m19_adaptation/images/M18_0014.jpg,/home/divya/projects/IndianANPR/data/processed/m19_adaptation/labels/M18_0014.txt,10,0
road_r11_M18_0014,road,/home/divya/projects/IndianANPR/data/processed/m19_adaptation/images/M18_0014.jpg,/home/divya/projects/IndianANPR/data/processed/m19_adaptation/labels/M18_0014.txt,11,0
road_r12_M18_0014,road,/home/divya/projects/IndianANPR/data/processed/m19_adaptation/images/M18_0014.jpg,/home/divya/projects/IndianANPR/data/processed/m19_adaptation/labels/M18_0014.txt,12,0
road_r13_M18_0014,road,/home/divya/projects/IndianANPR/data/processed/m19_adaptation/images/M18_0014.jpg,/home/divya/projects/IndianANPR/data/processed/m19_adaptation/labels/M18_0014.txt,13,0
road_r14_M18_0014,road,/home/divya/projects/IndianANPR/data/processed/m19_adaptation/images/M18_0014.jpg,/home/divya/projects/IndianANPR/data/processed/m19_adaptation/labels/M18_0014.txt,14,0
road_r15_M18_0014,road,/home/divya/projects/IndianANPR/data/processed/m19_adaptation/images/M18_0014.jpg,/home/divya/projects/IndianANPR/data/processed/m19_adaptation/labels/M18_0014.txt,15,0
road_r16_M18_0014,road,/home/divya/projects/IndianANPR/data/processed/m19_adaptation/images/M18_0014.jpg,/home/divya/projects/IndianANPR/data/processed/m19_adaptation/labels/M18_0014.txt,16,0
road_r17_M18_0014,road,/home/divya/projects/IndianANPR/data/processed/m19_adaptation/images/M18_0014.jpg,/home/divya/projects/IndianANPR/data/processed/m19_adaptation/labels/M18_0014.txt,17,0
road_r18_M18_0014,road,/home/divya/projects/IndianANPR/data/processed/m19_adaptation/images/M18_0014.jpg,/home/divya/projects/IndianANPR/data/processed/m19_adaptation/labels/M18_0014.txt,18,0
road_r19_M18_0014,road,/home/divya/projects/IndianANPR/data/processed/m19_adaptation/images/M18_0014.jpg,/home/divya/projects/IndianANPR/data/processed/m19_adaptation/labels/M18_0014.txt,19,0
road_r20_M18_0014,road,/home/divya/projects/IndianANPR/data/processed/m19_adaptation/images/M18_0014.jpg,/home/divya/projects/IndianANPR/data/processed/m19_adaptation/labels/M18_0014.txt,20,0
road_r01_M18_0021,road,/home/divya/projects/IndianANPR/data/processed/m19_adaptation/images/M18_0021.jpg,/home/divya/projects/IndianANPR/data/processed/m19_adaptation/labels/M18_0021.txt,1,1
road_r02_M18_0021,road,/home/divya/projects/IndianANPR/data/processed/m19_adaptation/images/M18_0021.jpg,/home/divya/projects/IndianANPR/data/processed/m19_adaptation/labels/M18_0021.txt,2,1
road_r03_M18_0021,road,/home/divya/projects/IndianANPR/data/processed/m19_adaptation/images/M18_0021.jpg,/home/divya/projects/IndianANPR/data/processed/m19_adaptation/labels/M18_0021.txt,3,1
road_r04_M18_0021,road,/home/divya/projects/IndianANPR/data/processed/m19_adaptation/images/M18_0021.jpg,/home/divya/projects/IndianANPR/data/processed/m19_adaptation/labels/M18_0021.txt,4,1
road_r05_M18_0021,road,/home/divya/projects/IndianANPR/data/processed/m19_adaptation/images/M18_0021.jpg,/home/divya/projects/IndianANPR/data/processed/m19_adaptation/labels/M18_0021.txt,5,1
road_r06_M18_0021,road,/home/divya/projects/IndianANPR/data/processed/m19_adaptation/images/M18_0021.jpg,/home/divya/projects/IndianANPR/data/processed/m19_adaptation/labels/M18_0021.txt,6,1
road_r07_M18_0021,road,/home/divya/projects/IndianANPR/data/processed/m19_adaptation/images/M18_0021.jpg,/home/divya/projects/IndianANPR/data/processed/m19_adaptation/labels/M18_0021.txt,7,1
road_r08_M18_0021,road,/home/divya/projects/IndianANPR/data/processed/m19_adaptation/images/M18_0021.jpg,/home/divya/projects/IndianANPR/data/processed/m19_adaptation/labels/M18_0021.txt,8,1
road_r09_M18_0021,road,/home/divya/projects/IndianANPR/data/processed/m19_adaptation/images/M18_0021.jpg,/home/divya/projects/IndianANPR/data/processed/m19_adaptation/labels/M18_0021.txt,9,1
road_r10_M18_0021,road,/home/divya/projects/IndianANPR/data/processed/m19_adaptation/images/M18_0021.jpg,/home/divya/projects/IndianANPR/data/processed/m19_adaptation/labels/M18_0021.txt,10,1
road_r11_M18_0021,road,/home/divya/projects/IndianANPR/data/processed/m19_adaptation/images/M18_0021.jpg,/home/divya/projects/IndianANPR/data/processed/m19_adaptation/labels/M18_0021.txt,11,1
road_r12_M18_0021,road,/home/divya/projects/IndianANPR/data/processed/m19_adaptation/images/M18_0021.jpg,/home/divya/projects/IndianANPR/data/processed/m19_adaptation/labels/M18_0021.txt,12,1
road_r13_M18_0021,road,/home/divya/projects/IndianANPR/data/processed/m19_adaptation/images/M18_0021.jpg,/home/divya/projects/IndianANPR/data/processed/m19_adaptation/labels/M18_0021.txt,13,1
road_r14_M18_0021,road,/home/divya/projects/IndianANPR/data/processed/m19_adaptation/images/M18_0021.jpg,/home/divya/projects/IndianANPR/data/processed/m19_adaptation/labels/M18_0021.txt,14,1
road_r15_M18_0021,road,/home/divya/projects/IndianANPR/data/processed/m19_adaptation/images/M18_0021.jpg,/home/divya/projects/IndianANPR/data/processed/m19_adaptation/labels/M18_0021.txt,15,1
road_r16_M18_0021,road,/home/divya/projects/IndianANPR/data/processed/m19_adaptation/images/M18_0021.jpg,/home/divya/projects/IndianANPR/data/processed/m19_adaptation/labels/M18_0021.txt,16,1
road_r17_M18_0021,road,/home/divya/projects/IndianANPR/data/processed/m19_adaptation/images/M18_0021.jpg,/home/divya/projects/IndianANPR/data/processed/m19_adaptation/labels/M18_0021.txt,17,1
road_r18_M18_0021,road,/home/divya/projects/IndianANPR/data/processed/m19_adaptation/images/M18_0021.jpg,/home/divya/projects/IndianANPR/data/processed/m19_adaptation/labels/M18_0021.txt,18,1
road_r19_M18_0021,road,/home/divya/projects/IndianANPR/data/processed/m19_adaptation/images/M18_0021.jpg,/home/divya/projects/IndianANPR/data/processed/m19_adaptation/labels/M18_0021.txt,19,1
road_r20_M18_0021,road,/home/divya/projects/IndianANPR/data/processed/m19_adaptation/images/M18_0021.jpg,/home/divya/projects/IndianANPR/data/processed/m19_adaptation/labels/M18_0021.txt,20,1
road_r01_M18_0022,road,/home/divya/projects/IndianANPR/data/processed/m19_adaptation/images/M18_0022.jpg,/home/divya/projects/IndianANPR/data/processed/m19_adaptation/labels/M18_0022.txt,1,1
road_r02_M18_0022,road,/home/divya/projects/IndianANPR/data/processed/m19_adaptation/images/M18_0022.jpg,/home/divya/projects/IndianANPR/data/processed/m19_adaptation/labels/M18_0022.txt,2,1
road_r03_M18_0022,road,/home/divya/projects/IndianANPR/data/processed/m19_adaptation/images/M18_0022.jpg,/home/divya/projects/IndianANPR/data/processed/m19_adaptation/labels/M18_0022.txt,3,1
road_r04_M18_0022,road,/home/divya/projects/IndianANPR/data/processed/m19_adaptation/images/M18_0022.jpg,/home/divya/projects/IndianANPR/data/processed/m19_adaptation/labels/M18_0022.txt,4,1
road_r05_M18_0022,road,/home/divya/projects/IndianANPR/data/processed/m19_adaptation/images/M18_0022.jpg,/home/divya/projects/IndianANPR/data/processed/m19_adaptation/labels/M18_0022.txt,5,1
road_r06_M18_0022,road,/home/divya/projects/IndianANPR/data/processed/m19_adaptation/images/M18_0022.jpg,/home/divya/projects/IndianANPR/data/processed/m19_adaptation/labels/M18_0022.txt,6,1
road_r07_M18_0022,road,/home/divya/projects/IndianANPR/data/processed/m19_adaptation/images/M18_0022.jpg,/home/divya/projects/IndianANPR/data/processed/m19_adaptation/labels/M18_0022.txt,7,1
road_r08_M18_0022,road,/home/divya/projects/IndianANPR/data/processed/m19_adaptation/images/M18_0022.jpg,/home/divya/projects/IndianANPR/data/processed/m19_adaptation/labels/M18_0022.txt,8,1
road_r09_M18_0022,road,/home/divya/projects/IndianANPR/data/processed/m19_adaptation/images/M18_0022.jpg,/home/divya/projects/IndianANPR/data/processed/m19_adaptation/labels/M18_0022.txt,9,1
road_r10_M18_0022,road,/home/divya/projects/IndianANPR/data/processed/m19_adaptation/images/M18_0022.jpg,/home/divya/projects/IndianANPR/data/processed/m19_adaptation/labels/M18_0022.txt,10,1
road_r11_M18_0022,road,/home/divya/projects/IndianANPR/data/processed/m19_adaptation/images/M18_0022.jpg,/home/divya/projects/IndianANPR/data/processed/m19_adaptation/labels/M18_0022.txt,11,1
road_r12_M18_0022,road,/home/divya/projects/IndianANPR/data/processed/m19_adaptation/images/M18_0022.jpg,/home/divya/projects/IndianANPR/data/processed/m19_adaptation/labels/M18_0022.txt,12,1
road_r13_M18_0022,road,/home/divya/projects/IndianANPR/data/processed/m19_adaptation/images/M18_0022.jpg,/home/divya/projects/IndianANPR/data/processed/m19_adaptation/labels/M18_0022.txt,13,1
road_r14_M18_0022,road,/home/divya/projects/IndianANPR/data/processed/m19_adaptation/images/M18_0022.jpg,/home/divya/projects/IndianANPR/data/processed/m19_adaptation/labels/M18_0022.txt,14,1
road_r15_M18_0022,road,/home/divya/projects/IndianANPR/data/processed/m19_adaptation/images/M18_0022.jpg,/home/divya/projects/IndianANPR/data/processed/m19_adaptation/labels/M18_0022.txt,15,1
road_r16_M18_0022,road,/home/divya/projects/IndianANPR/data/processed/m19_adaptation/images/M18_0022.jpg,/home/divya/projects/IndianANPR/data/processed/m19_adaptation/labels/M18_0022.txt,16,1
road_r17_M18_0022,road,/home/divya/projects/IndianANPR/data/processed/m19_adaptation/images/M18_0022.jpg,/home/divya/projects/IndianANPR/data/processed/m19_adaptation/labels/M18_0022.txt,17,1
road_r18_M18_0022,road,/home/divya/projects/IndianANPR/data/processed/m19_adaptation/images/M18_0022.jpg,/home/divya/projects/IndianANPR/data/processed/m19_adaptation/labels/M18_0022.txt,18,1
road_r19_M18_0022,road,/home/divya/projects/IndianANPR/data/processed/m19_adaptation/images/M18_0022.jpg,/home/divya/projects/IndianANPR/data/processed/m19_adaptation/labels/M18_0022.txt,19,1
road_r20_M18_0022,road,/home/divya/projects/IndianANPR/data/processed/m19_adaptation/images/M18_0022.jpg,/home/divya/projects/IndianANPR/data/processed/m19_adaptation/labels/M18_0022.txt,20,1
road_r01_M18_0024,road,/home/divya/projects/IndianANPR/data/processed/m19_adaptation/images/M18_0024.jpg,/home/divya/projects/IndianANPR/data/processed/m19_adaptation/labels/M18_0024.txt,1,1
road_r02_M18_0024,road,/home/divya/projects/IndianANPR/data/processed/m19_adaptation/images/M18_0024.jpg,/home/divya/projects/IndianANPR/data/processed/m19_adaptation/labels/M18_0024.txt,2,1
road_r03_M18_0024,road,/home/divya/projects/IndianANPR/data/processed/m19_adaptation/images/M18_0024.jpg,/home/divya/projects/IndianANPR/data/processed/m19_adaptation/labels/M18_0024.txt,3,1
road_r04_M18_0024,road,/home/divya/projects/IndianANPR/data/processed/m19_adaptation/images/M18_0024.jpg,/home/divya/projects/IndianANPR/data/processed/m19_adaptation/labels/M18_0024.txt,4,1
road_r05_M18_0024,road,/home/divya/projects/IndianANPR/data/processed/m19_adaptation/images/M18_0024.jpg,/home/divya/projects/IndianANPR/data/processed/m19_adaptation/labels/M18_0024.txt,5,1
road_r06_M18_0024,road,/home/divya/projects/IndianANPR/data/processed/m19_adaptation/images/M18_0024.jpg,/home/divya/projects/IndianANPR/data/processed/m19_adaptation/labels/M18_0024.txt,6,1
road_r07_M18_0024,road,/home/divya/projects/IndianANPR/data/processed/m19_adaptation/images/M18_0024.jpg,/home/divya/projects/IndianANPR/data/processed/m19_adaptation/labels/M18_0024.txt,7,1
road_r08_M18_0024,road,/home/divya/projects/IndianANPR/data/processed/m19_adaptation/images/M18_0024.jpg,/home/divya/projects/IndianANPR/data/processed/m19_adaptation/labels/M18_0024.txt,8,1
road_r09_M18_0024,road,/home/divya/projects/IndianANPR/data/processed/m19_adaptation/images/M18_0024.jpg,/home/divya/projects/IndianANPR/data/processed/m19_adaptation/labels/M18_0024.txt,9,1
road_r10_M18_0024,road,/home/divya/projects/IndianANPR/data/processed/m19_adaptation/images/M18_0024.jpg,/home/divya/projects/IndianANPR/data/processed/m19_adaptation/labels/M18_0024.txt,10,1
road_r11_M18_0024,road,/home/divya/projects/IndianANPR/data/processed/m19_adaptation/images/M18_0024.jpg,/home/divya/projects/IndianANPR/data/processed/m19_adaptation/labels/M18_0024.txt,11,1
road_r12_M18_0024,road,/home/divya/projects/IndianANPR/data/processed/m19_adaptation/images/M18_0024.jpg,/home/divya/projects/IndianANPR/data/processed/m19_adaptation/labels/M18_0024.txt,12,1
road_r13_M18_0024,road,/home/divya/projects/IndianANPR/data/processed/m19_adaptation/images/M18_0024.jpg,/home/divya/projects/IndianANPR/data/processed/m19_adaptation/labels/M18_0024.txt,13,1
road_r14_M18_0024,road,/home/divya/projects/IndianANPR/data/processed/m19_adaptation/images/M18_0024.jpg,/home/divya/projects/IndianANPR/data/processed/m19_adaptation/labels/M18_0024.txt,14,1
road_r15_M18_0024,road,/home/divya/projects/IndianANPR/data/processed/m19_adaptation/images/M18_0024.jpg,/home/divya/projects/IndianANPR/data/processed/m19_adaptation/labels/M18_0024.txt,15,1
road_r16_M18_0024,road,/home/divya/projects/IndianANPR/data/processed/m19_adaptation/images/M18_0024.jpg,/home/divya/projects/IndianANPR/data/processed/m19_adaptation/labels/M18_0024.txt,16,1
road_r17_M18_0024,road,/home/divya/projects/IndianANPR/data/processed/m19_adaptation/images/M18_0024.jpg,/home/divya/projects/IndianANPR/data/processed/m19_adaptation/labels/M18_0024.txt,17,1
road_r18_M18_0024,road,/home/divya/projects/IndianANPR/data/processed/m19_adaptation/images/M18_0024.jpg,/home/divya/projects/IndianANPR/data/processed/m19_adaptation/labels/M18_0024.txt,18,1
road_r19_M18_0024,road,/home/divya/projects/IndianANPR/data/processed/m19_adaptation/images/M18_0024.jpg,/home/divya/projects/IndianANPR/data/processed/m19_adaptation/labels/M18_0024.txt,19,1
road_r20_M18_0024,road,/home/divya/projects/IndianANPR/data/processed/m19_adaptation/images/M18_0024.jpg,/home/divya/projects/IndianANPR/data/processed/m19_adaptation/labels/M18_0024.txt,20,1
road_r01_M18_0030,road,/home/divya/projects/IndianANPR/data/processed/m19_adaptation/images/M18_0030.jpg,/home/divya/projects/IndianANPR/data/processed/m19_adaptation/labels/M18_0030.txt,1,1
road_r02_M18_0030,road,/home/divya/projects/IndianANPR/data/processed/m19_adaptation/images/M18_0030.jpg,/home/divya/projects/IndianANPR/data/processed/m19_adaptation/labels/M18_0030.txt,2,1
road_r03_M18_0030,road,/home/divya/projects/IndianANPR/data/processed/m19_adaptation/images/M18_0030.jpg,/home/divya/projects/IndianANPR/data/processed/m19_adaptation/labels/M18_0030.txt,3,1
road_r04_M18_0030,road,/home/divya/projects/IndianANPR/data/processed/m19_adaptation/images/M18_0030.jpg,/home/divya/projects/IndianANPR/data/processed/m19_adaptation/labels/M18_0030.txt,4,1
road_r05_M18_0030,road,/home/divya/projects/IndianANPR/data/processed/m19_adaptation/images/M18_0030.jpg,/home/divya/projects/IndianANPR/data/processed/m19_adaptation/labels/M18_0030.txt,5,1
road_r06_M18_0030,road,/home/divya/projects/IndianANPR/data/processed/m19_adaptation/images/M18_0030.jpg,/home/divya/projects/IndianANPR/data/processed/m19_adaptation/labels/M18_0030.txt,6,1
road_r07_M18_0030,road,/home/divya/projects/IndianANPR/data/processed/m19_adaptation/images/M18_0030.jpg,/home/divya/projects/IndianANPR/data/processed/m19_adaptation/labels/M18_0030.txt,7,1
road_r08_M18_0030,road,/home/divya/projects/IndianANPR/data/processed/m19_adaptation/images/M18_0030.jpg,/home/divya/projects/IndianANPR/data/processed/m19_adaptation/labels/M18_0030.txt,8,1
road_r09_M18_0030,road,/home/divya/projects/IndianANPR/data/processed/m19_adaptation/images/M18_0030.jpg,/home/divya/projects/IndianANPR/data/processed/m19_adaptation/labels/M18_0030.txt,9,1
road_r10_M18_0030,road,/home/divya/projects/IndianANPR/data/processed/m19_adaptation/images/M18_0030.jpg,/home/divya/projects/IndianANPR/data/processed/m19_adaptation/labels/M18_0030.txt,10,1
road_r11_M18_0030,road,/home/divya/projects/IndianANPR/data/processed/m19_adaptation/images/M18_0030.jpg,/home/divya/projects/IndianANPR/data/processed/m19_adaptation/labels/M18_0030.txt,11,1
road_r12_M18_0030,road,/home/divya/projects/IndianANPR/data/processed/m19_adaptation/images/M18_0030.jpg,/home/divya/projects/IndianANPR/data/processed/m19_adaptation/labels/M18_0030.txt,12,1
road_r13_M18_0030,road,/home/divya/projects/IndianANPR/data/processed/m19_adaptation/images/M18_0030.jpg,/home/divya/projects/IndianANPR/data/processed/m19_adaptation/labels/M18_0030.txt,13,1
road_r14_M18_0030,road,/home/divya/projects/IndianANPR/data/processed/m19_adaptation/images/M18_0030.jpg,/home/divya/projects/IndianANPR/data/processed/m19_adaptation/labels/M18_0030.txt,14,1
road_r15_M18_0030,road,/home/divya/projects/IndianANPR/data/processed/m19_adaptation/images/M18_0030.jpg,/home/divya/projects/IndianANPR/data/processed/m19_adaptation/labels/M18_0030.txt,15,1
road_r16_M18_0030,road,/home/divya/projects/IndianANPR/data/processed/m19_adaptation/images/M18_0030.jpg,/home/divya/projects/IndianANPR/data/processed/m19_adaptation/labels/M18_0030.txt,16,1
road_r17_M18_0030,road,/home/divya/projects/IndianANPR/data/processed/m19_adaptation/images/M18_0030.jpg,/home/divya/projects/IndianANPR/data/processed/m19_adaptation/labels/M18_0030.txt,17,1
road_r18_M18_0030,road,/home/divya/projects/IndianANPR/data/processed/m19_adaptation/images/M18_0030.jpg,/home/divya/projects/IndianANPR/data/processed/m19_adaptation/labels/M18_0030.txt,18,1
road_r19_M18_0030,road,/home/divya/projects/IndianANPR/data/processed/m19_adaptation/images/M18_0030.jpg,/home/divya/projects/IndianANPR/data/processed/m19_adaptation/labels/M18_0030.txt,19,1
road_r20_M18_0030,road,/home/divya/projects/IndianANPR/data/processed/m19_adaptation/images/M18_0030.jpg,/home/divya/projects/IndianANPR/data/processed/m19_adaptation/labels/M18_0030.txt,20,1
road_r01_M18_0034,road,/home/divya/projects/IndianANPR/data/processed/m19_adaptation/images/M18_0034.jpg,/home/divya/projects/IndianANPR/data/processed/m19_adaptation/labels/M18_0034.txt,1,1
road_r02_M18_0034,road,/home/divya/projects/IndianANPR/data/processed/m19_adaptation/images/M18_0034.jpg,/home/divya/projects/IndianANPR/data/processed/m19_adaptation/labels/M18_0034.txt,2,1
road_r03_M18_0034,road,/home/divya/projects/IndianANPR/data/processed/m19_adaptation/images/M18_0034.jpg,/home/divya/projects/IndianANPR/data/processed/m19_adaptation/labels/M18_0034.txt,3,1
road_r04_M18_0034,road,/home/divya/projects/IndianANPR/data/processed/m19_adaptation/images/M18_0034.jpg,/home/divya/projects/IndianANPR/data/processed/m19_adaptation/labels/M18_0034.txt,4,1
road_r05_M18_0034,road,/home/divya/projects/IndianANPR/data/processed/m19_adaptation/images/M18_0034.jpg,/home/divya/projects/IndianANPR/data/processed/m19_adaptation/labels/M18_0034.txt,5,1
road_r06_M18_0034,road,/home/divya/projects/IndianANPR/data/processed/m19_adaptation/images/M18_0034.jpg,/home/divya/projects/IndianANPR/data/processed/m19_adaptation/labels/M18_0034.txt,6,1
road_r07_M18_0034,road,/home/divya/projects/IndianANPR/data/processed/m19_adaptation/images/M18_0034.jpg,/home/divya/projects/IndianANPR/data/processed/m19_adaptation/labels/M18_0034.txt,7,1
road_r08_M18_0034,road,/home/divya/projects/IndianANPR/data/processed/m19_adaptation/images/M18_0034.jpg,/home/divya/projects/IndianANPR/data/processed/m19_adaptation/labels/M18_0034.txt,8,1
road_r09_M18_0034,road,/home/divya/projects/IndianANPR/data/processed/m19_adaptation/images/M18_0034.jpg,/home/divya/projects/IndianANPR/data/processed/m19_adaptation/labels/M18_0034.txt,9,1
road_r10_M18_0034,road,/home/divya/projects/IndianANPR/data/processed/m19_adaptation/images/M18_0034.jpg,/home/divya/projects/IndianANPR/data/processed/m19_adaptation/labels/M18_0034.txt,10,1
road_r11_M18_0034,road,/home/divya/projects/IndianANPR/data/processed/m19_adaptation/images/M18_0034.jpg,/home/divya/projects/IndianANPR/data/processed/m19_adaptation/labels/M18_0034.txt,11,1
road_r12_M18_0034,road,/home/divya/projects/IndianANPR/data/processed/m19_adaptation/images/M18_0034.jpg,/home/divya/projects/IndianANPR/data/processed/m19_adaptation/labels/M18_0034.txt,12,1
road_r13_M18_0034,road,/home/divya/projects/IndianANPR/data/processed/m19_adaptation/images/M18_0034.jpg,/home/divya/projects/IndianANPR/data/processed/m19_adaptation/labels/M18_0034.txt,13,1
road_r14_M18_0034,road,/home/divya/projects/IndianANPR/data/processed/m19_adaptation/images/M18_0034.jpg,/home/divya/projects/IndianANPR/data/processed/m19_adaptation/labels/M18_0034.txt,14,1
road_r15_M18_0034,road,/home/divya/projects/IndianANPR/data/processed/m19_adaptation/images/M18_0034.jpg,/home/divya/projects/IndianANPR/data/processed/m19_adaptation/labels/M18_0034.txt,15,1
road_r16_M18_0034,road,/home/divya/projects/IndianANPR/data/processed/m19_adaptation/images/M18_0034.jpg,/home/divya/projects/IndianANPR/data/processed/m19_adaptation/labels/M18_0034.txt,16,1
road_r17_M18_0034,road,/home/divya/projects/IndianANPR/data/processed/m19_adaptation/images/M18_0034.jpg,/home/divya/projects/IndianANPR/data/processed/m19_adaptation/labels/M18_0034.txt,17,1
road_r18_M18_0034,road,/home/divya/projects/IndianANPR/data/processed/m19_adaptation/images/M18_0034.jpg,/home/divya/projects/IndianANPR/data/processed/m19_adaptation/labels/M18_0034.txt,18,1
road_r19_M18_0034,road,/home/divya/projects/IndianANPR/data/processed/m19_adaptation/images/M18_0034.jpg,/home/divya/projects/IndianANPR/data/processed/m19_adaptation/labels/M18_0034.txt,19,1
road_r20_M18_0034,road,/home/divya/projects/IndianANPR/data/processed/m19_adaptation/images/M18_0034.jpg,/home/divya/projects/IndianANPR/data/processed/m19_adaptation/labels/M18_0034.txt,20,1
road_r01_M18_0036,road,/home/divya/projects/IndianANPR/data/processed/m19_adaptation/images/M18_0036.jpg,/home/divya/projects/IndianANPR/data/processed/m19_adaptation/labels/M18_0036.txt,1,1
road_r02_M18_0036,road,/home/divya/projects/IndianANPR/data/processed/m19_adaptation/images/M18_0036.jpg,/home/divya/projects/IndianANPR/data/processed/m19_adaptation/labels/M18_0036.txt,2,1
road_r03_M18_0036,road,/home/divya/projects/IndianANPR/data/processed/m19_adaptation/images/M18_0036.jpg,/home/divya/projects/IndianANPR/data/processed/m19_adaptation/labels/M18_0036.txt,3,1
road_r04_M18_0036,road,/home/divya/projects/IndianANPR/data/processed/m19_adaptation/images/M18_0036.jpg,/home/divya/projects/IndianANPR/data/processed/m19_adaptation/labels/M18_0036.txt,4,1
road_r05_M18_0036,road,/home/divya/projects/IndianANPR/data/processed/m19_adaptation/images/M18_0036.jpg,/home/divya/projects/IndianANPR/data/processed/m19_adaptation/labels/M18_0036.txt,5,1
road_r06_M18_0036,road,/home/divya/projects/IndianANPR/data/processed/m19_adaptation/images/M18_0036.jpg,/home/divya/projects/IndianANPR/data/processed/m19_adaptation/labels/M18_0036.txt,6,1
road_r07_M18_0036,road,/home/divya/projects/IndianANPR/data/processed/m19_adaptation/images/M18_0036.jpg,/home/divya/projects/IndianANPR/data/processed/m19_adaptation/labels/M18_0036.txt,7,1
road_r08_M18_0036,road,/home/divya/projects/IndianANPR/data/processed/m19_adaptation/images/M18_0036.jpg,/home/divya/projects/IndianANPR/data/processed/m19_adaptation/labels/M18_0036.txt,8,1
road_r09_M18_0036,road,/home/divya/projects/IndianANPR/data/processed/m19_adaptation/images/M18_0036.jpg,/home/divya/projects/IndianANPR/data/processed/m19_adaptation/labels/M18_0036.txt,9,1
road_r10_M18_0036,road,/home/divya/projects/IndianANPR/data/processed/m19_adaptation/images/M18_0036.jpg,/home/divya/projects/IndianANPR/data/processed/m19_adaptation/labels/M18_0036.txt,10,1
road_r11_M18_0036,road,/home/divya/projects/IndianANPR/data/processed/m19_adaptation/images/M18_0036.jpg,/home/divya/projects/IndianANPR/data/processed/m19_adaptation/labels/M18_0036.txt,11,1
road_r12_M18_0036,road,/home/divya/projects/IndianANPR/data/processed/m19_adaptation/images/M18_0036.jpg,/home/divya/projects/IndianANPR/data/processed/m19_adaptation/labels/M18_0036.txt,12,1
road_r13_M18_0036,road,/home/divya/projects/IndianANPR/data/processed/m19_adaptation/images/M18_0036.jpg,/home/divya/projects/IndianANPR/data/processed/m19_adaptation/labels/M18_0036.txt,13,1
road_r14_M18_0036,road,/home/divya/projects/IndianANPR/data/processed/m19_adaptation/images/M18_0036.jpg,/home/divya/projects/IndianANPR/data/processed/m19_adaptation/labels/M18_0036.txt,14,1
road_r15_M18_0036,road,/home/divya/projects/IndianANPR/data/processed/m19_adaptation/images/M18_0036.jpg,/home/divya/projects/IndianANPR/data/processed/m19_adaptation/labels/M18_0036.txt,15,1
road_r16_M18_0036,road,/home/divya/projects/IndianANPR/data/processed/m19_adaptation/images/M18_0036.jpg,/home/divya/projects/IndianANPR/data/processed/m19_adaptation/labels/M18_0036.txt,16,1
road_r17_M18_0036,road,/home/divya/projects/IndianANPR/data/processed/m19_adaptation/images/M18_0036.jpg,/home/divya/projects/IndianANPR/data/processed/m19_adaptation/labels/M18_0036.txt,17,1
road_r18_M18_0036,road,/home/divya/projects/IndianANPR/data/processed/m19_adaptation/images/M18_0036.jpg,/home/divya/projects/IndianANPR/data/processed/m19_adaptation/labels/M18_0036.txt,18,1
road_r19_M18_0036,road,/home/divya/projects/IndianANPR/data/processed/m19_adaptation/images/M18_0036.jpg,/home/divya/projects/IndianANPR/data/processed/m19_adaptation/labels/M18_0036.txt,19,1
road_r20_M18_0036,road,/home/divya/projects/IndianANPR/data/processed/m19_adaptation/images/M18_0036.jpg,/home/divya/projects/IndianANPR/data/processed/m19_adaptation/labels/M18_0036.txt,20,1
road_r01_M18_0039,road,/home/divya/projects/IndianANPR/data/processed/m19_adaptation/images/M18_0039.jpg,/home/divya/projects/IndianANPR/data/processed/m19_adaptation/labels/M18_0039.txt,1,1
road_r02_M18_0039,road,/home/divya/projects/IndianANPR/data/processed/m19_adaptation/images/M18_0039.jpg,/home/divya/projects/IndianANPR/data/processed/m19_adaptation/labels/M18_0039.txt,2,1
road_r03_M18_0039,road,/home/divya/projects/IndianANPR/data/processed/m19_adaptation/images/M18_0039.jpg,/home/divya/projects/IndianANPR/data/processed/m19_adaptation/labels/M18_0039.txt,3,1
road_r04_M18_0039,road,/home/divya/projects/IndianANPR/data/processed/m19_adaptation/images/M18_0039.jpg,/home/divya/projects/IndianANPR/data/processed/m19_adaptation/labels/M18_0039.txt,4,1
road_r05_M18_0039,road,/home/divya/projects/IndianANPR/data/processed/m19_adaptation/images/M18_0039.jpg,/home/divya/projects/IndianANPR/data/processed/m19_adaptation/labels/M18_0039.txt,5,1
road_r06_M18_0039,road,/home/divya/projects/IndianANPR/data/processed/m19_adaptation/images/M18_0039.jpg,/home/divya/projects/IndianANPR/data/processed/m19_adaptation/labels/M18_0039.txt,6,1
road_r07_M18_0039,road,/home/divya/projects/IndianANPR/data/processed/m19_adaptation/images/M18_0039.jpg,/home/divya/projects/IndianANPR/data/processed/m19_adaptation/labels/M18_0039.txt,7,1
road_r08_M18_0039,road,/home/divya/projects/IndianANPR/data/processed/m19_adaptation/images/M18_0039.jpg,/home/divya/projects/IndianANPR/data/processed/m19_adaptation/labels/M18_0039.txt,8,1
road_r09_M18_0039,road,/home/divya/projects/IndianANPR/data/processed/m19_adaptation/images/M18_0039.jpg,/home/divya/projects/IndianANPR/data/processed/m19_adaptation/labels/M18_0039.txt,9,1
road_r10_M18_0039,road,/home/divya/projects/IndianANPR/data/processed/m19_adaptation/images/M18_0039.jpg,/home/divya/projects/IndianANPR/data/processed/m19_adaptation/labels/M18_0039.txt,10,1
road_r11_M18_0039,road,/home/divya/projects/IndianANPR/data/processed/m19_adaptation/images/M18_0039.jpg,/home/divya/projects/IndianANPR/data/processed/m19_adaptation/labels/M18_0039.txt,11,1
road_r12_M18_0039,road,/home/divya/projects/IndianANPR/data/processed/m19_adaptation/images/M18_0039.jpg,/home/divya/projects/IndianANPR/data/processed/m19_adaptation/labels/M18_0039.txt,12,1
road_r13_M18_0039,road,/home/divya/projects/IndianANPR/data/processed/m19_adaptation/images/M18_0039.jpg,/home/divya/projects/IndianANPR/data/processed/m19_adaptation/labels/M18_0039.txt,13,1
road_r14_M18_0039,road,/home/divya/projects/IndianANPR/data/processed/m19_adaptation/images/M18_0039.jpg,/home/divya/projects/IndianANPR/data/processed/m19_adaptation/labels/M18_0039.txt,14,1
road_r15_M18_0039,road,/home/divya/projects/IndianANPR/data/processed/m19_adaptation/images/M18_0039.jpg,/home/divya/projects/IndianANPR/data/processed/m19_adaptation/labels/M18_0039.txt,15,1
road_r16_M18_0039,road,/home/divya/projects/IndianANPR/data/processed/m19_adaptation/images/M18_0039.jpg,/home/divya/projects/IndianANPR/data/processed/m19_adaptation/labels/M18_0039.txt,16,1
road_r17_M18_0039,road,/home/divya/projects/IndianANPR/data/processed/m19_adaptation/images/M18_0039.jpg,/home/divya/projects/IndianANPR/data/processed/m19_adaptation/labels/M18_0039.txt,17,1
road_r18_M18_0039,road,/home/divya/projects/IndianANPR/data/processed/m19_adaptation/images/M18_0039.jpg,/home/divya/projects/IndianANPR/data/processed/m19_adaptation/labels/M18_0039.txt,18,1
road_r19_M18_0039,road,/home/divya/projects/IndianANPR/data/processed/m19_adaptation/images/M18_0039.jpg,/home/divya/projects/IndianANPR/data/processed/m19_adaptation/labels/M18_0039.txt,19,1
road_r20_M18_0039,road,/home/divya/projects/IndianANPR/data/processed/m19_adaptation/images/M18_0039.jpg,/home/divya/projects/IndianANPR/data/processed/m19_adaptation/labels/M18_0039.txt,20,1
road_r01_M18_0043,road,/home/divya/projects/IndianANPR/data/processed/m19_adaptation/images/M18_0043.jpg,/home/divya/projects/IndianANPR/data/processed/m19_adaptation/labels/M18_0043.txt,1,1
road_r02_M18_0043,road,/home/divya/projects/IndianANPR/data/processed/m19_adaptation/images/M18_0043.jpg,/home/divya/projects/IndianANPR/data/processed/m19_adaptation/labels/M18_0043.txt,2,1
road_r03_M18_0043,road,/home/divya/projects/IndianANPR/data/processed/m19_adaptation/images/M18_0043.jpg,/home/divya/projects/IndianANPR/data/processed/m19_adaptation/labels/M18_0043.txt,3,1
road_r04_M18_0043,road,/home/divya/projects/IndianANPR/data/processed/m19_adaptation/images/M18_0043.jpg,/home/divya/projects/IndianANPR/data/processed/m19_adaptation/labels/M18_0043.txt,4,1
road_r05_M18_0043,road,/home/divya/projects/IndianANPR/data/processed/m19_adaptation/images/M18_0043.jpg,/home/divya/projects/IndianANPR/data/processed/m19_adaptation/labels/M18_0043.txt,5,1
road_r06_M18_0043,road,/home/divya/projects/IndianANPR/data/processed/m19_adaptation/images/M18_0043.jpg,/home/divya/projects/IndianANPR/data/processed/m19_adaptation/labels/M18_0043.txt,6,1
road_r07_M18_0043,road,/home/divya/projects/IndianANPR/data/processed/m19_adaptation/images/M18_0043.jpg,/home/divya/projects/IndianANPR/data/processed/m19_adaptation/labels/M18_0043.txt,7,1
road_r08_M18_0043,road,/home/divya/projects/IndianANPR/data/processed/m19_adaptation/images/M18_0043.jpg,/home/divya/projects/IndianANPR/data/processed/m19_adaptation/labels/M18_0043.txt,8,1
road_r09_M18_0043,road,/home/divya/projects/IndianANPR/data/processed/m19_adaptation/images/M18_0043.jpg,/home/divya/projects/IndianANPR/data/processed/m19_adaptation/labels/M18_0043.txt,9,1
road_r10_M18_0043,road,/home/divya/projects/IndianANPR/data/processed/m19_adaptation/images/M18_0043.jpg,/home/divya/projects/IndianANPR/data/processed/m19_adaptation/labels/M18_0043.txt,10,1
road_r11_M18_0043,road,/home/divya/projects/IndianANPR/data/processed/m19_adaptation/images/M18_0043.jpg,/home/divya/projects/IndianANPR/data/processed/m19_adaptation/labels/M18_0043.txt,11,1
road_r12_M18_0043,road,/home/divya/projects/IndianANPR/data/processed/m19_adaptation/images/M18_0043.jpg,/home/divya/projects/IndianANPR/data/processed/m19_adaptation/labels/M18_0043.txt,12,1
road_r13_M18_0043,road,/home/divya/projects/IndianANPR/data/processed/m19_adaptation/images/M18_0043.jpg,/home/divya/projects/IndianANPR/data/processed/m19_adaptation/labels/M18_0043.txt,13,1
road_r14_M18_0043,road,/home/divya/projects/IndianANPR/data/processed/m19_adaptation/images/M18_0043.jpg,/home/divya/projects/IndianANPR/data/processed/m19_adaptation/labels/M18_0043.txt,14,1
road_r15_M18_0043,road,/home/divya/projects/IndianANPR/data/processed/m19_adaptation/images/M18_0043.jpg,/home/divya/projects/IndianANPR/data/processed/m19_adaptation/labels/M18_0043.txt,15,1
road_r16_M18_0043,road,/home/divya/projects/IndianANPR/data/processed/m19_adaptation/images/M18_0043.jpg,/home/divya/projects/IndianANPR/data/processed/m19_adaptation/labels/M18_0043.txt,16,1
road_r17_M18_0043,road,/home/divya/projects/IndianANPR/data/processed/m19_adaptation/images/M18_0043.jpg,/home/divya/projects/IndianANPR/data/processed/m19_adaptation/labels/M18_0043.txt,17,1
road_r18_M18_0043,road,/home/divya/projects/IndianANPR/data/processed/m19_adaptation/images/M18_0043.jpg,/home/divya/projects/IndianANPR/data/processed/m19_adaptation/labels/M18_0043.txt,18,1
road_r19_M18_0043,road,/home/divya/projects/IndianANPR/data/processed/m19_adaptation/images/M18_0043.jpg,/home/divya/projects/IndianANPR/data/processed/m19_adaptation/labels/M18_0043.txt,19,1
road_r20_M18_0043,road,/home/divya/projects/IndianANPR/data/processed/m19_adaptation/images/M18_0043.jpg,/home/divya/projects/IndianANPR/data/processed/m19_adaptation/labels/M18_0043.txt,20,1
road_r01_M18_0044,road,/home/divya/projects/IndianANPR/data/processed/m19_adaptation/images/M18_0044.jpg,/home/divya/projects/IndianANPR/data/processed/m19_adaptation/labels/M18_0044.txt,1,3
road_r02_M18_0044,road,/home/divya/projects/IndianANPR/data/processed/m19_adaptation/images/M18_0044.jpg,/home/divya/projects/IndianANPR/data/processed/m19_adaptation/labels/M18_0044.txt,2,3
road_r03_M18_0044,road,/home/divya/projects/IndianANPR/data/processed/m19_adaptation/images/M18_0044.jpg,/home/divya/projects/IndianANPR/data/processed/m19_adaptation/labels/M18_0044.txt,3,3
road_r04_M18_0044,road,/home/divya/projects/IndianANPR/data/processed/m19_adaptation/images/M18_0044.jpg,/home/divya/projects/IndianANPR/data/processed/m19_adaptation/labels/M18_0044.txt,4,3
road_r05_M18_0044,road,/home/divya/projects/IndianANPR/data/processed/m19_adaptation/images/M18_0044.jpg,/home/divya/projects/IndianANPR/data/processed/m19_adaptation/labels/M18_0044.txt,5,3
road_r06_M18_0044,road,/home/divya/projects/IndianANPR/data/processed/m19_adaptation/images/M18_0044.jpg,/home/divya/projects/IndianANPR/data/processed/m19_adaptation/labels/M18_0044.txt,6,3
road_r07_M18_0044,road,/home/divya/projects/IndianANPR/data/processed/m19_adaptation/images/M18_0044.jpg,/home/divya/projects/IndianANPR/data/processed/m19_adaptation/labels/M18_0044.txt,7,3
road_r08_M18_0044,road,/home/divya/projects/IndianANPR/data/processed/m19_adaptation/images/M18_0044.jpg,/home/divya/projects/IndianANPR/data/processed/m19_adaptation/labels/M18_0044.txt,8,3
road_r09_M18_0044,road,/home/divya/projects/IndianANPR/data/processed/m19_adaptation/images/M18_0044.jpg,/home/divya/projects/IndianANPR/data/processed/m19_adaptation/labels/M18_0044.txt,9,3
road_r10_M18_0044,road,/home/divya/projects/IndianANPR/data/processed/m19_adaptation/images/M18_0044.jpg,/home/divya/projects/IndianANPR/data/processed/m19_adaptation/labels/M18_0044.txt,10,3
road_r11_M18_0044,road,/home/divya/projects/IndianANPR/data/processed/m19_adaptation/images/M18_0044.jpg,/home/divya/projects/IndianANPR/data/processed/m19_adaptation/labels/M18_0044.txt,11,3
road_r12_M18_0044,road,/home/divya/projects/IndianANPR/data/processed/m19_adaptation/images/M18_0044.jpg,/home/divya/projects/IndianANPR/data/processed/m19_adaptation/labels/M18_0044.txt,12,3
road_r13_M18_0044,road,/home/divya/projects/IndianANPR/data/processed/m19_adaptation/images/M18_0044.jpg,/home/divya/projects/IndianANPR/data/processed/m19_adaptation/labels/M18_0044.txt,13,3
road_r14_M18_0044,road,/home/divya/projects/IndianANPR/data/processed/m19_adaptation/images/M18_0044.jpg,/home/divya/projects/IndianANPR/data/processed/m19_adaptation/labels/M18_0044.txt,14,3
road_r15_M18_0044,road,/home/divya/projects/IndianANPR/data/processed/m19_adaptation/images/M18_0044.jpg,/home/divya/projects/IndianANPR/data/processed/m19_adaptation/labels/M18_0044.txt,15,3
road_r16_M18_0044,road,/home/divya/projects/IndianANPR/data/processed/m19_adaptation/images/M18_0044.jpg,/home/divya/projects/IndianANPR/data/processed/m19_adaptation/labels/M18_0044.txt,16,3
road_r17_M18_0044,road,/home/divya/projects/IndianANPR/data/processed/m19_adaptation/images/M18_0044.jpg,/home/divya/projects/IndianANPR/data/processed/m19_adaptation/labels/M18_0044.txt,17,3
road_r18_M18_0044,road,/home/divya/projects/IndianANPR/data/processed/m19_adaptation/images/M18_0044.jpg,/home/divya/projects/IndianANPR/data/processed/m19_adaptation/labels/M18_0044.txt,18,3
road_r19_M18_0044,road,/home/divya/projects/IndianANPR/data/processed/m19_adaptation/images/M18_0044.jpg,/home/divya/projects/IndianANPR/data/processed/m19_adaptation/labels/M18_0044.txt,19,3
road_r20_M18_0044,road,/home/divya/projects/IndianANPR/data/processed/m19_adaptation/images/M18_0044.jpg,/home/divya/projects/IndianANPR/data/processed/m19_adaptation/labels/M18_0044.txt,20,3
road_r01_M18_0045,road,/home/divya/projects/IndianANPR/data/processed/m19_adaptation/images/M18_0045.jpg,/home/divya/projects/IndianANPR/data/processed/m19_adaptation/labels/M18_0045.txt,1,2
road_r02_M18_0045,road,/home/divya/projects/IndianANPR/data/processed/m19_adaptation/images/M18_0045.jpg,/home/divya/projects/IndianANPR/data/processed/m19_adaptation/labels/M18_0045.txt,2,2
road_r03_M18_0045,road,/home/divya/projects/IndianANPR/data/processed/m19_adaptation/images/M18_0045.jpg,/home/divya/projects/IndianANPR/data/processed/m19_adaptation/labels/M18_0045.txt,3,2
road_r04_M18_0045,road,/home/divya/projects/IndianANPR/data/processed/m19_adaptation/images/M18_0045.jpg,/home/divya/projects/IndianANPR/data/processed/m19_adaptation/labels/M18_0045.txt,4,2
road_r05_M18_0045,road,/home/divya/projects/IndianANPR/data/processed/m19_adaptation/images/M18_0045.jpg,/home/divya/projects/IndianANPR/data/processed/m19_adaptation/labels/M18_0045.txt,5,2
road_r06_M18_0045,road,/home/divya/projects/IndianANPR/data/processed/m19_adaptation/images/M18_0045.jpg,/home/divya/projects/IndianANPR/data/processed/m19_adaptation/labels/M18_0045.txt,6,2
road_r07_M18_0045,road,/home/divya/projects/IndianANPR/data/processed/m19_adaptation/images/M18_0045.jpg,/home/divya/projects/IndianANPR/data/processed/m19_adaptation/labels/M18_0045.txt,7,2
road_r08_M18_0045,road,/home/divya/projects/IndianANPR/data/processed/m19_adaptation/images/M18_0045.jpg,/home/divya/projects/IndianANPR/data/processed/m19_adaptation/labels/M18_0045.txt,8,2
road_r09_M18_0045,road,/home/divya/projects/IndianANPR/data/processed/m19_adaptation/images/M18_0045.jpg,/home/divya/projects/IndianANPR/data/processed/m19_adaptation/labels/M18_0045.txt,9,2
road_r10_M18_0045,road,/home/divya/projects/IndianANPR/data/processed/m19_adaptation/images/M18_0045.jpg,/home/divya/projects/IndianANPR/data/processed/m19_adaptation/labels/M18_0045.txt,10,2
road_r11_M18_0045,road,/home/divya/projects/IndianANPR/data/processed/m19_adaptation/images/M18_0045.jpg,/home/divya/projects/IndianANPR/data/processed/m19_adaptation/labels/M18_0045.txt,11,2
road_r12_M18_0045,road,/home/divya/projects/IndianANPR/data/processed/m19_adaptation/images/M18_0045.jpg,/home/divya/projects/IndianANPR/data/processed/m19_adaptation/labels/M18_0045.txt,12,2
road_r13_M18_0045,road,/home/divya/projects/IndianANPR/data/processed/m19_adaptation/images/M18_0045.jpg,/home/divya/projects/IndianANPR/data/processed/m19_adaptation/labels/M18_0045.txt,13,2
road_r14_M18_0045,road,/home/divya/projects/IndianANPR/data/processed/m19_adaptation/images/M18_0045.jpg,/home/divya/projects/IndianANPR/data/processed/m19_adaptation/labels/M18_0045.txt,14,2
road_r15_M18_0045,road,/home/divya/projects/IndianANPR/data/processed/m19_adaptation/images/M18_0045.jpg,/home/divya/projects/IndianANPR/data/processed/m19_adaptation/labels/M18_0045.txt,15,2
road_r16_M18_0045,road,/home/divya/projects/IndianANPR/data/processed/m19_adaptation/images/M18_0045.jpg,/home/divya/projects/IndianANPR/data/processed/m19_adaptation/labels/M18_0045.txt,16,2
road_r17_M18_0045,road,/home/divya/projects/IndianANPR/data/processed/m19_adaptation/images/M18_0045.jpg,/home/divya/projects/IndianANPR/data/processed/m19_adaptation/labels/M18_0045.txt,17,2
road_r18_M18_0045,road,/home/divya/projects/IndianANPR/data/processed/m19_adaptation/images/M18_0045.jpg,/home/divya/projects/IndianANPR/data/processed/m19_adaptation/labels/M18_0045.txt,18,2
road_r19_M18_0045,road,/home/divya/projects/IndianANPR/data/processed/m19_adaptation/images/M18_0045.jpg,/home/divya/projects/IndianANPR/data/processed/m19_adaptation/labels/M18_0045.txt,19,2
road_r20_M18_0045,road,/home/divya/projects/IndianANPR/data/processed/m19_adaptation/images/M18_0045.jpg,/home/divya/projects/IndianANPR/data/processed/m19_adaptation/labels/M18_0045.txt,20,2
road_r01_M18_0048,road,/home/divya/projects/IndianANPR/data/processed/m19_adaptation/images/M18_0048.jpg,/home/divya/projects/IndianANPR/data/processed/m19_adaptation/labels/M18_0048.txt,1,1
road_r02_M18_0048,road,/home/divya/projects/IndianANPR/data/processed/m19_adaptation/images/M18_0048.jpg,/home/divya/projects/IndianANPR/data/processed/m19_adaptation/labels/M18_0048.txt,2,1
road_r03_M18_0048,road,/home/divya/projects/IndianANPR/data/processed/m19_adaptation/images/M18_0048.jpg,/home/divya/projects/IndianANPR/data/processed/m19_adaptation/labels/M18_0048.txt,3,1
road_r04_M18_0048,road,/home/divya/projects/IndianANPR/data/processed/m19_adaptation/images/M18_0048.jpg,/home/divya/projects/IndianANPR/data/processed/m19_adaptation/labels/M18_0048.txt,4,1
road_r05_M18_0048,road,/home/divya/projects/IndianANPR/data/processed/m19_adaptation/images/M18_0048.jpg,/home/divya/projects/IndianANPR/data/processed/m19_adaptation/labels/M18_0048.txt,5,1
road_r06_M18_0048,road,/home/divya/projects/IndianANPR/data/processed/m19_adaptation/images/M18_0048.jpg,/home/divya/projects/IndianANPR/data/processed/m19_adaptation/labels/M18_0048.txt,6,1
road_r07_M18_0048,road,/home/divya/projects/IndianANPR/data/processed/m19_adaptation/images/M18_0048.jpg,/home/divya/projects/IndianANPR/data/processed/m19_adaptation/labels/M18_0048.txt,7,1
road_r08_M18_0048,road,/home/divya/projects/IndianANPR/data/processed/m19_adaptation/images/M18_0048.jpg,/home/divya/projects/IndianANPR/data/processed/m19_adaptation/labels/M18_0048.txt,8,1
road_r09_M18_0048,road,/home/divya/projects/IndianANPR/data/processed/m19_adaptation/images/M18_0048.jpg,/home/divya/projects/IndianANPR/data/processed/m19_adaptation/labels/M18_0048.txt,9,1
road_r10_M18_0048,road,/home/divya/projects/IndianANPR/data/processed/m19_adaptation/images/M18_0048.jpg,/home/divya/projects/IndianANPR/data/processed/m19_adaptation/labels/M18_0048.txt,10,1
road_r11_M18_0048,road,/home/divya/projects/IndianANPR/data/processed/m19_adaptation/images/M18_0048.jpg,/home/divya/projects/IndianANPR/data/processed/m19_adaptation/labels/M18_0048.txt,11,1
road_r12_M18_0048,road,/home/divya/projects/IndianANPR/data/processed/m19_adaptation/images/M18_0048.jpg,/home/divya/projects/IndianANPR/data/processed/m19_adaptation/labels/M18_0048.txt,12,1
road_r13_M18_0048,road,/home/divya/projects/IndianANPR/data/processed/m19_adaptation/images/M18_0048.jpg,/home/divya/projects/IndianANPR/data/processed/m19_adaptation/labels/M18_0048.txt,13,1
road_r14_M18_0048,road,/home/divya/projects/IndianANPR/data/processed/m19_adaptation/images/M18_0048.jpg,/home/divya/projects/IndianANPR/data/processed/m19_adaptation/labels/M18_0048.txt,14,1
road_r15_M18_0048,road,/home/divya/projects/IndianANPR/data/processed/m19_adaptation/images/M18_0048.jpg,/home/divya/projects/IndianANPR/data/processed/m19_adaptation/labels/M18_0048.txt,15,1
road_r16_M18_0048,road,/home/divya/projects/IndianANPR/data/processed/m19_adaptation/images/M18_0048.jpg,/home/divya/projects/IndianANPR/data/processed/m19_adaptation/labels/M18_0048.txt,16,1
road_r17_M18_0048,road,/home/divya/projects/IndianANPR/data/processed/m19_adaptation/images/M18_0048.jpg,/home/divya/projects/IndianANPR/data/processed/m19_adaptation/labels/M18_0048.txt,17,1
road_r18_M18_0048,road,/home/divya/projects/IndianANPR/data/processed/m19_adaptation/images/M18_0048.jpg,/home/divya/projects/IndianANPR/data/processed/m19_adaptation/labels/M18_0048.txt,18,1
road_r19_M18_0048,road,/home/divya/projects/IndianANPR/data/processed/m19_adaptation/images/M18_0048.jpg,/home/divya/projects/IndianANPR/data/processed/m19_adaptation/labels/M18_0048.txt,19,1
road_r20_M18_0048,road,/home/divya/projects/IndianANPR/data/processed/m19_adaptation/images/M18_0048.jpg,/home/divya/projects/IndianANPR/data/processed/m19_adaptation/labels/M18_0048.txt,20,1
